# Mars Odyssey range data
#
# These represent a round-trip light time for range measurements
# by the NASA Deep Space Network to the 2001 Mars Odyssey spacecraft.
#
# Since range measurement errors are dominated by error in calibration of
# the signal delay through the tracking station prior to each tracking pass,
# there is effectively only one independent range point for each pass.
# This file therefore contains only one range point for each tracking pass.
#
# See P. Kuchynka et al.,
# Station-speciic errors in Mars ranging measurements,
# JPL IPN Progress report 42-190, 15 August 2012
# http://ipnpr/progress_report/42-190/190C.pdf
#
# The measured range to the spacecraft has been adjusted to the Mars system barycenter
# by an estimate of the spacecraft orbit derived from Doppler tracking.
# Users of these reduced data are requested to reference the paper
# A. S. Konopliv et al., Icarues volume 211, pages 401-428, 2011.
#
# A calibration for the tropospheric and ionospheric path delay
# at the DSN stations has been applied based on calibration
# data specific to the time of each measurement.
#
# No calibration or model for solar plasma has been applied.
# The measurements are all at X-band, with Earth-to-spacecraft signals sent
# at ~7.2GHz, and spacecraft-to-Earth signals sent at ~8.4 GHz.
#
# A calibration for the electronic delay in the spacecraft transponder
# has been applied to each measurement. Similarly a calibration for the
# DSN tracking station measured for each tracking pass has been applied.
# However, the electronic delay calibrations are not perfect. A constant correction
# to the spacecraft transponder delay is typically estimated for the data arc used.
# The DSN station delay calibration is typically accurate to seven nanoseconds.
#
# The DSN delay calibration error is common to all measurements in the tracking pass,
# so the errors are correlated. There is additional noise in each range measurement,
# due to the signal strength, which is typically about two nanoseconds.
# The station delay calibration accuray has been studied in a report available at
# http://ipnpr.jpl.nasa.gov/progress_report/42-190/190C.pdf
#
# Note that the DSN tracking station DSS 65 was moved by ~60 meters in March 2005
# so the pre-move location should be used for measurements prior to that date.
#
# The time tags for measurements from stations DSS 24, 25, and 26
# need to be corrected (reduced) by 77 microseconds to account for
# the long cable path between those stations and the measurements electronics
# about 14 km away. The time at which the radio signal was received at the station
# is earlier than the measurement time tag by that time delay.
#
#  The table columns are;
#   Column 1 is a spacecraft identifier (1 for VL1, 2 for VL2, 3 for MPF, 4 for MGS, 5 for ODY, 6 for MRO)
#   Column 2 is the DSN transmitting station ID
#   Column 3 is the DSN receiving station ID
#   Column 4-6 are the UTC date at station reception
#   Column 7 is the UTC time at station reception
#   Column 8 is the adjusted round-trip light time in microseconds
#               from the DSN station to the Mars barycenter and back
#
 5 63 63 2002 FEB 19 21:14:32  1866889138.621   0
 5 15 15 2002 FEB 19 23:34:31  1867583922.404   0
 5 65 65 2002 FEB 20 15:13:22  1872428199.488   0
 5 14 14 2002 FEB 20 22:55:13  1874806340.605   0
 5 63 63 2002 FEB 21 16:47:52  1880332026.857   0
 5 63 63 2002 FEB 22 11:42:08  1886182836.176   0
 5 14 14 2002 FEB 22 23:14:28  1889720921.672   0
 5 63 63 2002 FEB 23 16:49:09  1895137666.497   0
 5 63 63 2002 FEB 24 14:04:08  1901677041.400   0
 5 15 15 2002 FEB 24 22:12:48  1904176313.327   0
 5 14 14 2002 FEB 25 22:42:43  1911695912.551   0
 5 14 14 2002 FEB 27 21:15:42  1925956628.522   0
 5 63 63 2002 MAR 01 14:34:58  1938572548.219   0
 5 45 45 2002 MAR 02 08:44:19  1944123071.193   0
 5 15 15 2002 MAR 02 22:28:33  1948283966.693   0
 5 45 45 2002 MAR 04 04:56:08  1957550337.423   0
 5 63 63 2002 MAR 04 19:21:25  1961929121.947   0
 5 25 25 2002 MAR 05 03:17:21  1964335874.976  77
 5 15 15 2002 MAR 05 19:53:58  1969359953.757   0
 5 14 14 2002 MAR 07 00:58:29  1978138427.143   0
 5 63 63 2002 MAR 07 18:47:46  1983521047.993   0
 5 63 63 2002 MAR 08 14:09:20  1989342074.813   0
 5 14 14 2002 MAR 08 21:26:54  1991534369.346   0
 5 63 63 2002 MAR 09 14:02:24  1996518511.326   0
 5 14 14 2002 MAR 09 20:40:40  1998512382.338   0
 5 63 63 2002 MAR 10 12:18:36  2003202593.794   0
 5 63 63 2002 MAR 11 13:39:00  2010772807.523   0
 5 63 63 2002 MAR 12 14:11:15  2018088455.757   0
 5 14 14 2002 MAR 12 23:39:33  2020904622.196   0
 5 63 63 2002 MAR 13 17:35:42  2026240400.493   0
 5 14 14 2002 MAR 13 23:08:05  2027878703.547   0
 5 63 63 2002 MAR 14 17:15:46  2033255867.094   0
 5 45 45 2002 MAR 15 04:12:42  2036504643.235   0
 5 63 63 2002 MAR 15 15:56:05  2039955590.061   0
 5 14 14 2002 MAR 15 21:50:59  2041701155.808   0
 5 63 63 2002 MAR 16 14:26:53  2046593692.949   0
 5 14 14 2002 MAR 16 21:41:49  2048726036.753   0
 5 63 63 2002 MAR 17 14:21:24  2053621432.432   0
 5 14 14 2002 MAR 18 01:17:40  2056832305.347   0
 5 63 63 2002 MAR 18 15:32:13  2060997672.057   0
 5 25 25 2002 MAR 19 01:43:03  2063980316.976  77
 5 63 63 2002 MAR 19 15:02:45  2067863223.716   0
 5 14 14 2002 MAR 21 00:46:33  2077677114.424   0
 5 63 63 2002 MAR 21 15:08:02  2081837247.533   0
 5 63 63 2002 MAR 22 12:53:36  2088135606.969   0
 5 14 14 2002 MAR 22 20:43:20  2090392140.835   0
 5 63 63 2002 MAR 23 13:42:36  2095284213.456   0
 5 14 14 2002 MAR 23 20:20:51  2097195559.701   0
 5 14 14 2002 MAR 24 20:22:14  2104087549.791   0
 5 65 65 2002 MAR 25 13:42:50  2109045574.568   0
 5 63 63 2002 MAR 25 17:51:54  2110234870.431   0
 5 63 63 2002 MAR 26 13:56:18  2115952627.142   0
 5 14 14 2002 MAR 27 21:50:13  2125008959.246   0
 5 63 63 2002 MAR 28 14:34:07  2129744042.149   0
 5 63 63 2002 MAR 29 14:16:12  2136430768.462   0
 5 14 14 2002 MAR 29 21:51:34  2138565386.629   0
 5 63 63 2002 MAR 30 14:34:35  2143262320.389   0
 5 14 14 2002 MAR 30 20:27:05  2144913938.966   0
 5 63 63 2002 MAR 31 12:37:18  2149443303.576   0
 5 25 25 2002 MAR 31 22:22:40  2152161174.956  77
 5 63 63 2002 APR 01 13:26:38  2156366656.677   0
 5 14 14 2002 APR 03 19:20:36  2171320055.617   0
 5 63 63 2002 APR 08 17:01:42  2203463451.064   0
 5 15 15 2002 APR 08 20:19:17  2204353505.551   0
 5 14 14 2002 APR 09 02:31:00  2206035668.397   0
 5 63 63 2002 APR 09 16:54:06  2209898689.600   0
 5 14 14 2002 APR 10 22:30:38  2217833390.274   0
 5 63 63 2002 APR 11 14:38:39  2222140462.967   0
 5 25 25 2002 APR 11 20:54:37  2223810497.509  77
 5 63 63 2002 APR 12 14:32:53  2228493394.088   0
 5 14 14 2002 APR 12 22:07:58  2230501263.109   0
 5 63 63 2002 APR 13 12:42:39  2234359594.318   0
 5 14 14 2002 APR 13 20:53:30  2236512466.569   0
 5 63 63 2002 APR 14 18:10:52  2242114208.760   0
 5 14 14 2002 APR 14 22:48:02  2243313389.173   0
 5 63 63 2002 APR 15 12:56:08  2247013668.775   0
 5 63 63 2002 APR 16 13:09:26  2253317197.740   0
 5 14 14 2002 APR 16 21:09:52  2255391102.573   0
 5 63 63 2002 APR 17 19:09:42  2261091347.392   0
 5 63 63 2002 APR 18 17:52:00  2266919489.849   0
 5 14 14 2002 APR 19 02:29:40  2269136051.433   0
 5 63 63 2002 APR 19 11:16:38  2271377300.024   0
 5 14 14 2002 APR 19 20:18:59  2273673460.526   0
 5 63 63 2002 APR 20 17:24:17  2279034201.642   0
 5 25 25 2002 APR 21 00:26:26  2280812884.776  77
 5 63 63 2002 APR 21 12:13:08  2283791630.768   0
 5 63 63 2002 APR 22 11:00:28  2289531088.258   0
 5 25 25 2002 APR 22 23:32:57  2292658793.320  77
 5 45 45 2002 APR 23 07:46:23  2294740442.132   0
 5 63 63 2002 APR 23 11:36:19  2295678464.762   0
 5 14 14 2002 APR 23 18:28:49  2297394928.658   0
 5 14 14 2002 APR 24 19:28:21  2303589258.805   0
 5 63 63 2002 APR 25 16:18:08  2308722600.686   0
 5 25 25 2002 APR 25 22:33:57  2310259266.397  77
 5 63 63 2002 APR 26 13:14:53  2313862587.186   0
 5 63 63 2002 APR 27 11:55:38  2319402638.928   0
 5 63 63 2002 APR 28 15:12:34  2326010438.716   0
 5 45 45 2002 APR 30 05:45:30  2335297456.386   0
 5 63 63 2002 APR 30 12:40:55  2336936106.693   0
 5 14 14 2002 APR 30 16:29:43  2337870472.935   0
 5 63 63 2002 MAY 01 15:16:11  2343256992.267   0
 5 63 63 2002 MAY 02 14:52:52  2348834621.125   0
 5 63 63 2002 MAY 03 14:33:46  2354392007.775   0
 5 14 14 2002 MAY 04 22:40:28  2361866710.216   0
 5 63 63 2002 MAY 05 11:41:32  2364885961.548   0
 5 14 14 2002 MAY 05 22:27:27  2367357443.872   0
 5 63 63 2002 MAY 06 13:19:06  2370770914.637   0
 5 63 63 2002 MAY 07 12:03:04  2375963274.778   0
 5 14 14 2002 MAY 07 19:21:30  2377623577.139   0
 5 14 14 2002 MAY 08 20:16:25  2383249517.030   0
 5 63 63 2002 MAY 09 16:36:00  2387810950.372   0
 5 63 63 2002 MAY 10 14:25:58  2392670666.333   0
 5 63 63 2002 MAY 11 13:31:23  2397776979.238   0
 5 14 14 2002 MAY 12 21:47:06  2404840849.961   0
 5 63 63 2002 MAY 13 13:33:56  2408269667.038   0
 5 63 63 2002 MAY 14 13:09:49  2413359506.828   0
 5 14 14 2002 MAY 14 22:37:49  2415386717.195   0
 5 63 63 2002 MAY 15 12:17:28  2418307829.505   0
 5 14 14 2002 MAY 15 22:01:26  2420371000.150   0
 5 65 65 2002 MAY 16 12:17:33  2423395657.430   0
 5 63 63 2002 MAY 16 15:52:18  2424148011.338   0
 5 14 14 2002 MAY 16 19:24:13  2424895684.080   0
 5 63 63 2002 MAY 17 10:56:36  2428162423.967   0
 5 14 14 2002 MAY 17 20:23:53  2430127433.556   0
 5 63 63 2002 MAY 18 13:36:08  2433701672.947   0
 5 14 14 2002 MAY 19 20:52:25  2440139473.526   0
 5 45 45 2002 MAY 20 06:00:38  2442028544.997   0
 5 63 63 2002 MAY 20 14:07:17  2443656956.676   0
 5 63 63 2002 MAY 21 17:00:47  2449101012.295   0
 5 14 14 2002 MAY 22 17:03:51  2453929107.723   0
 5 63 63 2002 MAY 23 16:51:29  2458632106.915   0
 5 14 14 2002 MAY 24 02:21:26  2460515498.281   0
 5 45 45 2002 MAY 24 05:55:57  2461221862.200   0
 5 63 63 2002 MAY 24 14:05:07  2462796601.195   0
 5 63 63 2002 MAY 25 14:05:12  2467469323.981   0
 5 25 25 2002 MAY 25 22:54:24  2469175389.468  77
 5 63 63 2002 MAY 26 11:04:08  2471526515.914   0
 5 63 63 2002 MAY 28 14:00:26  2481196670.043   0
 5 25 25 2002 MAY 28 21:43:11  2482643197.312  77
 5 63 63 2002 MAY 30 13:53:23  2490105017.322   0
 5 63 63 2002 MAY 31 09:45:30  2493763955.301   0
 5 63 63 2002 JUN 02 11:51:44  2502788117.268   0
 5 63 63 2002 JUN 03 10:47:27  2506858251.248   0
 5 63 63 2002 JUN 08 12:44:20  2527699169.331   0
 5 63 63 2002 JUN 10 16:10:17  2536096201.209   0
 5 63 63 2002 JUN 11 11:21:02  2539166357.734   0
 5 14 14 2002 JUN 13 02:21:23  2545314948.541   0
 5 14 14 2002 JUN 14 02:01:48  2548965841.473   0
 5 63 63 2002 JUN 14 18:59:45  2551554709.684   0
 5 14 14 2002 JUN 14 22:31:46  2552067930.283   0
 5 14 14 2002 JUN 16 00:15:43  2555936358.459   0
 5 63 63 2002 JUN 16 17:17:54  2558461888.493   0
 5 14 14 2002 JUN 17 00:08:38  2559463535.209   0
 5 63 63 2002 JUN 17 12:08:50  2561212432.591   0
 5 34 34 2002 JUN 18 02:00:14  2563237688.767   0
 5 63 63 2002 JUN 18 18:30:10  2565600488.303   0
 5 63 63 2002 JUN 19 15:32:25  2568563056.258   0
 5 14 14 2002 JUN 21 02:29:58  2573442399.230   0
 5 63 63 2002 JUN 21 14:54:59  2575117736.860   0
 5 63 63 2002 JUN 22 11:43:28  2577933889.297   0
 5 14 14 2002 JUN 22 16:43:05  2578618023.283   0
 5 63 63 2002 JUN 23 13:25:05  2581347403.631   0
 5 63 63 2002 JUN 24 11:25:03  2584229795.924   0
 5 14 14 2002 JUN 27 00:03:58  2591927618.301   0
 5 63 63 2002 JUN 28 13:28:05  2596492215.349   0
 5 63 63 2002 JUN 29 13:10:49  2599321465.671   0
 5 63 63 2002 JUN 30 08:39:10  2601625832.840   0
 5 65 65 2002 JUN 30 17:29:04  2602640651.574   0
 5 14 14 2002 JUN 30 23:22:01  2603308307.392   0
 5 63 63 2002 JUL 01 13:34:45  2604926215.826   0
 5 63 63 2002 JUL 02 14:42:03  2607746091.234   0
 5 14 14 2002 JUL 03 20:17:07  2610983644.652   0
 5 63 63 2002 JUL 05 13:41:50  2615370215.082   0
 5 14 14 2002 JUL 06 19:29:53  2618420342.942   0
 5 63 63 2002 JUL 07 13:06:10  2620177032.868   0
 5 63 63 2002 JUL 08 12:59:04  2622510753.328   0
 5 63 63 2002 JUL 09 12:29:54  2624751056.607   0
 5 14 14 2002 JUL 09 20:07:17  2625463485.528   0
 5 14 14 2002 JUL 10 21:15:34  2627772683.892   0
 5 63 63 2002 JUL 11 16:52:41  2629541373.217   0
 5 63 63 2002 JUL 12 14:37:24  2631430441.762   0
 5 14 14 2002 JUL 12 22:46:52  2632131112.792   0
 5 63 63 2002 JUL 16 17:56:54  2639483192.529   0
 5 63 63 2002 JUL 17 17:45:25  2641252419.567   0
 5 63 63 2002 JUL 19 17:02:25  2644586615.234   0
 5 63 63 2002 JUL 21 10:34:58  2647319625.404   0
 5 25 25 2002 SEP 07 19:52:47  2646766760.583  77
 5 63 63 2002 SEP 08 13:40:09  2645560689.614   0
 5 15 15 2002 SEP 08 19:20:57  2645161805.083   0
 5 63 63 2002 SEP 09 13:53:13  2643853168.088   0
 5 63 63 2002 SEP 10 15:00:54  2642012747.912   0
 5 63 63 2002 SEP 11 17:15:57  2640021165.740   0
 5 15 15 2002 SEP 11 20:22:11  2639751562.893   0
 5 63 63 2002 SEP 13 15:54:58  2636243273.407   0
 5 63 63 2002 SEP 14 15:32:47  2634235767.647   0
 5 63 63 2002 SEP 15 15:31:49  2632134759.735   0
 5 63 63 2002 SEP 16 13:32:59  2630137020.505   0
 5 25 25 2002 SEP 16 20:53:09  2629460319.275  77
 5 63 63 2002 SEP 17 12:40:22  2627987890.526   0
 5 63 63 2002 SEP 18 16:40:17  2625328464.179   0
 5 63 63 2002 SEP 19 12:44:39  2623329285.383   0
 5 63 63 2002 SEP 20 15:58:37  2620589659.644   0
 5 63 63 2002 SEP 21 14:03:25  2618280784.184   0
 5 15 15 2002 SEP 21 19:32:49  2617693426.596   0
 5 63 63 2002 SEP 22 15:26:23  2615579946.166   0
 5 63 63 2002 SEP 23 13:28:32  2613157513.582   0
 5 25 25 2002 SEP 23 19:09:42  2612520685.903  77
 5 63 63 2002 SEP 24 10:54:04  2610756393.358   0
 5 63 63 2002 SEP 25 09:03:36  2608227141.817   0
 5 63 63 2002 SEP 27 10:12:33  2602396917.686   0
 5 15 15 2002 SEP 27 16:08:10  2601681274.860   0
 5 63 63 2002 SEP 28 15:24:31  2598817449.945   0
 5 63 63 2002 SEP 29 13:22:56  2596037267.074   0
 5 63 63 2002 SEP 30 14:51:18  2592765330.669   0
 5 14 14 2002 OCT 02 19:06:24  2585786284.183   0
 5 63 63 2002 OCT 03 12:24:47  2583411866.257   0
 5 63 63 2002 OCT 04 06:41:09  2580883519.975   0
 5 63 63 2002 OCT 05 11:40:11  2576739181.779   0
 5 14 14 2002 OCT 05 21:31:52  2575319829.969   0
 5 63 63 2002 OCT 06 13:21:33  2573006525.744   0
 5 14 14 2002 OCT 06 19:45:24  2572058248.755   0
 5 63 63 2002 OCT 07 13:16:14  2569458301.103   0
 5 63 63 2002 OCT 08 10:59:25  2566173496.280   0
 5 14 14 2002 OCT 08 18:34:33  2565012666.791   0
 5 14 14 2002 OCT 09 20:34:37  2560994528.081   0
 5 63 63 2002 OCT 11 10:06:17  2555052148.118   0
 5 14 14 2002 OCT 11 20:11:22  2553427339.230   0
 5 63 63 2002 OCT 12 11:50:09  2550884880.213   0
 5 14 14 2002 OCT 12 19:51:23  2549569891.502   0
 5 63 63 2002 OCT 13 13:07:25  2546721322.459   0
 5 14 14 2002 OCT 13 23:09:30  2545062911.571   0
 5 63 63 2002 OCT 14 11:00:43  2543052084.031   0
 5 63 63 2002 OCT 15 10:40:54  2539029118.265   0
 5 14 14 2002 OCT 15 20:47:39  2537294724.529   0
 5 14 14 2002 OCT 16 16:56:50  2533795242.573   0
 5 63 63 2002 OCT 18 10:26:03  2526456067.776   0
 5 14 14 2002 OCT 18 19:57:16  2524745358.234   0
 5 63 63 2002 OCT 19 09:44:47  2522250977.094   0
 5 14 14 2002 OCT 19 19:44:30  2520427371.362   0
 5 63 63 2002 OCT 20 11:25:37  2517547405.592   0
 5 14 14 2002 OCT 20 19:34:06  2516040675.906   0
 5 63 63 2002 OCT 21 13:04:24  2512784721.064   0
 5 45 45 2002 OCT 21 22:47:22  2510956134.470   0
 5 63 63 2002 OCT 22 09:18:11  2508971430.188   0
 5 14 14 2002 OCT 22 19:18:58  2507064764.625   0
 5 63 63 2002 OCT 24 09:56:05  2499626849.828   0
 5 45 45 2002 OCT 24 22:32:38  2497163127.803   0
 5 63 63 2002 OCT 25 07:45:45  2495358986.765   0
 5 63 63 2002 OCT 26 13:10:59  2489509604.508   0
 5 45 45 2002 OCT 26 23:20:19  2487461309.817   0
 5 63 63 2002 OCT 27 08:53:03  2485539943.219   0
 5 14 14 2002 OCT 27 17:16:42  2483831820.244   0
 5 45 45 2002 OCT 27 21:47:12  2482919467.445   0
 5 63 63 2002 OCT 28 13:09:10  2479776637.167   0
 5 63 63 2002 OCT 29 06:34:46  2476189429.078   0
 5 14 14 2002 OCT 30 17:53:58  2468776877.993   0
 5 63 63 2002 NOV 01 12:25:18  2459701671.137   0
 5 14 14 2002 NOV 01 17:56:57  2458500738.902   0
 5 63 63 2002 NOV 02 11:53:25  2454603642.026   0
 5 63 63 2002 NOV 11 10:30:39  2405273970.174   0
 5 63 63 2002 NOV 12 12:23:30  2399010265.691   0
 5 25 25 2002 NOV 13 15:46:16  2392304161.397  77
 5 63 63 2002 NOV 14 10:18:19  2387722589.315   0
 5 63 63 2002 NOV 16 09:53:24  2375812507.692   0
 5 14 14 2002 NOV 16 17:13:21  2373955387.778   0
 5 63 63 2002 NOV 17 12:49:56  2368979916.926   0
 5 45 45 2002 NOV 18 02:43:33  2365417898.869   0
 5 63 63 2002 NOV 18 12:19:37  2362956371.317   0
 5 63 63 2002 NOV 19 10:11:21  2357301549.454   0
 5 45 45 2002 NOV 19 22:30:25  2354091320.172   0
 5 63 63 2002 NOV 20 10:04:14  2351078554.899   0
 5 14 14 2002 NOV 20 16:40:26  2349346743.746   0
 5 45 45 2002 NOV 20 20:38:20  2348309503.934   0
 5 14 14 2002 NOV 21 17:57:27  2342683620.905   0
 5 63 63 2002 NOV 22 09:51:58  2338463575.511   0
 5 34 34 2002 NOV 22 19:43:08  2335844361.694   0
 5 63 63 2002 NOV 23 09:06:47  2332251670.692   0
 5 14 14 2002 NOV 23 20:43:32  2329137242.306   0
 5 63 63 2002 NOV 24 07:14:17  2326299135.384   0
 5 14 14 2002 NOV 24 20:35:26  2322680587.239   0
 5 63 63 2002 NOV 25 08:57:35  2319306817.244   0
 5 63 63 2002 NOV 26 08:59:04  2312726723.569   0
 5 14 14 2002 NOV 26 20:26:59  2309574151.211   0
 5 14 14 2002 NOV 27 18:10:31  2303545452.327   0
 5 63 63 2002 NOV 28 10:08:53  2299094388.573   0
 5 14 14 2002 NOV 28 19:41:47  2296424357.605   0
 5 63 63 2002 NOV 29 08:05:03  2292943631.040   0
 5 14 14 2002 NOV 29 17:36:37  2290251325.578   0
 5 63 63 2002 NOV 30 11:45:45  2285116248.375   0
 5 14 14 2002 NOV 30 19:09:01  2283012022.234   0
 5 63 63 2002 DEC 01 12:25:29  2278085531.751   0
 5 14 14 2002 DEC 01 18:51:26  2276234624.260   0
 5 63 63 2002 DEC 02 10:35:00  2271712128.626   0
 5 34 34 2002 DEC 02 20:27:38  2268857562.102   0
 5 63 63 2002 DEC 03 10:18:19  2264846786.429   0
 5 14 14 2002 DEC 03 18:35:18  2262436857.353   0
 5 45 45 2002 DEC 04 00:03:39  2260830775.574   0
 5 14 14 2002 DEC 04 17:58:38  2255600887.146   0
 5 63 63 2002 DEC 05 11:31:57  2250445371.207   0
 5 14 14 2002 DEC 05 17:57:41  2248542894.484   0
 5 63 63 2002 DEC 06 11:15:59  2243424598.300   0
 5 14 14 2002 DEC 06 19:19:36  2241029373.008   0
 5 63 63 2002 DEC 07 11:22:12  2236246947.083   0
 5 14 14 2002 DEC 07 18:59:35  2233964553.141   0
 5 63 63 2002 DEC 08 10:40:55  2229256613.889   0
 5 14 14 2002 DEC 08 18:46:43  2226818048.284   0
 5 63 63 2002 DEC 09 10:23:08  2222104641.803   0
 5 45 45 2002 DEC 09 22:38:39  2218374823.293   0
 5 63 63 2002 DEC 10 08:47:27  2215303264.624   0
 5 14 14 2002 DEC 10 16:05:51  2213074183.488   0
 5 14 14 2002 DEC 11 17:49:05  2205202151.946   0
 5 14 14 2002 DEC 12 17:55:21  2197778695.326   0
 5 63 63 2002 DEC 13 09:14:57  2193037211.359   0
 5 14 14 2002 DEC 13 18:50:54  2190058186.100   0
 5 45 45 2002 DEC 13 22:45:38  2188826726.835   0
 5 63 63 2002 DEC 14 08:59:43  2185652997.773   0
 5 14 14 2002 DEC 14 20:48:29  2181976268.996   0
 5 63 63 2002 DEC 15 07:21:43  2178663293.258   0
 5 14 14 2002 DEC 15 18:23:00  2175198170.311   0
 5 63 63 2002 DEC 16 10:02:11  2170269746.352   0
 5 63 63 2002 DEC 17 10:07:42  2162648143.682   0
 5 14 14 2002 DEC 17 20:14:44  2159443556.239   0
 5 63 63 2002 DEC 18 09:53:01  2155091624.685   0
 5 14 14 2002 DEC 18 17:53:40  2152532380.368   0
 5 63 63 2002 DEC 19 07:24:03  2148216240.055   0
 5 14 14 2002 DEC 19 17:47:33  2144876375.073   0
 5 63 63 2002 DEC 20 09:20:48  2139873818.159   0
 5 14 14 2002 DEC 20 16:52:10  2137444373.737   0
 5 63 63 2002 DEC 21 10:57:59  2131596817.383   0
 5 14 14 2002 DEC 21 19:08:51  2128943401.101   0
 5 63 63 2002 DEC 22 10:52:28  2123828627.901   0
 5 63 63 2002 DEC 23 10:06:35  2116239462.837   0
 5 25 25 2002 DEC 23 18:24:02  2113522447.131  77
 5 63 63 2002 DEC 24 08:21:42  2108938494.947   0
 5 14 14 2002 DEC 24 19:34:02  2105254117.690   0
 5 63 63 2002 DEC 25 09:23:56  2100682396.528   0
 5 14 14 2002 DEC 25 18:10:25  2097778482.831   0
 5 14 14 2002 DEC 26 17:40:46  2089973929.756   0
 5 34 34 2002 DEC 26 23:17:25  2088091218.874   0
 5 63 63 2002 DEC 27 09:04:17  2084845898.540   0
 5 14 14 2002 DEC 27 15:31:51  2082686752.057   0
 5 63 63 2002 DEC 28 08:45:28  2076920708.907   0
 5 14 14 2002 DEC 28 17:00:52  2074146307.532   0
 5 63 63 2002 DEC 29 08:56:26  2068790686.686   0
 5 14 14 2002 DEC 29 18:22:45  2065607591.085   0
 5 63 63 2002 DEC 30 08:00:45  2060999578.228   0
 5 14 14 2002 DEC 30 14:17:46  2058872913.630   0
 5 63 63 2002 DEC 31 08:35:27  2052659638.881   0
 5 14 14 2002 DEC 31 18:16:16  2049364746.054   0
 5 63 63 2003 JAN 01 08:03:36  2044661890.844   0
 5 14 14 2003 JAN 01 16:12:10  2041874792.548   0
 5 63 63 2003 JAN 02 07:17:26  2036712972.457   0
 5 14 14 2003 JAN 02 17:22:18  2033247016.064   0
 5 63 63 2003 JAN 03 09:05:19  2027841659.807   0
 5 14 14 2003 JAN 03 17:04:37  2025084910.478   0
 5 63 63 2003 JAN 04 08:52:48  2019628239.894   0
 5 14 14 2003 JAN 04 18:18:50  2016363075.080   0
 5 63 63 2003 JAN 05 08:19:18  2011504027.727   0
 5 63 63 2003 JAN 06 08:39:52  2003034162.302   0
 5 14 14 2003 JAN 06 14:13:21  2001097964.219   0
 5 63 63 2003 JAN 07 11:40:31  1993606350.538   0
 5 14 14 2003 JAN 07 14:26:46  1992629520.169   0
 5 63 63 2003 JAN 09 09:16:39  1977581932.585   0
 5 63 63 2003 JAN 10 08:47:03  1969284529.965   0
 5 63 63 2003 JAN 11 12:19:17  1959542610.036   0
 5 14 14 2003 JAN 11 17:13:32  1957787405.638   0
 5 14 14 2003 JAN 12 16:55:55  1949355642.472   0
 5 63 63 2003 JAN 13 10:20:45  1943151133.481   0
 5 25 25 2003 JAN 13 16:24:02  1940983067.948  77
 5 63 63 2003 JAN 14 08:12:21  1935334304.445   0
 5 14 14 2003 JAN 15 17:18:45  1923457474.853   0
 5 63 63 2003 JAN 16 07:51:24  1918228374.138   0
 5 14 14 2003 JAN 16 13:17:53  1916273881.917   0
 5 63 63 2003 JAN 17 07:24:17  1909740188.987   0
 5 14 14 2003 JAN 17 16:26:56  1906468974.547   0
 5 63 63 2003 JAN 18 08:41:23  1900597806.064   0
 5 14 14 2003 JAN 18 16:40:21  1897703740.603   0
 5 63 63 2003 JAN 19 08:24:27  1892000098.823   0
 5 14 14 2003 JAN 19 16:25:12  1889087371.109   0
 5 63 63 2003 JAN 20 08:10:59  1883358962.558   0
 5 34 34 2003 JAN 20 19:59:48  1879042831.154   0
 5 63 63 2003 JAN 21 09:42:31  1874057968.386   0
 5 14 14 2003 JAN 21 17:19:57  1871271955.572   0
 5 63 63 2003 JAN 22 07:06:31  1866240477.855   0
 5 14 14 2003 JAN 22 15:30:03  1863164664.293   0
 5 63 63 2003 JAN 23 08:53:35  1856794879.324   0
 5 14 14 2003 JAN 23 13:11:29  1855223423.969   0
 5 63 63 2003 JAN 24 08:40:22  1848062952.307   0
 5 14 14 2003 JAN 24 16:22:29  1845227225.304   0
 5 63 63 2003 JAN 25 09:10:31  1839044010.874   0
 5 14 14 2003 JAN 25 15:05:54  1836857612.491   0
 5 63 63 2003 JAN 26 08:10:03  1830560038.005   0
 5 63 63 2003 JAN 27 08:16:21  1821645400.746   0
 5 63 63 2003 JAN 28 11:20:05  1811621350.066   0
 5 14 14 2003 JAN 28 17:34:38  1809295044.117   0
 5 63 63 2003 JAN 29 07:15:11  1804214453.886   0
 5 14 14 2003 JAN 29 15:20:54  1801199069.713   0
 5 63 63 2003 JAN 30 07:05:15  1795343133.250   0
 5 14 14 2003 JAN 30 17:09:05  1791588669.548   0
 5 63 63 2003 JAN 31 08:43:12  1785780889.582   0
 5 14 14 2003 JAN 31 16:42:01  1782797770.385   0
 5 63 63 2003 FEB 02 08:17:49  1767984446.755   0
 5 14 14 2003 FEB 02 16:04:38  1765065228.144   0
 5 63 63 2003 FEB 03 08:21:35  1758960539.828   0
 5 14 14 2003 FEB 03 13:58:13  1756854807.820   0
 5 45 45 2003 FEB 03 19:32:18  1754748833.106   0
 5 14 14 2003 FEB 04 15:36:49  1747215452.785   0
 5 63 63 2003 FEB 05 06:58:50  1741438757.658   0
 5 14 14 2003 FEB 06 13:34:16  1729914828.175   0
 5 63 63 2003 FEB 07 08:58:13  1722595883.380   0
 5 14 14 2003 FEB 07 12:43:22  1721185074.616   0
 5 34 34 2003 FEB 07 19:10:43  1718728194.567   0
 5 14 14 2003 FEB 08 15:59:06  1710878465.345   0
 5 14 14 2003 FEB 09 15:39:13  1701928200.491   0
 5 14 14 2003 FEB 13 15:21:24  1665657058.222   0
 5 14 14 2003 FEB 14 13:07:37  1657396979.049   0
 5 14 14 2003 FEB 15 15:54:47  1647213350.708   0
 5 14 14 2003 FEB 16 15:44:21  1638154708.675   0
 5 14 14 2003 FEB 17 14:01:36  1629678854.892   0
 5 14 14 2003 FEB 20 12:54:45  1602691116.093   0
 5 14 14 2003 FEB 23 15:40:08  1574178838.196   0
 5 14 14 2003 FEB 24 13:31:16  1565843517.285   0
 5 14 14 2003 FEB 25 13:23:15  1556734050.630   0
 5 14 14 2003 FEB 26 16:36:37  1546338357.577   0
 5 65 65 2003 FEB 27 10:23:24  1539557332.560   0
 5 25 25 2003 FEB 28 18:02:32  1527468494.241  77
 5 14 14 2003 MAR 01 15:46:32  1519161853.773   0
 5 14 14 2003 MAR 02 15:38:33  1510049135.854   0
 5 65 65 2003 MAR 03 07:48:22  1503881865.917   0
 5 14 14 2003 MAR 03 13:24:50  1501741597.195   0
 5 25 25 2003 MAR 05 17:03:41  1482036681.578  77
 5 65 65 2003 MAR 06 07:12:36  1476641528.508   0
 5 14 14 2003 MAR 06 14:52:22  1473717094.801   0
 5 14 14 2003 MAR 07 14:51:35  1464576815.027   0
 5 65 65 2003 MAR 08 06:44:45  1458530602.518   0
 5 65 65 2003 MAR 09 09:55:47  1448189275.083   0
 5 14 14 2003 MAR 09 15:27:30  1446077721.421   0
 5 14 14 2003 MAR 10 13:30:35  1437696174.320   0
 5 65 65 2003 MAR 12 06:36:16  1422092246.171   0
 5 14 14 2003 MAR 12 14:37:38  1419044808.441   0
 5 14 14 2003 MAR 13 14:39:14  1409936503.939   0
 5 65 65 2003 MAR 14 08:37:56  1403132115.264   0
 5 65 65 2003 MAR 15 08:06:06  1394251534.955   0
 5 14 14 2003 MAR 16 14:10:31  1382885291.169   0
 5 14 14 2003 MAR 17 13:14:50  1374181862.600   0
 5 14 14 2003 MAR 18 13:37:53  1364991060.773   0
 5 65 65 2003 MAR 19 07:10:19  1358389517.682   0
 5 14 14 2003 MAR 20 13:02:38  1347158748.722   0
 5 65 65 2003 MAR 21 07:58:02  1340053568.227   0
 5 65 65 2003 MAR 22 07:40:31  1331161735.890   0
 5 14 14 2003 MAR 22 12:22:44  1329401941.804   0
 5 25 25 2003 MAR 22 17:52:15  1327347772.969  77
 5 14 14 2003 MAR 23 15:14:41  1319336777.170   0
 5 14 14 2003 MAR 24 13:27:08  1311035132.897   0
 5 65 65 2003 MAR 25 07:09:18  1304425248.927   0
 5 14 14 2003 MAR 25 13:04:49  1302213730.627   0
 5 65 65 2003 MAR 27 08:16:06  1286122356.582   0
 5 14 14 2003 MAR 27 14:42:36  1283721518.968   0
 5 65 65 2003 MAR 28 06:40:28  1277790356.668   0
 5 65 65 2003 MAR 29 07:55:18  1268418616.196   0
 5 14 14 2003 MAR 29 12:28:11  1266733431.115   0
 5 65 65 2003 MAR 31 07:22:35  1250849338.325   0
 5 14 14 2003 MAR 31 13:25:27  1248613200.011   0
 5 14 14 2003 APR 01 14:44:59  1239266854.390   0
 5 14 14 2003 APR 03 14:29:02  1221708118.536   0
 5 45 45 2003 APR 04 00:05:01  1218177877.323   0
 5 65 65 2003 APR 04 07:59:06  1215293351.856   0
 5 34 34 2003 APR 04 16:19:35  1212234103.519   0
 5 65 65 2003 APR 05 07:39:12  1206628696.764   0
 5 14 14 2003 APR 06 14:02:37  1195529599.775   0
 5 65 65 2003 APR 07 07:23:15  1189215585.802   0
 5 14 14 2003 APR 07 12:50:13  1187232513.567   0
 5 34 34 2003 APR 07 16:56:55  1185730239.577   0
 5 65 65 2003 APR 08 06:44:16  1180728405.146   0
 5 14 14 2003 APR 08 12:39:49  1178578048.190   0
 5 14 14 2003 APR 09 14:40:19  1169152338.001   0
 5 65 65 2003 APR 10 06:47:45  1163327558.188   0
 5 14 14 2003 APR 10 12:40:53  1161202810.309   0
 5 14 14 2003 APR 11 13:38:59  1152202185.757   0
 5 14 14 2003 APR 12 14:11:29  1143382426.733   0
 5 14 14 2003 APR 13 13:58:42  1134858551.801   0
 5 14 14 2003 APR 14 11:42:41  1127098438.077   0
 5 14 14 2003 APR 15 14:41:36  1117476303.095   0
 5 65 65 2003 APR 17 06:19:29  1103412566.799   0
 5 14 14 2003 APR 17 14:18:25  1100584005.073   0
 5 14 14 2003 APR 19 14:11:56  1083689741.771   0
 5 14 14 2003 APR 20 15:00:28  1074977061.101   0
 5 25 25 2003 APR 21 13:32:01  1067087640.696  77
 5 65 65 2003 APR 23 06:46:55  1052701023.488   0
 5 25 25 2003 APR 24 12:20:14  1042436398.509  77
 5 25 25 2003 APR 25 13:35:02  1033696066.911  77
 5 63 63 2003 APR 26 05:44:49  1028121245.280   0
 5 63 63 2003 APR 27 07:09:07  1019377449.711   0
 5 63 63 2003 APR 28 05:31:12  1011704746.626   0
 5 63 63 2003 APR 29 06:43:36  1003085912.969   0
 5 45 45 2003 APR 29 16:57:01   999590124.947   0
 5 63 63 2003 APR 30 04:32:15   995657688.363   0
 5 63 63 2003 MAY 01 05:49:28   987068191.533   0
 5 63 63 2003 MAY 02 07:30:32   978381622.932   0
 5 63 63 2003 MAY 03 06:04:27   970776282.513   0
 5 63 63 2003 MAY 04 06:55:28   962434026.127   0
 5 63 63 2003 MAY 05 07:13:39   954308177.378   0
 5 14 14 2003 MAY 05 11:01:18   953046555.854   0
 5 63 63 2003 MAY 07 04:20:58   939310239.767   0
 5 25 25 2003 MAY 08 14:34:24   928003824.679  77
 5 63 63 2003 MAY 09 05:53:59   922967539.062   0
 5 63 63 2003 MAY 10 05:36:29   915200488.711   0
 5 25 25 2003 MAY 10 11:58:21   913120650.519  77
 5 63 63 2003 MAY 11 05:26:06   907427907.468   0
 5 63 63 2003 MAY 12 03:31:32   900257838.404   0
 5 63 63 2003 MAY 13 04:58:12   892022604.196   0
 5 14 14 2003 MAY 14 10:50:26   882413921.644   0
 5 63 63 2003 MAY 15 04:04:00   876893865.160   0
 5 65 65 2003 MAY 16 05:42:33   868706845.826   0
 5 15 15 2003 MAY 16 13:27:06   866240477.756   0
 5 63 63 2003 MAY 17 07:35:25   860489557.968   0
 5 15 15 2003 MAY 18 12:56:38   851208741.837   0
 5 45 45 2003 MAY 18 19:23:20   849163513.522   0
 5 63 63 2003 MAY 20 06:28:18   838176568.375   0
 5 14 14 2003 MAY 20 12:31:00   836284920.312   0
 5 65 65 2003 MAY 21 06:13:03   830768490.480   0
 5 14 14 2003 MAY 21 11:54:20   828998088.150   0
 5 63 63 2003 MAY 22 06:02:35   823369550.679   0
 5 14 14 2003 MAY 22 11:53:27   821557916.251   0
 5 63 63 2003 MAY 23 07:38:46   815460509.183   0
 5 25 25 2003 MAY 23 11:33:28   814251673.013  77
 5 63 63 2003 MAY 24 06:59:43   808277396.666   0
 5 14 14 2003 MAY 24 13:16:47   806345649.677   0
 5 65 65 2003 MAY 25 06:51:36   800972368.778   0
 5 63 63 2003 MAY 26 06:24:27   793798962.448   0
 5 34 34 2003 MAY 26 16:25:26   790750408.597   0
 5 63 63 2003 MAY 27 06:28:17   786505788.059   0
 5 25 25 2003 MAY 27 12:28:46   784687398.087  77
 5 63 63 2003 MAY 28 04:17:01   779928470.393   0
 5 14 14 2003 MAY 28 10:34:04   778041207.305   0
 5 15 15 2003 MAY 29 11:53:34   770447557.253   0
 5 63 63 2003 MAY 30 05:52:17   765088237.731   0
 5 14 14 2003 MAY 30 11:43:07   763348338.240   0
 5 63 63 2003 MAY 31 05:37:07   758040931.323   0
 5 14 14 2003 MAY 31 13:38:23   755666755.955   0
 5 63 63 2003 JUN 01 05:26:42   751009336.280   0
 5 14 14 2003 JUN 01 13:18:24   748695016.580   0
 5 14 14 2003 JUN 02 10:43:09   742427129.883   0
 5 63 63 2003 JUN 03 04:51:32   737135993.115   0
 5 14 14 2003 JUN 03 12:21:45   734952145.391   0
 5 34 34 2003 JUN 03 18:46:02   733080004.694   0
 5 14 14 2003 JUN 04 10:31:47   728539186.050   0
 5 63 63 2003 JUN 05 05:48:39   722982440.768   0
 5 14 14 2003 JUN 05 11:53:41   721233584.265   0
 5 63 63 2003 JUN 06 05:28:39   716202974.737   0
 5 63 63 2003 JUN 08 05:17:15   702636399.897   0
 5 14 14 2003 JUN 08 14:29:24   700045445.004   0
 5 63 63 2003 JUN 11 03:53:29   682922986.454   0
 5 25 25 2003 JUN 11 10:10:38   681188469.735  77
 5 63 63 2003 JUN 12 01:51:41   676875644.604   0
 5 34 34 2003 JUN 12 15:15:08   673190037.722   0
 5 63 63 2003 JUN 14 06:50:31   662417150.623   0
 5 45 45 2003 JUN 15 20:32:11   652252606.771   0
 5 14 14 2003 JUN 16 08:50:25   648986954.108   0
 5 34 34 2003 JUN 17 18:10:19   640110998.293   0
 5 65 65 2003 JUN 18 02:33:06   637920768.236   0
 5 65 65 2003 JUN 19 03:33:29   631352038.524   0
 5 25 25 2003 JUN 19 11:34:41   629253143.889  77
 5 63 63 2003 JUN 20 03:51:36   625019687.666   0
 5 65 65 2003 JUN 21 01:34:13   619413709.161   0
 5 63 63 2003 JUN 22 04:36:43   612463589.644   0
 5 14 14 2003 JUN 22 12:45:02   610384403.916   0
 5 45 45 2003 JUN 24 22:14:27   595881682.025   0
 5 63 63 2003 JUN 25 04:05:16   594422178.419   0
 5 14 14 2003 JUN 26 09:59:58   587007556.288   0
 5 25 25 2003 JUN 29 10:18:03   569421484.685  77
 5 14 14 2003 JUL 02 09:37:08   552576239.949   0
 5 63 63 2003 JUL 03 03:57:18   548325689.853   0
 5 15 15 2003 JUL 03 11:53:51   546493439.705   0
 5 14 14 2003 JUL 05 11:11:30   535739625.704   0
 5 14 14 2003 JUL 06 11:03:25   530404724.364   0
 5 63 63 2003 JUL 10 03:26:29   511202196.667   0
 5 63 63 2003 JUL 11 03:42:13   506085915.531   0
 5 14 14 2003 JUL 11 10:58:09   504564468.244   0
 5 65 65 2003 JUL 12 01:28:22   501559829.754   0
 5 14 14 2003 JUL 12 11:01:12   499581268.681   0
 5 14 14 2003 JUL 16 09:56:16   480596224.011   0
 5 63 63 2003 JUL 17 03:04:47   477288023.644   0
 5 34 34 2003 JUL 18 20:29:12   469447045.586   0
 5 25 25 2003 JUL 19 08:56:06   467139082.829  77
 5 34 34 2003 JUL 19 18:41:31   465328274.606   0
 5 14 14 2003 JUL 21 08:41:38   458464568.722   0
 5 14 14 2003 JUL 23 11:18:37   449616831.834   0
 5 63 63 2003 JUL 24 02:59:44   446955146.277   0
 5 63 63 2003 JUL 26 02:36:19   439097692.243   0
 5 14 14 2003 JUL 26 10:42:14   437793121.531   0
 5 63 63 2003 JUL 27 02:25:48   435298822.798   0
 5 14 14 2003 JUL 28 08:10:50   430686147.306   0
 5 63 63 2003 JUL 29 03:37:06   427747905.101   0
 5 63 63 2003 JUL 31 03:04:00   420850700.914   0
 5 25 25 2003 AUG 01 09:05:49   416688054.096  77
 5 63 63 2003 AUG 03 02:27:39   411226142.649   0
 5 65 65 2003 AUG 04 02:24:19   408208451.756   0
 5 34 34 2003 AUG 04 16:09:13   406510171.943   0
 5 34 34 2003 AUG 05 15:58:43   403677936.239   0
 5 14 14 2003 AUG 06 11:22:40   401467527.375   0
 5 65 65 2003 AUG 07 02:44:33   399757900.831   0
 5 14 14 2003 AUG 08 05:29:59   396906569.239   0
 5 14 14 2003 AUG 10 10:09:27   391669370.665   0
 5 34 34 2003 AUG 11 15:44:59   388973577.119   0
 5 34 34 2003 AUG 12 17:32:52   386788373.209   0
 5 24 24 2003 AUG 13 09:06:37   385543925.978  77
 5 15 15 2003 AUG 15 09:02:04   382016356.553   0
 5 63 63 2003 AUG 16 02:54:53   380834366.833   0
 5 14 14 2003 AUG 16 08:41:56   380460878.746   0
 5 65 65 2003 AUG 17 01:00:54   379464302.342   0
 5 14 14 2003 AUG 17 10:53:30   378889422.812   0
 5 65 65 2003 AUG 18 00:38:18   378124141.133   0
 5 63 63 2003 AUG 19 00:03:44   376922069.692   0
 5 15 15 2003 AUG 19 12:10:48   376357110.332   0
 5 65 65 2003 AUG 19 23:38:44   375840121.661   0
 5 63 63 2003 AUG 21 01:43:00   374792223.558   0
 5 24 24 2003 AUG 21 07:07:36   374594667.314  77
 5 45 45 2003 AUG 21 15:03:51   374303045.251   0
 5 15 15 2003 AUG 22 08:38:35   373757707.560   0
 5 34 34 2003 AUG 22 18:30:53   373478378.278   0
 5 14 14 2003 AUG 24 08:30:29   372615128.438   0
 5 63 63 2003 AUG 25 23:56:42   372096859.629   0
 5 14 14 2003 AUG 26 04:21:30   372074431.371   0
 5 63 63 2003 AUG 27 23:26:38   371977730.219   0
 5 63 63 2003 AUG 29 00:09:59   372135336.073   0
 5 14 14 2003 AUG 29 09:53:58   372240538.696   0
 5 14 14 2003 AUG 30 08:53:30   372576985.114   0
 5 24 24 2003 AUG 31 06:08:15   373009163.004  77
 5 14 14 2003 SEP 01 08:13:44   373687133.662   0
 5 63 63 2003 SEP 02 00:26:20   374197296.569   0
 5 34 34 2003 SEP 02 17:12:58   374785297.463   0
 5 14 14 2003 SEP 04 07:56:55   376417726.731   0
 5 25 25 2003 SEP 06 05:40:33   378810117.522  77
 5 45 45 2003 SEP 08 13:23:10   382373608.682   0
 5 65 65 2003 SEP 09 22:43:32   384879530.150   0
 5 34 34 2003 SEP 10 17:50:10   386424802.554   0
 5 34 34 2003 SEP 12 11:48:56   390082613.364   0
 5 63 63 2003 SEP 12 23:31:44   391194525.334   0
 5 34 34 2003 SEP 13 13:15:14   392501627.900   0
 5 63 63 2003 SEP 13 22:33:13   393439842.743   0
 5 14 14 2003 SEP 14 05:17:44   394118131.865   0
 5 63 63 2003 SEP 14 22:30:38   395899881.133   0
 5 63 63 2003 SEP 16 22:13:34   401172296.118   0
 5 15 15 2003 SEP 20 09:29:08   411538864.467   0
 5 63 63 2003 SEP 20 22:15:28   413246970.282   0
 5 14 14 2003 SEP 22 08:53:05   418071774.084   0
 5 63 63 2003 SEP 22 23:05:30   420113326.638   0
 5 45 45 2003 SEP 29 16:34:14   446089584.503   0
 5 63 63 2003 SEP 29 21:59:51   447038675.396   0
 5 24 24 2003 SEP 30 08:11:09   448850130.496  77
 5 63 63 2003 SEP 30 22:08:47   451349977.819   0
 5 14 14 2003 OCT 01 05:18:17   452643965.348   0
 5 14 14 2003 OCT 02 05:12:53   457037872.045   0
 5 63 63 2003 OCT 02 22:01:04   460184794.516   0
 5 14 14 2003 OCT 03 05:07:57   461526821.008   0
 5 65 65 2003 OCT 04 00:07:25   465164967.099   0
 5 14 14 2003 OCT 04 05:03:02   466107429.220   0
 5 63 63 2003 OCT 04 18:54:07   468812485.601   0
 5 14 14 2003 OCT 05 05:05:58   470803460.088   0
 5 63 63 2003 OCT 05 21:18:37   474022317.072   0
 5 14 14 2003 OCT 06 04:33:38   475470809.889   0
 5 63 63 2003 OCT 06 23:21:32   479275858.944   0
 5 14 14 2003 OCT 08 07:26:21   485880651.131   0
 5 65 65 2003 OCT 09 23:57:46   494439722.516   0
 5 14 14 2003 OCT 11 04:10:59   500526286.885   0
 5 14 14 2003 OCT 12 03:21:29   505616497.978   0
 5 34 34 2003 OCT 12 13:55:08   507953790.044   0
 5 34 34 2003 OCT 13 13:57:51   513345648.512   0
 5 63 63 2003 OCT 14 21:16:46   520487959.717   0
 5 14 14 2003 OCT 15 07:14:22   522789340.076   0
 5 14 14 2003 OCT 16 02:41:32   527309639.123   0
 5 63 63 2003 OCT 17 00:12:07   532376779.092   0
 5 14 14 2003 OCT 18 05:14:21   539286438.924   0
 5 34 34 2003 OCT 18 14:11:49   541443875.375   0
 5 14 14 2003 OCT 19 05:24:42   545129695.064   0
 5 63 63 2003 OCT 19 20:19:08   548771224.024   0
 5 14 14 2003 OCT 20 04:27:28   550766341.268   0
 5 25 25 2003 OCT 21 05:19:19   556922129.926  77
 5 63 63 2003 OCT 21 20:46:30   560786555.156   0
 5 14 14 2003 OCT 23 04:22:54   568771632.741   0
 5 63 63 2003 OCT 23 18:05:38   572283385.998   0
 5 14 14 2003 OCT 24 04:20:05   574902436.784   0
 5 14 14 2003 OCT 25 03:43:51   580953811.750   0
 5 14 14 2003 OCT 27 06:24:13   594272573.956   0
 5 55 55 2003 NOV 07 22:21:10   672416133.182   0
 5 63 63 2003 NOV 08 22:27:22   679477744.088   0
 5 14 14 2003 NOV 09 04:18:25   681191034.934   0
 5 14 14 2003 NOV 10 05:02:19   688502082.414   0
 5 14 14 2003 NOV 11 03:48:26   695274109.690   0
 5 14 14 2003 NOV 12 04:48:59   702767543.404   0
 5 34 34 2003 NOV 12 11:15:36   704699381.437   0
 5 34 34 2003 NOV 13 10:57:15   711856656.153   0
 5 14 14 2003 NOV 15 01:37:30   723646435.533   0
 5 63 63 2003 NOV 15 19:38:24   729175526.885   0
 5 55 55 2003 NOV 16 19:08:39   736429732.640   0
 5 14 14 2003 NOV 17 03:07:27   738899496.175   0
 5 65 65 2003 NOV 17 17:44:45   743450258.641   0
 5 14 14 2003 NOV 20 04:05:10   761741083.886   0
 5 14 14 2003 NOV 21 06:14:26   770038268.596   0
 5 55 55 2003 NOV 23 17:08:50   788886329.042   0
 5 24 24 2003 NOV 24 05:07:19   792745457.082  77
 5 14 14 2003 NOV 25 06:29:35   800970519.262   0
 5 14 14 2003 NOV 26 03:12:53   807700159.148   0
 5 65 65 2003 NOV 28 17:24:25   828114156.337   0
 5 14 14 2003 NOV 29 03:34:00   831465352.069   0
 5 63 63 2003 NOV 30 17:35:16   844090066.551   0
 5 14 14 2003 DEC 02 05:09:27   855976153.800   0
 5 63 63 2003 DEC 02 14:59:09   859286851.999   0
 5 14 14 2003 DEC 03 04:40:19   863871746.561   0
 5 14 14 2003 DEC 05 04:23:18   879995513.088   0
 5 24 24 2003 DEC 06 05:26:32   888519241.056  77
 5 14 14 2003 DEC 07 03:53:37   896175395.338   0
 5 14 14 2003 DEC 08 02:51:06   904038520.285   0
 5 15 15 2003 DEC 12 02:18:49   937050062.175   0
 5 14 14 2003 DEC 14 04:08:13   954476295.307   0
 5 55 55 2003 DEC 16 15:25:12   975384995.326   0
 5 14 14 2003 DEC 17 04:08:21   979882101.211   0
 5 14 14 2003 DEC 18 04:05:25   988390973.371   0
 5 15 15 2003 DEC 19 04:27:40   997079783.032   0
 5 25 25 2003 DEC 20 02:15:49  1004869523.636  77
 5 63 63 2003 DEC 22 19:06:24  1028186246.234   0
 5 24 24 2003 DEC 24 02:07:36  1039401454.793  77
 5 63 63 2003 DEC 24 21:03:49  1046277959.695   0
 5 55 55 2003 DEC 25 15:45:05  1053070037.763   0
 5 25 25 2003 DEC 27 05:34:27  1066858461.460  77
 5 63 63 2003 DEC 27 17:49:39  1071323591.022   0
 5 15 15 2003 DEC 28 01:10:24  1074008114.754   0
 5 14 14 2003 DEC 29 00:55:33  1082707671.529   0
 5 63 63 2003 DEC 29 18:47:27  1089264239.157   0
 5 63 63 2003 DEC 30 20:26:22  1098698707.842   0
 5 24 24 2004 JAN 02 04:38:19  1119436359.585  77
 5 55 55 2004 JAN 05 13:33:45  1149475591.009   0
 5 63 63 2004 JAN 05 19:03:43  1151502686.195   0
 5 63 63 2004 JAN 06 19:22:06  1160562414.079   0
 5 14 14 2004 JAN 07 05:05:26  1164199866.688   0
 5 63 63 2004 JAN 07 21:47:56  1170443787.137   0
 5 24 24 2004 JAN 08 04:19:31  1172876176.769  77
 5 63 63 2004 JAN 08 19:36:44  1178592052.502   0
 5 14 14 2004 JAN 09 06:32:49  1182707702.951   0
 5 63 63 2004 JAN 09 21:46:29  1188406688.114   0
 5 25 25 2004 JAN 10 03:44:43  1190635899.345  77
 5 65 65 2004 JAN 10 21:31:28  1197319881.755   0
 5 24 24 2004 JAN 11 02:09:06  1199044544.682  77
 5 63 63 2004 JAN 11 17:31:25  1204826039.051   0
 5 14 14 2004 JAN 12 00:52:05  1207587880.862   0
 5 63 63 2004 JAN 12 19:05:24  1214452863.200   0
 5 63 63 2004 JAN 13 18:33:39  1223303044.264   0
 5 14 14 2004 JAN 14 02:25:16  1226268977.410   0
 5 55 55 2004 JAN 14 12:56:02  1230264685.165   0
 5 63 63 2004 JAN 14 18:56:41  1232513170.358   0
 5 14 14 2004 JAN 15 02:53:00  1235513876.804   0
 5 63 63 2004 JAN 15 19:26:15  1241778991.006   0
 5 14 14 2004 JAN 16 03:51:12  1244967739.467   0
 5 63 63 2004 JAN 16 18:31:08  1250519687.525   0
 5 63 63 2004 JAN 17 18:51:12  1259749843.847   0
 5 14 14 2004 JAN 18 01:51:07  1262403850.753   0
 5 63 63 2004 JAN 18 18:31:14  1268736993.407   0
 5 14 14 2004 JAN 19 00:55:33  1271169119.014   0
 5 63 63 2004 JAN 19 20:14:40  1278523045.394   0
 5 14 14 2004 JAN 20 03:19:21  1281212674.174   0
 5 63 63 2004 JAN 20 18:38:58  1287045087.482   0
 5 14 14 2004 JAN 21 00:18:09  1289196486.636   0
 5 15 15 2004 JAN 23 01:36:35  1307991241.722   0
 5 15 15 2004 JAN 24 02:20:44  1317432630.578   0
 5 34 34 2004 JAN 24 07:56:38  1319577007.986   0
 5 34 34 2004 JAN 25 08:09:16  1328824164.544   0
 5 55 55 2004 JAN 25 16:34:27  1332035121.527   0
 5 14 14 2004 JAN 25 21:36:11  1333967604.923   0
 5 25 25 2004 JAN 26 04:53:51  1336756304.767  77
 5 55 55 2004 JAN 26 20:34:17  1342743154.259   0
 5 14 14 2004 JAN 27 05:56:34  1346338976.606   0
 5 63 63 2004 JAN 27 12:25:23  1348820349.778   0
 5 14 14 2004 JAN 27 22:16:17  1352568628.611   0
 5 25 25 2004 JAN 28 04:39:33  1355016169.055  77
 5 55 55 2004 JAN 28 15:48:08  1359270055.118   0
 5 14 14 2004 JAN 28 22:25:44  1361807942.484   0
 5 34 34 2004 JAN 29 09:27:59  1366036982.152   0
 5 65 65 2004 JAN 29 14:29:38  1367957865.495   0
 5 25 25 2004 JAN 30 00:29:09  1371770156.122  77
 5 63 63 2004 JAN 30 13:37:07  1376812683.783   0
 5 14 14 2004 JAN 31 01:16:42  1381258161.555   0
 5 45 45 2004 JAN 31 08:28:00  1384020657.082   0
 5 63 63 2004 JAN 31 13:34:53  1385984445.866   0
 5 14 14 2004 JAN 31 20:53:01  1388780636.113   0
 5 45 45 2004 FEB 01 09:18:26  1393532816.506   0
 5 63 63 2004 FEB 01 14:01:01  1395335353.485   0
 5 25 25 2004 FEB 01 23:55:24  1399115252.633  77
 5 45 45 2004 FEB 02 10:19:01  1403113464.644   0
 5 65 65 2004 FEB 03 18:45:35  1415518237.973   0
 5 15 15 2004 FEB 04 01:51:54  1418236308.606   0
 5 14 14 2004 FEB 04 04:34:28  1419286902.201   0
 5 55 55 2004 FEB 04 15:36:35  1423503279.258   0
 5 14 14 2004 FEB 05 04:57:59  1428629589.974   0
 5 55 55 2004 FEB 05 14:10:42  1432151829.406   0
 5 15 15 2004 FEB 06 02:27:26  1436843823.315   0
 5 63 63 2004 FEB 06 19:37:23  1443420442.373   0
 5 55 55 2004 FEB 07 14:17:15  1450570841.981   0
 5 63 63 2004 FEB 07 20:26:50  1452929208.399   0
 5 55 55 2004 FEB 08 14:27:37  1459824015.577   0
 5 63 63 2004 FEB 08 19:10:27  1461623636.217   0
 5 65 65 2004 FEB 09 12:56:31  1468439996.761   0
 5 63 63 2004 FEB 09 20:04:54  1471162324.869   0
 5 55 55 2004 FEB 10 17:10:00  1479224400.082   0
 5 63 63 2004 FEB 10 20:30:32  1480514018.249   0
 5 24 24 2004 FEB 11 01:10:43  1482289166.479  77
 5 55 55 2004 FEB 11 18:10:54  1488797728.526   0
 5 63 63 2004 FEB 11 21:19:28  1490015482.071   0
 5 14 14 2004 FEB 12 05:01:09  1492960607.398   0
 5 55 55 2004 FEB 12 18:20:36  1498041810.455   0
 5 63 63 2004 FEB 12 21:12:57  1499154836.028   0
 5 24 24 2004 FEB 13 00:13:57  1500291973.731  77
 5 14 14 2004 FEB 13 03:21:39  1501495844.728   0
 5 55 55 2004 FEB 13 18:49:22  1507405723.732   0
 5 63 63 2004 FEB 13 21:41:51  1508521491.018   0
 5 14 14 2004 FEB 14 04:36:53  1511161663.671   0
 5 63 63 2004 FEB 14 11:48:09  1513921542.342   0
 5 14 14 2004 FEB 14 21:50:57  1517743001.199   0
 5 45 45 2004 FEB 15 06:48:04  1521167989.431   0
 5 63 63 2004 FEB 15 12:12:08  1523243859.635   0
 5 14 14 2004 FEB 15 22:13:33  1527055834.333   0
 5 63 63 2004 FEB 16 12:26:21  1532500618.824   0
 5 25 25 2004 FEB 16 23:28:40  1536694888.248  77
 5 63 63 2004 FEB 17 12:47:57  1541797915.734   0
 5 14 14 2004 FEB 18 02:04:07  1546844172.642   0
 5 45 45 2004 FEB 18 09:48:06  1549813925.145   0
 5 55 55 2004 FEB 18 16:12:50  1552239305.917   0
 5 14 14 2004 FEB 19 02:22:45  1556116210.368   0
 5 45 45 2004 FEB 19 10:09:42  1559103763.973   0
 5 45 45 2004 FEB 20 10:18:53  1568305213.582   0
 5 14 14 2004 FEB 21 04:51:06  1575352649.218   0
 5 65 65 2004 FEB 21 14:59:12  1579194205.441   0
 5 14 14 2004 FEB 22 04:38:45  1584398216.916   0
 5 55 55 2004 FEB 22 14:58:53  1588313023.806   0
 5 14 14 2004 FEB 23 04:50:08  1593586732.363   0
 5 65 65 2004 FEB 23 16:27:26  1597979007.924   0
 5 25 25 2004 FEB 24 01:43:52  1601496038.054  77
 5 63 63 2004 FEB 24 17:26:11  1607447833.940   0
 5 14 14 2004 FEB 25 05:12:40  1611927672.672   0
 5 55 55 2004 FEB 25 14:10:16  1615305434.274   0
 5 63 63 2004 FEB 25 19:00:27  1617131673.044   0
 5 15 15 2004 FEB 26 00:26:44  1619182624.340   0
 5 14 14 2004 FEB 26 05:28:45  1621110593.205   0
 5 65 65 2004 FEB 26 12:51:46  1623893599.013   0
 5 63 63 2004 FEB 26 19:45:47  1626492622.604   0
 5 25 25 2004 FEB 27 04:05:20  1629641135.274  77
 5 55 55 2004 FEB 27 16:20:30  1634252455.268   0
 5 63 63 2004 FEB 27 19:29:03  1635444224.943   0
 5 55 55 2004 FEB 28 14:14:02  1642511744.205   0
 5 63 63 2004 FEB 28 20:23:44  1644837399.034   0
 5 55 55 2004 FEB 29 14:28:15  1651633168.761   0
 5 63 63 2004 FEB 29 20:42:26  1653986697.171   0
 5 15 15 2004 MAR 01 03:04:24  1656371779.888   0
 5 45 45 2004 MAR 01 07:55:11  1658201577.365   0
 5 63 63 2004 MAR 01 21:03:31  1663136403.834   0
 5 63 63 2004 MAR 02 11:08:34  1668431073.810   0
 5 14 14 2004 MAR 02 20:59:28  1672104755.914   0
 5 55 55 2004 MAR 03 13:14:35  1678192643.242   0
 5 14 14 2004 MAR 03 20:09:34  1680784444.758   0
 5 15 15 2004 MAR 04 04:26:18  1683880482.210   0
 5 55 55 2004 MAR 04 11:45:46  1686624642.849   0
 5 63 63 2004 MAR 05 12:03:25  1695691887.742   0
 5 14 14 2004 MAR 05 21:17:38  1699123811.855   0
 5 45 45 2004 MAR 06 08:05:47  1703157904.614   0
 5 55 55 2004 MAR 06 14:47:09  1705635308.260   0
 5 25 25 2004 MAR 07 01:18:38  1709547876.946  77
 5 45 45 2004 MAR 07 08:35:31  1712275020.326   0
 5 63 63 2004 MAR 07 12:39:33  1713782998.051   0
 5 25 25 2004 MAR 07 21:06:01  1716912541.573  77
 5 14 14 2004 MAR 08 02:45:03  1719007457.095   0
 5 55 55 2004 MAR 08 19:16:34  1725139611.503   0
 5 45 45 2004 MAR 09 08:22:29  1730006217.167   0
 5 55 55 2004 MAR 09 19:19:13  1734046818.304   0
 5 14 14 2004 MAR 10 03:15:46  1736987248.575   0
 5 55 55 2004 MAR 10 14:58:46  1741312664.782   0
 5 65 65 2004 MAR 10 18:58:57  1742794277.758   0
 5 14 14 2004 MAR 11 04:01:44  1746143529.160   0
 5 55 55 2004 MAR 11 14:02:23  1749829762.060   0
 5 63 63 2004 MAR 12 17:06:34  1759796106.555   0
 5 55 55 2004 MAR 13 12:54:46  1767090183.962   0
 5 63 63 2004 MAR 13 16:50:28  1768520096.560   0
 5 14 14 2004 MAR 13 18:23:52  1769120483.223   0
 5 25 25 2004 MAR 14 02:04:25  1771912324.997  77
 5 63 63 2004 MAR 14 17:01:27  1777391589.938   0
 5 55 55 2004 MAR 15 15:26:19  1785597623.658   0
 5 15 15 2004 MAR 16 00:35:08  1788938875.071   0
 5 55 55 2004 MAR 16 13:50:27  1793786541.545   0
 5 63 63 2004 MAR 16 20:18:26  1796151707.221   0
 5 55 55 2004 MAR 17 17:42:18  1803933479.543   0
 5 63 63 2004 MAR 17 20:50:50  1805092650.949   0
 5 25 25 2004 MAR 18 20:42:25  1813752565.802  77
 5 14 14 2004 MAR 19 20:10:38  1822259915.391   0
 5 14 14 2004 MAR 20 21:06:23  1831261556.866   0
 5 55 55 2004 MAR 21 13:23:26  1837132993.689   0
 5 14 14 2004 MAR 21 21:15:28  1839962245.963   0
 5 63 63 2004 MAR 22 11:19:15  1845033928.637   0
 5 25 25 2004 MAR 22 21:27:30  1848654933.682  77
 5 45 45 2004 MAR 23 08:02:52  1852466243.266   0
 5 63 63 2004 MAR 23 11:33:37  1853724570.018   0
 5 14 14 2004 MAR 23 22:21:16  1857567482.058   0
 5 55 55 2004 MAR 24 11:57:27  1862443777.197   0
 5 14 14 2004 MAR 25 01:42:22  1867331630.293   0
 5 55 55 2004 MAR 25 11:27:54  1870825364.463   0
 5 14 14 2004 MAR 26 03:20:21  1876458290.858   0
 5 55 55 2004 MAR 26 19:20:32  1882132149.374   0
 5 14 14 2004 MAR 27 03:00:43  1884848940.202   0
 5 55 55 2004 MAR 28 13:29:51  1897024401.136   0
 5 14 14 2004 MAR 28 19:45:33  1899236831.845   0
 5 25 25 2004 MAR 29 01:58:15  1901410883.305  77
 5 55 55 2004 MAR 29 16:49:47  1906626693.612   0
 5 63 63 2004 MAR 30 18:43:52  1915704514.437   0
 5 14 14 2004 MAR 31 04:19:35  1919069951.752   0
 5 55 55 2004 MAR 31 16:18:22  1923229223.044   0
 5 14 14 2004 MAR 31 19:42:39  1924430691.263   0
 5 63 63 2004 APR 01 17:10:26  1931880873.173   0
 5 14 14 2004 APR 01 19:09:02  1932585481.107   0
 5 63 63 2004 APR 02 19:04:10  1940862537.111   0
 5 55 55 2004 APR 03 16:45:42  1948346009.300   0
 5 63 63 2004 APR 04 19:46:32  1957653052.243   0
 5 55 55 2004 APR 05 14:49:49  1964175969.491   0
 5 63 63 2004 APR 05 20:06:15  1965993942.217   0
 5 34 34 2004 APR 06 06:36:04  1969586411.864   0
 5 55 55 2004 APR 06 13:03:51  1971783106.302   0
 5 14 14 2004 APR 06 20:38:03  1974364046.401   0
 5 55 55 2004 APR 07 16:01:30  1980955011.689   0
 5 15 15 2004 APR 07 23:54:37  1983632123.149   0
 5 55 55 2004 APR 08 13:41:14  1988309551.431   0
 5 63 63 2004 APR 09 10:33:25  1995386244.876   0
 5 14 14 2004 APR 09 20:50:58  1998838648.071   0
 5 63 63 2004 APR 10 10:31:28  2003461324.162   0
 5 14 14 2004 APR 10 18:46:30  2006228675.519   0
 5 63 63 2004 APR 11 11:54:22  2011968229.586   0
 5 25 25 2004 APR 11 19:39:08  2014558886.742  77
 5 14 14 2004 APR 12 01:57:30  2016657954.435   0
 5 55 55 2004 APR 12 16:25:57  2021482390.448   0
 5 55 55 2004 APR 13 16:37:57  2029530592.546   0
 5 63 63 2004 APR 14 20:01:38  2038614517.122   0
 5 14 14 2004 APR 15 03:05:00  2040940287.731   0
 5 55 55 2004 APR 15 17:12:34  2045582659.387   0
 5 14 14 2004 APR 16 03:45:18  2049063926.577   0
 5 14 14 2004 APR 17 03:42:20  2056909321.347   0
 5 63 63 2004 APR 17 17:56:10  2061541043.805   0
 5 14 14 2004 APR 18 04:02:04  2064844675.006   0
 5 55 55 2004 APR 18 12:06:02  2067460283.666   0
 5 63 63 2004 APR 18 18:10:03  2069421111.842   0
 5 14 14 2004 APR 19 04:21:47  2072742181.883   0
 5 55 55 2004 APR 19 14:35:10  2076027566.171   0
 5 34 34 2004 APR 20 06:55:01  2081313762.990   0
 5 55 55 2004 APR 20 14:30:42  2083738047.679   0
 5 55 55 2004 APR 21 16:45:02  2092149105.755   0
 5 55 55 2004 APR 22 15:10:33  2099301309.599   0
 5 25 25 2004 APR 22 18:13:50  2100295868.624  77
 5 63 63 2004 APR 22 19:35:20  2100717636.667   0
 5 63 63 2004 APR 23 19:48:38  2108398865.283   0
 5 63 63 2004 APR 24 20:06:15  2116062722.352   0
 5 55 55 2004 APR 25 10:20:15  2120540714.187   0
 5 63 63 2004 APR 25 20:27:58  2123707353.803   0
 5 63 63 2004 APR 26 20:47:46  2131300155.874   0
 5 63 63 2004 APR 27 10:16:35  2135490659.357   0
 5 14 14 2004 APR 27 20:19:33  2138586531.415   0
 5 55 55 2004 APR 29 09:42:40  2150126587.705   0
 5 63 63 2004 APR 30 11:27:47  2157989523.783   0
 5 14 14 2004 APR 30 22:49:04  2161430298.830   0
 5 55 55 2004 MAY 01 14:51:16  2166299240.124   0
 5 14 14 2004 MAY 02 00:40:29  2169271787.008   0
 5 63 63 2004 MAY 02 19:35:34  2174989646.277   0
 5 14 14 2004 MAY 03 02:16:01  2176990923.211   0
 5 25 25 2004 MAY 03 22:35:16  2183070971.779  77
 5 45 45 2004 MAY 04 08:32:01  2186070893.567   0
 5 63 63 2004 MAY 04 17:19:32  2188663465.980   0
 5 55 55 2004 MAY 05 15:32:10  2195252723.261   0
 5 25 25 2004 MAY 05 23:06:07  2197489340.562  77
 5 55 55 2004 MAY 06 15:22:42  2202289737.221   0
 5 65 65 2004 MAY 07 10:43:37  2207990734.294   0
 5 45 45 2004 MAY 08 07:09:18  2213961351.850   0
 5 63 63 2004 MAY 08 18:45:01  2217321959.512   0
 5 14 14 2004 MAY 09 00:39:48  2219030842.488   0
 5 14 14 2004 MAY 09 21:27:39  2225048270.090   0
 5 55 55 2004 MAY 10 11:13:08  2229026279.032   0
 5 63 63 2004 MAY 10 18:49:25  2231204693.914   0
 5 63 63 2004 MAY 11 19:26:37  2238251031.371   0
 5 25 25 2004 MAY 11 23:18:53  2239338901.992  77
 5 55 55 2004 MAY 12 14:32:32  2243668473.328   0
 5 55 55 2004 MAY 13 14:35:34  2250467443.500   0
 5 14 14 2004 MAY 14 19:49:52  2258680127.860   0
 5 63 63 2004 MAY 15 10:28:42  2262776972.360   0
 5 15 15 2004 MAY 15 20:19:09  2265496341.792   0
 5 63 63 2004 MAY 16 10:46:19  2269511067.576   0
 5 14 14 2004 MAY 16 18:46:46  2271717658.687   0
 5 14 14 2004 MAY 19 00:02:11  2286265759.419   0
 5 65 65 2004 MAY 19 10:14:34  2289051543.066   0
 5 55 55 2004 MAY 20 12:17:10  2296050647.618   0
 5 63 63 2004 MAY 21 15:01:26  2303181737.963   0
 5 63 63 2004 MAY 22 15:01:33  2309538725.531   0
 5 14 14 2004 MAY 23 02:40:55  2312622126.520   0
 5 24 24 2004 MAY 23 22:30:37  2317801089.881  77
 5 14 14 2004 MAY 24 02:32:28  2318866985.173   0
 5 63 63 2004 MAY 24 15:08:35  2322132462.317   0
 5 45 45 2004 MAY 25 06:56:11  2326245230.584   0
 5 63 63 2004 MAY 25 14:56:51  2328288249.667   0
 5 55 55 2004 MAY 26 12:42:48  2333879276.023   0
 5 55 55 2004 MAY 27 12:22:29  2339905060.528   0
 5 34 34 2004 MAY 28 04:37:58  2344027360.116   0
 5 14 14 2004 MAY 29 18:46:53  2353576268.847   0
 5 34 34 2004 MAY 30 04:55:40  2356100780.613   0
 5 14 14 2004 MAY 30 18:58:39  2359568130.713   0
 5 63 63 2004 MAY 31 14:49:33  2364433679.782   0
 5 25 25 2004 JUN 01 19:11:20  2371355004.157  77
 5 55 55 2004 JUN 02 16:30:11  2376493004.843   0
 5 55 55 2004 JUN 03 12:55:56  2381391131.046   0
 5 34 34 2004 JUN 04 07:49:06  2385908155.588   0
 5 65 65 2004 JUN 04 12:32:51  2387006560.245   0
 5 14 14 2004 JUN 05 19:07:39  2394208072.460   0
 5 15 15 2004 JUN 06 21:41:24  2400381452.864   0
 5 55 55 2004 JUN 07 11:26:53  2403571996.326   0
 5 25 25 2004 JUN 07 18:17:20  2405150705.954  77
 5 45 45 2004 JUN 08 07:45:18  2408248583.150   0
 5 55 55 2004 JUN 08 10:34:28  2408882454.640   0
 5 14 14 2004 JUN 08 19:43:20  2410956860.909   0
 5 55 55 2004 JUN 09 10:28:44  2414315474.181   0
 5 55 55 2004 JUN 10 12:16:44  2420108988.145   0
 5 24 24 2004 JUN 10 21:57:47  2422264482.330  77
 5 63 63 2004 JUN 11 16:21:00  2426350311.083   0
 5 55 55 2004 JUN 12 12:40:00  2430827682.904   0
 5 14 14 2004 JUN 13 03:29:14  2434086220.262   0
 5 14 14 2004 JUN 13 20:06:36  2437675835.733   0
 5 25 25 2004 JUN 15 01:27:36  2443988268.324  77
 5 45 45 2004 JUN 15 06:23:09  2445050747.504   0
 5 55 55 2004 JUN 15 11:08:00  2446052660.478   0
 5 63 63 2004 JUN 15 16:56:47  2447278459.206   0
 5 55 55 2004 JUN 19 14:25:11  2466663644.521   0
 5 25 25 2004 JUN 19 18:43:22  2467546987.723  77
 5 65 65 2004 JUN 20 09:44:40  2470586493.862   0
 5 63 63 2004 JUN 21 09:59:20  2475425929.414   0
 5 55 55 2004 JUN 22 10:22:45  2480234109.292   0
 5 65 65 2004 JUN 22 18:09:26  2481750539.283   0
 5 63 63 2004 JUN 24 18:38:06  2491101106.584   0
 5 63 63 2004 JUN 26 13:59:54  2499246733.072   0
 5 14 14 2004 JUN 26 21:16:35  2500597116.128   0
 5 25 25 2004 JUN 27 01:34:46  2501405354.608  77
 5 55 55 2004 JUN 27 10:38:33  2503079418.772   0
 5 25 25 2004 JUN 27 17:31:54  2504348739.832  77
 5 63 63 2004 JUN 28 12:15:42  2507749297.847   0
 5 25 25 2004 JUN 29 00:33:14  2509971541.103  77
 5 55 55 2004 JUN 30 17:01:42  2517181340.145   0
 5 15 15 2004 JUL 01 03:08:49  2518975892.104   0
 5 24 24 2004 JUL 01 17:15:31  2521433308.850  77
 5 45 45 2004 JUL 02 03:41:08  2523234454.480   0
 5 14 14 2004 JUL 03 00:53:41  2526866046.329   0
 5 55 55 2004 JUL 03 10:57:18  2528580524.946   0
 5 63 63 2004 JUL 03 16:21:04  2529486071.497   0
 5 25 25 2004 JUL 03 22:40:00  2530547215.139  77
 5 24 24 2004 JUL 04 18:38:13  2533900829.353  77
 5 63 63 2004 JUL 05 17:57:38  2537757070.875   0
 5 15 15 2004 JUL 06 01:11:13  2538937930.188   0
 5 34 34 2004 JUL 06 06:02:14  2539737779.039   0
 5 55 55 2004 JUL 06 11:47:55  2540661908.449   0
 5 63 63 2004 JUL 06 18:21:11  2541731927.875   0
 5 63 63 2004 JUL 07 18:15:37  2545566117.355   0
 5 55 55 2004 JUL 08 14:41:49  2548783359.033   0
 5 24 24 2004 JUL 08 23:36:35  2550181587.658  77
 5 65 65 2004 JUL 09 08:44:22  2551627847.235   0
 5 63 63 2004 JUL 09 18:31:53  2553132887.956   0
 5 63 63 2004 JUL 10 13:23:20  2556006524.415   0
 5 63 63 2004 JUL 11 17:12:40  2560210340.516   0
 5 63 63 2004 JUL 12 10:36:12  2562796008.817   0
 5 25 25 2004 JUL 12 17:49:58  2563861343.473  77
 5 45 45 2004 JUL 13 03:59:35  2565346667.184   0
 5 55 55 2004 JUL 13 10:59:36  2566359925.228   0
 5 25 25 2004 JUL 13 21:48:47  2567910349.240  77
 5 55 55 2004 JUL 15 11:17:13  2573232766.425   0
 5 55 55 2004 JUL 16 15:20:22  2577104255.359   0
 5 55 55 2004 JUL 17 14:39:50  2580262787.584   0
 5 63 63 2004 JUL 18 16:07:37  2583648628.269   0
 5 55 55 2004 JUL 19 14:52:05  2586605506.792   0
 5 55 55 2004 JUL 20 10:08:19  2589083994.481   0
 5 55 55 2004 JUL 21 14:24:37  2592611068.370   0
 5 55 55 2004 JUL 22 14:44:15  2595588791.637   0
 5 63 63 2004 JUL 23 17:20:59  2598782080.824   0
 5 24 24 2004 JUL 23 21:43:39  2599285479.980  77
 5 63 63 2004 JUL 24 17:17:16  2601578154.122   0
 5 55 55 2004 JUL 25 12:22:15  2603753747.588   0
 5 25 25 2004 JUL 25 20:32:29  2604673709.719  77
 5 55 55 2004 JUL 26 12:40:01  2606476137.779   0
 5 63 63 2004 JUL 26 17:51:31  2607063401.309   0
 5 45 45 2004 JUL 27 06:16:33  2608427329.833   0
 5 55 55 2004 JUL 27 16:10:44  2609486230.092   0
 5 65 65 2004 JUL 28 17:03:42  2612139387.921   0
 5 63 63 2004 JUL 29 09:37:28  2613871791.578   0
 5 55 55 2004 JUL 29 14:32:39  2614362174.417   0
 5 65 65 2004 JUL 30 09:06:16  2616271389.498   0
 5 63 63 2004 JUL 31 11:26:26  2618873118.914   0
 5 45 45 2004 AUG 01 06:06:30  2620695367.329   0
 5 63 63 2004 AUG 01 11:15:00  2621175703.552   0
 5 25 25 2004 AUG 01 21:39:52  2622155597.304  77
 5 63 63 2004 AUG 02 11:29:49  2623455935.651   0
 5 63 63 2004 AUG 03 11:50:30  2625681437.883   0
 5 15 15 2004 AUG 03 21:08:16  2626509802.256   0
 5 65 65 2004 AUG 04 10:29:08  2627702086.333   0
 5 25 25 2004 AUG 04 22:03:34  2628698962.247  77
 5 65 65 2004 AUG 05 11:13:11  2629834093.155   0
 5 45 45 2004 AUG 06 01:49:51  2631071225.668   0
 5 55 55 2004 AUG 06 15:25:42  2632185959.012   0
 5 65 65 2004 AUG 07 11:10:52  2633785385.932   0
 5 63 63 2004 AUG 08 13:41:11  2635853952.869   0
 5 63 63 2004 AUG 09 15:22:52  2637794069.583   0
 5 55 55 2004 AUG 10 09:52:14  2639151781.618   0
 5 25 25 2004 AUG 11 00:44:10  2640207222.324  77
 5 55 55 2004 AUG 11 13:41:41  2641094168.081   0
 5 15 15 2004 AUG 12 00:19:36  2641828752.300   0
 5 55 55 2004 AUG 12 13:18:58  2642685813.211   0
 5 55 55 2004 AUG 16 09:23:03  2648297878.150   0
 5 63 63 2004 OCT 04 08:26:35  2635006791.720   0
 5 65 65 2004 OCT 05 08:18:28  2633125854.693   0
 5 55 55 2004 OCT 05 16:09:50  2632495041.896   0
 5 24 24 2004 OCT 05 18:28:55  2632289000.242  77
 5 25 25 2004 OCT 05 23:55:24  2631863771.361  77
 5 55 55 2004 OCT 06 08:09:51  2631182511.904   0
 5 63 63 2004 OCT 08 07:58:57  2627095918.191   0
 5 65 65 2004 OCT 08 10:09:47  2626890865.205   0
 5 63 63 2004 OCT 09 07:50:10  2624962501.560   0
 5 63 63 2004 OCT 11 08:42:36  2620384507.540   0
 5 65 65 2004 OCT 11 14:21:30  2619834673.915   0
 5 34 34 2004 OCT 12 00:13:09  2618864529.923   0
 5 55 55 2004 OCT 12 08:38:23  2618048982.289   0
 5 15 15 2004 OCT 12 22:01:17  2616709365.624   0
 5 55 55 2004 OCT 13 10:15:51  2615468538.016   0
 5 15 15 2004 OCT 13 14:54:35  2615010030.734   0
 5 55 55 2004 OCT 14 09:34:58  2613066672.949   0
 5 15 15 2004 OCT 15 15:17:50  2609924303.916   0
 5 55 55 2004 OCT 16 07:49:53  2608129018.118   0
 5 55 55 2004 OCT 17 08:54:01  2605341017.272   0
 5 25 25 2004 OCT 17 16:31:39  2604478568.522  77
 5 55 55 2004 OCT 18 09:29:48  2602542456.643   0
 5 34 34 2004 OCT 19 03:10:11  2600484381.766   0
 5 55 55 2004 OCT 19 09:18:02  2599775465.171   0
 5 25 25 2004 OCT 19 16:31:24  2598922969.595  77
 5 55 55 2004 OCT 20 13:50:33  2596375287.104   0
 5 55 55 2004 OCT 21 07:59:14  2594177958.999   0
 5 65 65 2004 OCT 22 13:59:14  2590446701.322   0
 5 63 63 2004 OCT 23 07:50:23  2588194585.763   0
 5 65 65 2004 OCT 25 08:08:37  2581910338.098   0
 5 34 34 2004 OCT 26 06:15:14  2578959394.492   0
 5 63 63 2004 OCT 26 13:02:33  2578028083.258   0
 5 25 25 2004 OCT 26 17:52:10  2577369287.582  77
 5 25 25 2004 OCT 28 21:43:21  2570188566.918  77
 5 63 63 2004 OCT 30 10:47:59  2564876555.245   0
 5 34 34 2004 OCT 30 23:08:41  2563073642.335   0
 5 63 63 2004 OCT 31 08:25:24  2561726365.594   0
 5 25 25 2004 OCT 31 19:08:15  2560131778.138  77
 5 55 55 2004 NOV 01 11:55:43  2557631019.253   0
 5 34 34 2004 NOV 02 01:10:26  2555625519.533   0
 5 63 63 2004 NOV 02 08:17:17  2554566409.288   0
 5 55 55 2004 NOV 03 11:24:18  2550397494.823   0
 5 65 65 2004 NOV 05 12:45:28  2542639884.850   0
 5 63 63 2004 NOV 06 08:00:00  2539556295.943   0
 5 55 55 2004 NOV 07 13:27:00  2534746188.454   0
 5 25 25 2004 NOV 07 16:56:04  2534167574.103  77
 5 55 55 2004 NOV 08 13:25:16  2530771065.432   0
 5 34 34 2004 NOV 09 00:24:25  2528913536.699   0
 5 63 63 2004 NOV 09 07:56:52  2527664707.158   0
 5 55 55 2004 NOV 10 07:49:46  2523603256.262   0
 5 55 55 2004 NOV 11 07:50:55  2519460014.762   0
 5 25 25 2004 NOV 12 18:45:22  2513322836.083  77
 5 63 63 2004 NOV 13 07:36:11  2511053982.583   0
 5 55 55 2004 NOV 14 09:09:27  2506454442.959   0
 5 65 65 2004 NOV 15 10:45:02  2501789079.649   0
 5 34 34 2004 NOV 15 21:03:25  2499895932.452   0
 5 63 63 2004 NOV 16 07:54:18  2497898252.344   0
 5 55 55 2004 NOV 17 10:40:13  2492892609.329   0
 5 65 65 2004 NOV 18 09:24:34  2488598107.669   0
 5 55 55 2004 NOV 20 10:54:50  2479076901.385   0
 5 55 55 2004 NOV 21 09:09:45  2474730180.988   0
 5 55 55 2004 NOV 22 08:37:36  2470097139.448   0
 5 55 55 2004 NOV 23 12:04:55  2464608611.662   0
 5 55 55 2004 NOV 24 10:35:55  2460059778.650   0
 5 63 63 2004 NOV 27 07:19:16  2445923775.891   0
 5 65 65 2004 NOV 28 07:22:06  2440877956.697   0
 5 63 63 2004 NOV 29 07:22:00  2435794125.861   0
 5 45 45 2004 NOV 30 02:47:30  2431622776.948   0
 5 15 15 2004 NOV 30 19:46:14  2427979013.616   0
 5 43 43 2004 DEC 01 04:19:46  2426128083.898   0
 5 55 55 2004 DEC 01 07:51:16  2425372344.418   0
 5 25 25 2004 DEC 01 16:32:39  2423476345.808  77
 5 65 65 2004 DEC 02 07:34:05  2420207137.305   0
 5 25 25 2004 DEC 02 16:23:49  2418262439.283  77
 5 43 43 2004 DEC 02 21:00:13  2417245665.349   0
 5 63 63 2004 DEC 03 08:46:15  2414658910.624   0
 5 55 55 2004 DEC 04 08:46:10  2409332624.102   0
 5 25 25 2004 DEC 04 15:23:12  2407857182.142  77
 5 43 43 2004 DEC 05 05:29:50  2404699739.866   0
 5 63 63 2004 DEC 05 10:48:33  2403496402.895   0
 5 43 43 2004 DEC 05 20:45:47  2401248755.603   0
 5 63 63 2004 DEC 06 09:15:09  2398426310.108   0
 5 26 26 2004 DEC 06 19:13:27  2396156391.668  77
 5 63 63 2004 DEC 07 07:38:49  2393331204.677   0
 5 43 43 2004 DEC 07 22:41:16  2389859106.142   0
 5 55 55 2004 DEC 08 11:34:21  2386905065.261   0
 5 65 65 2004 DEC 09 07:24:03  2382317470.586   0
 5 43 43 2004 DEC 09 20:07:55  2379340334.103   0
 5 65 65 2004 DEC 10 11:30:21  2375740582.607   0
 5 63 63 2004 DEC 11 09:44:40  2370498021.854   0
 5 43 43 2004 DEC 11 23:14:58  2367278379.875   0
 5 55 55 2004 DEC 12 12:15:25  2364200860.914   0
 5 26 26 2004 DEC 12 17:27:39  2362951519.115  77
 5 43 43 2004 DEC 13 02:11:22  2360851122.125   0
 5 63 63 2004 DEC 13 08:08:15  2359442749.875   0
 5 43 43 2004 DEC 13 19:03:37  2356816702.242   0
 5 45 45 2004 DEC 14 03:46:33  2354701369.462   0
 5 25 25 2004 DEC 14 20:41:01  2350614530.883  77
 5 55 55 2004 DEC 15 12:13:52  2346826919.997   0
 5 26 26 2004 DEC 15 15:49:17  2345948033.843  77
 5 43 43 2004 DEC 16 02:29:03  2343324669.275   0
 5 65 65 2004 DEC 16 07:43:42  2342057702.611   0
 5 45 45 2004 DEC 16 21:17:18  2338705447.223   0
 5 55 55 2004 DEC 17 13:13:27  2334787590.460   0
 5 45 45 2004 DEC 19 03:00:31  2325365784.448   0
 5 63 63 2004 DEC 19 10:24:45  2323521490.521   0
 5 26 26 2004 DEC 19 15:20:17  2322289328.436  77
 5 43 43 2004 DEC 20 03:58:50  2319104113.258   0
 5 63 63 2004 DEC 20 07:58:49  2318104859.045   0
 5 15 15 2004 DEC 20 18:26:53  2315454351.884   0
 5 63 63 2004 DEC 21 07:58:42  2312035716.059   0
 5 43 43 2004 DEC 22 01:55:53  2307450298.852   0
 5 55 55 2004 DEC 22 08:17:25  2305847630.353   0
 5 65 65 2004 DEC 23 07:36:58  2299879149.183   0
 5 24 24 2004 DEC 23 17:18:03  2297380016.652  77
 5 63 63 2004 DEC 24 09:55:04  2293098051.399   0
 5 63 63 2004 DEC 25 09:52:18  2286890820.996   0
 5 43 43 2004 DEC 26 02:55:29  2282439723.014   0
 5 63 63 2004 DEC 26 10:26:57  2280485289.103   0
 5 43 43 2004 DEC 26 23:17:53  2277102188.039   0
 5 63 63 2004 DEC 27 07:03:30  2275094853.389   0
 5 25 25 2004 DEC 27 16:27:20  2272613305.431  77
 5 43 43 2004 DEC 28 22:01:16  2264791032.231   0
 5 55 55 2004 DEC 29 10:04:11  2261610916.039   0
 5 43 43 2004 DEC 29 23:05:35  2258126331.926   0
 5 26 26 2004 DEC 30 15:47:45  2253687971.691  77
 5 63 63 2004 DEC 31 11:36:16  2248381752.203   0
 5 63 63 2005 JAN 01 08:30:28  2242755167.269   0
 5 43 43 2005 JAN 02 01:22:13  2238177541.814   0
 5 63 63 2005 JAN 02 10:37:11  2235689380.788   0
 5 43 43 2005 JAN 02 21:15:44  2232784792.293   0
 5 63 63 2005 JAN 03 10:44:24  2229130004.628   0
 5 26 26 2005 JAN 03 16:44:23  2227490077.666  77
 5 45 45 2005 JAN 04 04:17:42  2224333743.899   0
 5 63 63 2005 JAN 04 08:27:14  2223198500.887   0
 5 43 43 2005 JAN 05 02:20:14  2218275677.343   0
 5 65 65 2005 JAN 05 09:34:10  2216300494.285   0
 5 26 26 2005 JAN 06 15:19:28  2208087006.409  77
 5 43 43 2005 JAN 07 03:25:15  2204724567.563   0
 5 63 63 2005 JAN 07 08:41:29  2203269731.708   0
 5 43 43 2005 JAN 08 03:44:23  2197960775.806   0
 5 63 63 2005 JAN 08 07:31:22  2196916041.391   0
 5 43 43 2005 JAN 09 04:21:41  2191082991.805   0
 5 63 63 2005 JAN 09 08:13:06  2190004996.163   0
 5 43 43 2005 JAN 10 04:30:56  2184301507.984   0
 5 63 63 2005 JAN 10 06:54:04  2183637572.514   0
 5 15 15 2005 JAN 10 14:49:52  2181398279.828   0
 5 63 63 2005 JAN 11 06:48:06  2176894300.582   0
 5 14 14 2005 JAN 11 15:28:29  2174431642.392   0
 5 65 65 2005 JAN 12 09:30:20  2169317282.995   0
 5 14 14 2005 JAN 12 19:05:52  2166590448.770   0
 5 25 25 2005 JAN 13 17:58:25  2160067148.777  77
 5 45 45 2005 JAN 13 23:32:34  2158457034.856   0
 5 63 63 2005 JAN 14 09:13:37  2155709362.207   0
 5 43 43 2005 JAN 14 23:38:17  2151557447.396   0
 5 63 63 2005 JAN 15 09:39:29  2148702837.187   0
 5 26 26 2005 JAN 15 19:14:53  2145946502.606  77
 5 45 45 2005 JAN 15 23:27:20  2144712711.636   0
 5 63 63 2005 JAN 16 09:04:38  2141963408.343   0
 5 14 14 2005 JAN 16 18:11:13  2139332739.829   0
 5 43 43 2005 JAN 17 00:55:53  2137367267.202   0
 5 15 15 2005 JAN 17 18:55:25  2132182179.792   0
 5 14 14 2005 JAN 18 17:56:27  2125502656.641   0
 5 45 45 2005 JAN 18 23:59:55  2123722658.724   0
 5 55 55 2005 JAN 19 11:31:34  2120393681.511   0
 5 14 14 2005 JAN 19 19:07:58  2118174992.391   0
 5 43 43 2005 JAN 20 03:21:42  2115767214.883   0
 5 43 43 2005 JAN 20 23:31:12  2109863024.899   0
 5 43 43 2005 JAN 22 00:53:53  2102430606.633   0
 5 55 55 2005 JAN 22 12:20:10  2099099654.389   0
 5 43 43 2005 JAN 23 03:24:15  2094655110.992   0
 5 43 43 2005 JAN 24 02:28:54  2087848442.164   0
 5 65 65 2005 JAN 24 06:50:22  2086582845.148   0
 5 15 15 2005 JAN 24 20:06:31  2082661030.481   0
 5 45 45 2005 JAN 25 02:08:21  2080856819.049   0
 5 65 65 2005 JAN 25 08:38:10  2078949935.403   0
 5 43 43 2005 JAN 25 22:06:51  2074935077.587   0
 5 43 43 2005 JAN 27 03:22:06  2066262627.749   0
 5 14 14 2005 JAN 27 15:07:03  2062774306.200   0
 5 43 43 2005 JAN 28 23:26:05  2053112568.104   0
 5 55 55 2005 JAN 29 09:21:14  2050170900.257   0
 5 43 43 2005 JAN 30 04:39:55  2044394487.075   0
 5 43 43 2005 JAN 31 04:34:07  2037224601.451   0
 5 43 43 2005 JAN 31 18:50:50  2032927938.652   0
 5 63 63 2005 FEB 01 06:35:40  2029405731.463   0
 5 43 43 2005 FEB 01 22:33:56  2024564147.806   0
 5 55 55 2005 FEB 02 07:48:58  2021799507.613   0
 5 14 14 2005 FEB 02 17:57:09  2018734750.144   0
 5 43 43 2005 FEB 03 02:14:16  2016220191.397   0
 5 43 43 2005 FEB 03 21:00:22  2010539586.048   0
 5 55 55 2005 FEB 04 09:10:32  2006871361.122   0
 5 25 25 2005 FEB 04 20:27:07  2003461394.927  77
 5 45 45 2005 FEB 05 03:06:40  2001423800.155   0
 5 43 43 2005 FEB 06 00:48:44  1994819011.745   0
 5 63 63 2005 FEB 06 06:41:43  1993057362.394   0
 5 43 43 2005 FEB 06 21:58:34  1988377314.271   0
 5 26 26 2005 FEB 07 16:40:20  1982696863.356  77
 5 45 45 2005 FEB 08 02:38:45  1979645941.793   0
 5 25 25 2005 FEB 08 16:20:21  1975472016.982  77
 5 43 43 2005 FEB 10 02:57:06  1964878220.732   0
 5 55 55 2005 FEB 10 11:32:03  1962262387.945   0
 5 26 26 2005 FEB 10 17:03:41  1960560595.008  77
 5 43 43 2005 FEB 11 03:05:35  1957480555.039   0
 5 63 63 2005 FEB 11 06:51:10  1956341037.659   0
 5 45 45 2005 FEB 12 02:57:15  1950156729.600   0
 5 63 63 2005 FEB 12 07:03:15  1948911082.768   0
 5 55 55 2005 FEB 13 10:21:51  1940512775.734   0
 5 14 14 2005 FEB 13 18:02:36  1938147752.756   0
 5 63 63 2005 FEB 14 07:57:24  1933869233.146   0
 5 26 26 2005 FEB 14 16:36:29  1931200265.531  77
 5 63 63 2005 FEB 15 06:26:52  1926948120.899   0
 5 25 25 2005 FEB 15 16:28:10  1923848515.678  77
 5 55 55 2005 FEB 16 08:11:45  1919004036.483   0
 5 45 45 2005 FEB 16 18:11:16  1915920292.100   0
 5 63 63 2005 FEB 18 07:10:31  1904507752.536   0
 5 55 55 2005 FEB 19 08:58:50  1896531248.016   0
 5 63 63 2005 FEB 20 07:10:50  1889673028.171   0
 5 26 26 2005 FEB 20 18:39:27  1886120646.802  77
 5 43 43 2005 FEB 21 00:21:21  1884336772.115   0
 5 63 63 2005 FEB 21 07:42:48  1882084123.528   0
 5 43 43 2005 FEB 21 18:42:50  1878673803.477   0
 5 55 55 2005 FEB 22 08:20:35  1874462276.941   0
 5 15 15 2005 FEB 22 19:43:27  1870945504.997   0
 5 43 43 2005 FEB 23 00:13:41  1869524169.109   0
 5 43 43 2005 FEB 24 03:17:27  1861162648.170   0
 5 26 26 2005 FEB 24 19:15:11  1856227706.801  77
 5 43 43 2005 FEB 24 23:03:30  1855022787.845   0
 5 14 14 2005 FEB 25 18:58:07  1848880884.844   0
 5 43 43 2005 FEB 26 02:51:23  1846427761.247   0
 5 55 55 2005 FEB 26 10:46:36  1843983922.321   0
 5 14 14 2005 FEB 26 20:07:31  1841093898.208   0
 5 45 45 2005 FEB 26 22:38:06  1840284605.854   0
 5 55 55 2005 FEB 27 10:49:32  1836532668.698   0
 5 14 14 2005 FEB 27 19:59:13  1833699105.048   0
 5 43 43 2005 FEB 27 23:45:37  1832499661.733   0
 5 15 15 2005 FEB 28 18:18:33  1826772509.511   0
 5 14 14 2005 MAR 01 16:00:53  1820041835.028   0
 5 43 43 2005 MAR 02 01:45:01  1817013053.657   0
 5 43 43 2005 MAR 03 21:12:45  1803532874.427   0
 5 63 63 2005 MAR 04 06:33:29  1800660826.435   0
 5 63 63 2005 MAR 05 06:22:10  1793278642.629   0
 5 14 14 2005 MAR 05 16:12:30  1790217872.001   0
 5 43 43 2005 MAR 06 02:57:27  1786883018.775   0
 5 63 63 2005 MAR 06 06:16:41  1785865781.545   0
 5 14 14 2005 MAR 06 16:25:09  1782710890.191   0
 5 26 26 2005 MAR 07 16:12:49  1775333645.000  77
 5 63 63 2005 MAR 08 06:02:11  1771060086.303   0
 5 55 55 2005 MAR 09 07:23:44  1763193796.216   0
 5 63 63 2005 MAR 09 10:10:33  1762331155.249   0
 5 55 55 2005 MAR 10 07:17:46  1755788009.715   0
 5 55 55 2005 MAR 11 09:34:42  1747644926.390   0
 5 14 14 2005 MAR 11 13:12:37  1746527459.303   0
 5 63 63 2005 MAR 12 06:14:45  1741253041.384   0
 5 26 26 2005 MAR 12 13:15:24  1739083370.390  77
 5 63 63 2005 MAR 13 06:03:27  1733886120.141   0
 5 15 15 2005 MAR 13 14:22:22  1731307660.928   0
 5 43 43 2005 MAR 13 18:25:50  1730048065.093   0
 5 63 63 2005 MAR 14 05:57:58  1726493860.490   0
 5 15 15 2005 MAR 14 18:21:27  1722657243.496   0
 5 43 43 2005 MAR 15 23:37:35  1713598079.174   0
 5 55 55 2005 MAR 16 09:18:15  1710632386.159   0
 5 55 55 2005 MAR 17 10:56:28  1702731999.404   0
 5 25 25 2005 MAR 17 17:41:38  1700645701.939  77
 5 55 55 2005 MAR 18 10:56:33  1695339872.982   0
 5 63 63 2005 MAR 19 06:21:55  1689365402.325   0
 5 14 14 2005 MAR 19 18:47:40  1685541694.520   0
 5 63 63 2005 MAR 20 06:04:44  1682078440.719   0
 5 26 26 2005 MAR 20 16:37:49  1678827944.805  77
 5 43 43 2005 MAR 21 02:20:12  1675845827.251   0
 5 26 26 2005 MAR 21 15:36:39  1671777825.312  77
 5 45 45 2005 MAR 21 18:22:42  1670928893.992   0
 5 26 26 2005 MAR 23 13:46:04  1657649942.363  77
 5 55 55 2005 MAR 24 07:02:43  1652368404.647   0
 5 43 43 2005 MAR 26 02:49:34  1639006345.813   0
 5 26 26 2005 MAR 26 16:24:46  1634866209.795  77
 5 43 43 2005 MAR 26 20:26:59  1633624834.756   0
 5 63 63 2005 MAR 27 05:54:22  1630770552.143   0
 5 43 43 2005 MAR 27 20:33:33  1626291299.638   0
 5 63 63 2005 MAR 28 06:00:30  1623443205.627   0
 5 55 55 2005 MAR 29 06:12:32  1616096321.088   0
 5 14 14 2005 MAR 29 17:58:07  1612525217.243   0
 5 55 55 2005 MAR 30 07:03:39  1608560581.691   0
 5 14 14 2005 MAR 30 18:56:31  1604966425.314   0
 5 55 55 2005 APR 01 07:00:40  1594059790.606   0
 5 26 26 2005 APR 06 17:40:15  1554764329.590  77
 5 55 55 2005 APR 07 06:56:27  1550795414.436   0
 5 26 26 2005 APR 07 18:34:50  1547316679.361  77
 5 43 43 2005 APR 08 00:58:36  1545391004.252   0
 5 26 26 2005 APR 08 14:23:18  1541396371.023  77
 5 14 14 2005 APR 08 18:37:01  1540139433.388   0
 5 26 26 2005 APR 09 16:29:55  1533609575.453  77
 5 43 43 2005 APR 10 02:05:13  1530755426.285   0
 5 63 63 2005 APR 10 05:53:40  1529631534.369   0
 5 26 26 2005 APR 10 14:00:13  1527214356.138  77
 5 43 43 2005 APR 10 18:07:41  1525986717.672   0
 5 63 63 2005 APR 11 05:53:54  1522497522.569   0
 5 26 26 2005 APR 11 15:58:21  1519498267.113  77
 5 63 63 2005 APR 12 05:36:39  1515466074.817   0
 5 43 43 2005 APR 12 19:16:47  1511402506.908   0
 5 55 55 2005 APR 13 05:25:14  1508420301.574   0
 5 26 26 2005 APR 13 17:16:37  1504907247.561  77
 5 26 26 2005 APR 14 13:31:31  1498937212.852  77
 5 43 43 2005 APR 14 21:11:10  1496660984.186   0
 5 55 55 2005 APR 15 05:01:19  1494381040.434   0
 5 14 14 2005 APR 15 19:03:45  1490248646.767   0
 5 63 63 2005 APR 16 04:52:27  1487370129.139   0
 5 14 14 2005 APR 16 18:23:29  1483396197.932   0
 5 43 43 2005 APR 16 22:35:17  1482145253.594   0
 5 14 14 2005 APR 17 16:01:56  1477050350.596   0
 5 14 14 2005 APR 18 13:34:33  1470759431.001   0
 5 63 63 2005 APR 19 05:17:09  1466183412.607   0
 5 55 55 2005 APR 19 09:43:25  1464883428.604   0
 5 43 43 2005 APR 19 19:36:14  1461994747.087   0
 5 55 55 2005 APR 20 09:20:20  1458011200.863   0
 5 26 26 2005 APR 20 13:40:52  1456750164.874  77
 5 43 43 2005 APR 21 02:55:52  1452910394.679   0
 5 55 55 2005 APR 21 09:16:52  1451062156.501   0
 5 25 25 2005 APR 21 14:56:57  1449416179.347  77
 5 43 43 2005 APR 22 02:38:37  1446038816.118   0
 5 25 25 2005 APR 22 14:35:49  1442574811.172  77
 5 43 43 2005 APR 23 00:28:34  1439714404.173   0
 5 55 55 2005 APR 23 10:24:57  1436860462.533   0
 5 43 43 2005 APR 23 20:05:29  1434055262.512   0
 5 63 63 2005 APR 24 06:38:21  1431032388.302   0
 5 15 15 2005 APR 24 14:36:16  1428737234.530   0
 5 63 63 2005 APR 25 04:22:39  1424796040.516   0
 5 26 26 2005 APR 25 15:49:25  1421494800.469  77
 5 45 45 2005 APR 26 01:52:52  1418616786.495   0
 5 63 63 2005 APR 26 05:12:09  1417672875.104   0
 5 43 43 2005 APR 26 21:20:09  1413033674.400   0
 5 26 26 2005 APR 28 18:41:25  1400119680.339  77
 5 55 55 2005 APR 29 06:19:48  1396805079.589   0
 5 55 55 2005 APR 30 06:20:26  1389988468.146   0
 5 43 43 2005 APR 30 20:41:01  1385908678.429   0
 5 55 55 2005 MAY 01 06:14:29  1383219485.784   0
 5 26 26 2005 MAY 01 13:54:02  1381050332.387  77
 5 43 43 2005 MAY 01 19:34:06  1379440404.347   0
 5 25 25 2005 MAY 02 15:34:10  1373800499.893  77
 5 55 55 2005 MAY 03 06:00:30  1369739372.575   0
 5 15 15 2005 MAY 04 15:22:54  1360351665.938   0
 5 55 55 2005 MAY 05 04:46:16  1356610289.574   0
 5 26 26 2005 MAY 05 18:44:53  1352694923.214  77
 5 43 43 2005 MAY 06 00:34:50  1351050562.615   0
 5 26 26 2005 MAY 06 18:33:23  1346039985.468  77
 5 43 43 2005 MAY 07 02:13:09  1343902582.581   0
 5 55 55 2005 MAY 07 09:56:38  1341744981.804   0
 5 26 26 2005 MAY 07 12:26:51  1341050005.894  77
 5 43 43 2005 MAY 08 00:11:47  1337766610.092   0
 5 55 55 2005 MAY 08 08:07:02  1335569088.301   0
 5 43 43 2005 MAY 08 22:04:35  1331679371.573   0
 5 26 26 2005 MAY 09 12:12:03  1327782278.202  77
 5 45 45 2005 MAY 09 17:58:41  1326175977.899   0
 5 43 43 2005 MAY 10 21:44:32  1318484394.131   0
 5 55 55 2005 MAY 11 09:22:05  1315291205.763   0
 5 26 26 2005 MAY 11 13:24:18  1314177410.623  77
 5 55 55 2005 MAY 12 10:33:21  1308362338.396   0
 5 26 26 2005 MAY 12 14:53:54  1307158461.271  77
 5 43 43 2005 MAY 12 23:11:23  1304875750.986   0
 5 26 26 2005 MAY 13 12:46:43  1301161616.541  77
 5 34 34 2005 MAY 14 00:40:57  1297897155.378   0
 5 25 25 2005 MAY 14 16:26:36  1293587515.181  77
 5 43 43 2005 MAY 15 00:35:20  1291364528.631   0
 5 55 55 2005 MAY 15 04:26:41  1290324518.224   0
 5 26 26 2005 MAY 15 15:43:01  1287238628.987  77
 5 43 43 2005 MAY 16 01:32:49  1284572272.827   0
 5 63 63 2005 MAY 16 03:52:49  1283945896.855   0
 5 14 14 2005 MAY 16 12:03:31  1281716497.471   0
 5 63 63 2005 MAY 17 03:41:53  1277479468.625   0
 5 45 45 2005 MAY 17 21:36:12  1272603594.478   0
 5 26 26 2005 MAY 18 12:40:49  1268542976.264  77
 5 55 55 2005 MAY 19 05:18:52  1264057143.056   0
 5 45 45 2005 MAY 19 18:30:53  1260496699.496   0
 5 43 43 2005 MAY 19 23:03:02  1259270141.234   0
 5 55 55 2005 MAY 20 07:01:07  1257135734.723   0
 5 14 14 2005 MAY 20 18:49:49  1253976732.174   0
 5 43 43 2005 MAY 21 19:57:43  1247226736.203   0
 5 55 55 2005 MAY 22 06:20:37  1244460812.993   0
 5 43 43 2005 MAY 22 20:15:22  1240738824.968   0
 5 45 45 2005 MAY 23 17:47:45  1235015509.081   0
 5 26 26 2005 MAY 24 11:23:10  1230349064.786  77
 5 43 43 2005 MAY 24 19:37:42  1228145197.866   0
 5 55 55 2005 MAY 25 09:08:12  1224574025.698   0
 5 14 14 2005 MAY 25 18:57:01  1221988429.814   0
 5 55 55 2005 MAY 26 04:41:05  1219409917.013   0
 5 15 15 2005 MAY 26 12:23:41  1217370747.081   0
 5 26 26 2005 MAY 26 16:38:16  1216246241.911  77
 5 43 43 2005 MAY 26 20:44:04  1215157507.233   0
 5 26 26 2005 MAY 27 12:26:43  1211030382.725  77
 5 43 43 2005 MAY 28 02:02:02  1207466576.229   0
 5 55 55 2005 MAY 28 09:50:19  1205405848.772   0
 5 26 26 2005 MAY 28 12:30:25  1204703397.763  77
 5 45 45 2005 MAY 29 01:47:35  1201226800.989   0
 5 63 63 2005 MAY 29 03:54:53  1200669143.575   0
 5 45 45 2005 MAY 29 21:41:46  1195991647.042   0
 5 63 63 2005 MAY 30 03:40:26  1194449241.060   0
 5 26 26 2005 MAY 30 17:21:35  1190862272.836  77
 5 63 63 2005 MAY 31 03:23:05  1188257501.174   0
 5 43 43 2005 MAY 31 19:34:50  1184015247.830   0
 5 55 55 2005 JUN 01 03:13:12  1182047447.871   0
 5 26 26 2005 JUN 01 15:11:35  1178913311.689  77
 5 43 43 2005 JUN 02 00:52:41  1176407957.586   0
 5 26 26 2005 JUN 02 16:38:15  1172311101.419  77
 5 63 63 2005 JUN 03 04:35:24  1169220816.916   0
 5 14 14 2005 JUN 03 14:16:27  1166704100.370   0
 5 43 43 2005 JUN 04 00:33:19  1164054909.674   0
 5 55 55 2005 JUN 04 06:37:03  1162482200.259   0
 5 43 43 2005 JUN 05 01:53:20  1157527561.336   0
 5 63 63 2005 JUN 05 03:43:10  1157050800.802   0
 5 26 26 2005 JUN 06 13:44:51  1148282917.108  77
 5 45 45 2005 JUN 06 17:33:13  1147315030.009   0
 5 25 25 2005 JUN 07 15:11:28  1141757367.883  77
 5 43 43 2005 JUN 07 19:02:49  1140771685.746   0
 5 55 55 2005 JUN 08 07:26:14  1137602940.097   0
 5 15 15 2005 JUN 08 18:39:37  1134750068.085   0
 5 25 25 2005 JUN 09 12:55:50  1130076627.847  77
 5 45 45 2005 JUN 09 19:00:12  1128528255.208   0
 5 55 55 2005 JUN 10 02:43:32  1126582519.934   0
 5 26 26 2005 JUN 10 17:59:05  1122693578.139  77
 5 63 63 2005 JUN 11 04:03:33  1120136304.527   0
 5 25 25 2005 JUN 11 14:19:46  1117519643.633  77
 5 43 43 2005 JUN 11 21:36:03  1115676198.534   0
 5 63 63 2005 JUN 12 05:41:52  1113632684.995   0
 5 25 25 2005 JUN 12 13:27:27  1111667280.749  77
 5 45 45 2005 JUN 12 21:30:20  1109631021.858   0
 5 14 14 2005 JUN 13 13:27:37  1105607895.639   0
 5 45 45 2005 JUN 13 17:47:59  1104521832.549   0
 5 55 55 2005 JUN 14 07:20:36  1101104826.492   0
 5 24 24 2005 JUN 14 13:10:16  1099638880.003  77
 5 63 63 2005 JUN 15 03:23:30  1096079931.842   0
 5 26 26 2005 JUN 15 12:29:34  1093785052.594  77
 5 55 55 2005 JUN 16 02:34:05  1090275028.593   0
 5 24 24 2005 JUN 16 12:53:03  1087674410.019  77
 5 45 45 2005 JUN 16 18:07:51  1086366767.442   0
 5 43 43 2005 JUN 16 22:37:00  1085241443.694   0
 5 55 55 2005 JUN 17 04:29:52  1083778486.447   0
 5 26 26 2005 JUN 17 12:21:06  1081814603.947  77
 5 63 63 2005 JUN 18 02:22:43  1078335753.665   0
 5 14 14 2005 JUN 18 13:59:24  1075422366.795   0
 5 63 63 2005 JUN 19 04:03:52  1071934423.797   0
 5 24 24 2005 JUN 19 13:47:51  1069507196.513  77
 5 45 45 2005 JUN 19 23:49:19  1067031143.374   0
 5 63 63 2005 JUN 20 03:23:10  1066152346.380   0
 5 45 45 2005 JUN 20 17:21:48  1062688513.958   0
 5 63 63 2005 JUN 21 03:37:50  1060150125.527   0
 5 45 45 2005 JUN 21 21:01:31  1055840941.492   0
 5 14 14 2005 JUN 22 12:35:15  1052006782.553   0
 5 43 43 2005 JUN 22 16:59:31  1050933315.584   0
 5 26 26 2005 JUN 23 14:25:11  1045645433.474  77
 5 43 43 2005 JUN 23 16:23:48  1045179586.256   0
 5 26 26 2005 JUN 24 14:15:00  1039793719.813  77
 5 45 45 2005 JUN 24 18:07:54  1038849782.738   0
 5 14 14 2005 JUN 25 15:43:11  1033555028.598   0
 5 43 43 2005 JUN 25 19:37:27  1032599465.242   0
 5 45 45 2005 JUN 26 19:32:42  1026752083.618   0
 5 63 63 2005 JUN 27 03:17:06  1024874411.874   0
 5 25 25 2005 JUN 27 13:15:45  1022426489.109  77
 5 55 55 2005 JUN 28 07:20:12  1018022915.688   0
 5 24 24 2005 JUN 28 12:58:24  1016649706.705  77
 5 45 45 2005 JUN 28 16:55:26  1015702331.298   0
 5 43 43 2005 JUN 28 20:46:47  1014749991.150   0
 5 55 55 2005 JUN 29 07:02:48  1012253331.367   0
 5 14 14 2005 JUN 29 10:49:36  1011345023.496   0
 5 34 34 2005 JUN 29 18:24:59  1009495211.928   0
 5 55 55 2005 JUN 30 02:25:20  1007564492.483   0
 5 14 14 2005 JUN 30 12:21:03  1005138767.875   0
 5 45 45 2005 JUN 30 18:34:07  1003633375.501   0
 5 26 26 2005 JUL 01 12:18:17   999333478.730  77
 5 55 55 2005 JUL 02 07:46:16   994622927.221   0
 5 25 25 2005 JUL 02 11:43:25   993670566.615  77
 5 45 45 2005 JUL 02 20:00:55   991663246.886   0
 5 45 45 2005 JUL 03 21:30:30   985512630.249   0
 5 25 25 2005 JUL 04 15:05:54   981271370.602  77
 5 55 55 2005 JUL 05 02:48:28   978468689.517   0
 5 26 26 2005 JUL 05 11:11:47   976444216.663  77
 5 43 43 2005 JUL 05 22:42:43   973677786.307   0
 5 55 55 2005 JUL 06 02:45:44   972711848.131   0
 5 26 26 2005 JUL 06 12:26:45   970373931.401  77
 5 43 43 2005 JUL 07 17:59:19   963300985.659   0
 5 63 63 2005 JUL 08 02:25:35   961290789.166   0
 5 25 25 2005 JUL 08 12:00:47   958984305.189  77
 5 43 43 2005 JUL 08 16:05:43   958026751.278   0
 5 14 14 2005 JUL 09 11:52:11   953288015.659   0
 5 43 43 2005 JUL 09 15:57:17   952332216.247   0
 5 55 55 2005 JUL 10 03:34:52   949547741.833   0
 5 14 14 2005 JUL 10 17:13:04   946301862.083   0
 5 43 43 2005 JUL 10 21:18:54   945320680.314   0
 5 63 63 2005 JUL 11 03:23:18   943881782.448   0
 5 25 25 2005 JUL 11 13:07:17   941557270.160  77
 5 45 45 2005 JUL 11 17:16:07   940585383.362   0
 5 63 63 2005 JUL 12 01:14:34   938704840.634   0
 5 15 15 2005 JUL 12 14:39:41   935494954.019   0
 5 43 43 2005 JUL 12 20:41:17   934070660.714   0
 5 55 55 2005 JUL 13 04:44:11   932163516.538   0
 5 24 24 2005 JUL 13 12:23:47   930347473.714  77
 5 55 55 2005 JUL 14 02:36:57   926997306.645   0
 5 26 26 2005 JUL 14 12:12:14   924718367.589  77
 5 43 43 2005 JUL 14 20:12:19   922830896.964   0
 5 26 26 2005 JUL 15 17:38:49   917784239.440  77
 5 43 43 2005 JUL 15 23:40:22   916368022.216   0
 5 55 55 2005 JUL 16 02:05:06   915799622.790   0
 5 15 15 2005 JUL 16 13:47:40   913023746.103   0
 5 63 63 2005 JUL 17 07:20:03   908902903.899   0
 5 45 45 2005 JUL 17 19:11:19   906122077.734   0
 5 15 15 2005 JUL 18 11:02:40   902403811.685   0
 5 63 63 2005 JUL 19 03:02:43   898658589.658   0
 5 45 45 2005 JUL 19 18:42:18   894989190.820   0
 5 45 45 2005 JUL 21 18:07:29   883917532.408   0
 5 25 25 2005 JUL 22 11:48:39   879789813.139  77
 5 45 45 2005 JUL 22 23:45:46   877026633.823   0
 5 55 55 2005 JUL 23 04:00:25   876022420.761   0
 5 14 14 2005 JUL 23 13:35:40   873785898.375   0
 5 55 55 2005 JUL 24 01:26:57   871052643.831   0
 5 24 24 2005 JUL 24 09:38:33   869143124.150  77
 5 45 45 2005 JUL 24 21:26:58   866395295.036   0
 5 63 63 2005 JUL 25 01:27:02   865478757.701   0
 5 26 26 2005 JUL 25 15:05:15   862295909.979  77
 5 63 63 2005 JUL 26 02:39:03   859625750.131   0
 5 14 14 2005 JUL 26 14:47:50   856800416.940   0
 5 34 34 2005 JUL 26 22:44:02   854977963.359   0
 5 63 63 2005 JUL 27 02:42:03   854055214.278   0
 5 15 15 2005 JUL 27 10:27:27   852257551.503   0
 5 55 55 2005 JUL 28 03:59:58   848196720.298   0
 5 26 26 2005 JUL 28 14:07:15   845852611.614  77
 5 34 34 2005 JUL 28 20:00:04   844501632.565   0
 5 25 25 2005 JUL 29 11:48:23   840848227.219  77
 5 63 63 2005 JUL 30 05:38:21   836734371.114   0
 5 26 26 2005 JUL 30 17:29:40   834018757.457  77
 5 34 34 2005 JUL 30 19:28:15   833553385.309   0
 5 63 63 2005 JUL 31 05:09:18   831317644.045   0
 5 26 26 2005 JUL 31 13:18:03   829440544.230  77
 5 45 45 2005 JUL 31 17:23:58   828511313.290   0
 5 25 25 2005 AUG 01 12:57:44   824000027.235  77
 5 55 55 2005 AUG 02 02:47:37   820834183.541   0
 5 45 45 2005 AUG 02 18:50:43   817148892.020   0
 5 14 14 2005 AUG 03 14:27:22   812646669.434   0
 5 55 55 2005 AUG 04 06:27:29   808983884.473   0
 5 45 45 2005 AUG 04 20:05:44   805871825.540   0
 5 55 55 2005 AUG 05 07:51:10   803182756.657   0
 5 15 15 2005 AUG 06 09:44:02   797282918.925   0
 5 45 45 2005 AUG 06 19:42:35   795005862.531   0
 5 63 63 2005 AUG 07 01:20:47   793732583.836   0
 5 25 25 2005 AUG 07 09:32:27   791861448.367  77
 5 45 45 2005 AUG 07 20:54:36   789273339.180   0
 5 25 25 2005 AUG 08 13:00:34   785603337.329  77
 5 45 45 2005 AUG 08 17:06:20   784688534.822   0
 5 63 63 2005 AUG 09 00:46:00   782958579.013   0
 5 45 45 2005 AUG 09 20:31:26   778467879.429   0
 5 25 25 2005 AUG 10 08:40:14   775727069.591  77
 5 25 25 2005 AUG 11 08:22:49   770370736.109  77
 5 63 63 2005 AUG 12 00:07:32   766824552.374   0
 5 25 25 2005 AUG 12 09:46:28   764633443.844  77
 5 26 26 2005 AUG 13 11:36:22   758812948.495  77
 5 55 55 2005 AUG 14 01:35:02   755688503.782   0
 5 14 14 2005 AUG 14 13:23:23   753024976.995   0
 5 26 26 2005 AUG 15 09:11:49   748603885.493  77
 5 45 45 2005 AUG 15 16:39:49   746936873.511   0
 5 25 25 2005 AUG 16 10:52:57   742855076.403  77
 5 45 45 2005 AUG 16 16:31:10   741611214.932   0
 5 63 63 2005 AUG 17 04:19:33   738964593.924   0
 5 24 24 2005 AUG 17 12:16:35   737192018.109  77
 5 14 14 2005 AUG 18 11:59:14   731921376.466   0
 5 55 55 2005 AUG 18 23:59:34   729283484.261   0
 5 26 26 2005 AUG 19 11:41:54   726663274.563  77
 5 63 63 2005 AUG 20 01:25:54   723637743.809   0
 5 14 14 2005 AUG 20 11:42:03   721352739.875   0
 5 24 24 2005 AUG 21 11:24:43   716120005.820  77
 5 45 45 2005 AUG 21 17:17:24   714836932.731   0
 5 15 15 2005 AUG 22 16:36:43   709708002.821   0
 5 63 63 2005 AUG 23 00:57:15   707876629.012   0
 5 45 45 2005 AUG 23 18:38:21   703990180.548   0
 5 63 63 2005 AUG 24 04:19:26   701859606.735   0
 5 25 25 2005 AUG 24 10:29:48   700511310.213  77
 5 34 34 2005 AUG 24 16:10:47   699282797.362   0
 5 34 34 2005 AUG 25 15:59:13   694086184.754   0
 5 26 26 2005 AUG 26 09:46:15   690201324.132  77
 5 63 63 2005 AUG 26 23:32:02   687230113.676   0
 5 24 24 2005 AUG 27 09:37:38   685020400.285  77
 5 63 63 2005 AUG 27 23:18:12   682078380.934   0
 5 14 14 2005 AUG 28 09:02:47   679953373.953   0
 5 63 63 2005 AUG 29 04:36:42   675719710.962   0
 5 26 26 2005 AUG 29 12:33:50   674005185.200  77
 5 26 26 2005 AUG 30 10:44:07   669242996.701  77
 5 26 26 2005 AUG 31 10:32:34   664146020.889  77
 5 63 63 2005 SEP 01 05:57:47   660003064.385   0
 5 15 15 2005 SEP 01 11:38:47   658790592.399   0
 5 65 65 2005 SEP 01 23:47:33   656233069.811   0
 5 25 25 2005 SEP 02 07:59:21   654488984.611  77
 5 65 65 2005 SEP 03 03:39:01   650314592.971   0
 5 65 65 2005 SEP 05 00:45:13   640851398.082   0
 5 26 26 2005 SEP 05 08:39:30   639196852.009  77
 5 25 25 2005 SEP 06 08:16:17   634285039.714  77
 5 65 65 2005 SEP 07 02:20:39   630534228.013   0
 5 25 25 2005 SEP 07 10:23:40   628869416.181  77
 5 14 14 2005 SEP 08 13:39:57   623268050.546   0
 5 25 25 2005 SEP 08 15:56:01   622817603.376  77
 5 65 65 2005 SEP 09 05:34:13   620019596.852   0
 5 65 65 2005 SEP 10 07:29:58   614764936.611   0
 5 45 45 2005 SEP 11 19:24:17   607547829.176   0
 5 63 63 2005 SEP 12 07:09:43   605196491.117   0
 5 26 26 2005 SEP 12 13:11:19   603989375.603  77
 5 65 65 2005 SEP 12 22:34:47   602152309.130   0
 5 26 26 2005 SEP 13 08:33:25   600159605.892  77
 5 45 45 2005 SEP 13 18:29:03   598205503.089   0
 5 65 65 2005 SEP 14 00:33:34   597011708.812   0
 5 26 26 2005 SEP 14 06:01:46   595954367.559  77
 5 65 65 2005 SEP 14 23:58:42   592435746.106   0
 5 25 25 2005 SEP 16 09:51:30   585866371.027  77
 5 63 63 2005 SEP 16 23:56:00   583182852.582   0
 5 24 24 2005 SEP 17 15:26:58   580226204.694  77
 5 26 26 2005 SEP 18 13:16:50   576086450.044  77
 5 24 24 2005 SEP 19 10:25:51   572122270.185  77
 5 45 45 2005 SEP 19 14:44:26   571341225.748   0
 5 63 63 2005 SEP 19 22:40:29   569870997.320   0
 5 26 26 2005 SEP 20 12:12:53   567344667.593  77
 5 45 45 2005 SEP 20 16:15:56   566613743.069   0
 5 63 63 2005 SEP 20 23:55:28   565208915.603   0
 5 26 26 2005 SEP 21 10:37:47   563238309.655  77
 5 63 63 2005 SEP 21 22:24:31   561125508.940   0
 5 55 55 2005 SEP 22 05:37:24   559800225.299   0
 5 45 45 2005 SEP 22 16:02:13   557937484.591   0
 5 65 65 2005 SEP 23 01:37:27   556211970.487   0
 5 26 26 2005 SEP 23 13:31:40   554095780.190  77
 5 55 55 2005 SEP 24 03:18:41   551657231.715   0
 5 14 14 2005 SEP 24 11:30:23   550218461.368   0
 5 63 63 2005 SEP 25 01:02:43   547866419.700   0
 5 26 26 2005 SEP 25 08:57:03   546494833.867  77
 5 65 65 2005 SEP 26 02:55:35   543405513.024   0
 5 26 26 2005 SEP 26 08:22:11   542483686.592  77
 5 55 55 2005 SEP 27 06:23:45   538769171.799   0
 5 25 25 2005 SEP 27 14:20:27   537444446.633  77
 5 45 45 2005 SEP 28 14:23:54   533482109.040   0
 5 55 55 2005 SEP 29 05:34:23   530999836.042   0
 5 55 55 2005 SEP 29 23:18:31   528163119.849   0
 5 25 25 2005 SEP 30 07:36:01   526841057.019  77
 5 63 63 2005 SEP 30 23:07:00   524410028.651   0
 5 24 24 2005 OCT 01 11:18:43   522501006.285  77
 5 45 45 2005 OCT 01 20:45:10   521079683.366   0
 5 65 65 2005 OCT 03 01:11:40   516763790.695   0
 5 45 45 2005 OCT 03 20:22:05   513963234.916   0
 5 55 55 2005 OCT 03 22:55:41   513579587.656   0
 5 26 26 2005 OCT 04 12:22:16   511626804.734  77
 5 55 55 2005 OCT 04 23:56:04   509987002.810   0
 5 26 26 2005 OCT 05 14:15:09   507985667.356  77
 5 14 14 2005 OCT 06 12:10:52   504966158.810   0
 5 55 55 2005 OCT 07 02:00:46   503109421.981   0
 5 65 65 2005 OCT 08 03:04:07   499835801.973   0
 5 24 24 2005 OCT 08 12:56:51   498583583.289  77
 5 55 55 2005 OCT 08 23:36:14   497246929.756   0
 5 14 14 2005 OCT 09 14:32:16   495417418.030   0
 5 65 65 2005 OCT 10 00:45:24   494167068.301   0
 5 25 25 2005 OCT 10 12:36:46   492763239.158  77
 5 65 65 2005 OCT 11 02:29:35   491144855.197   0
 5 25 25 2005 OCT 11 06:03:28   490751231.610  77
 5 45 45 2005 OCT 11 14:50:06   489758265.245   0
 5 26 26 2005 OCT 12 09:49:04   487647035.370  77
 5 55 55 2005 OCT 13 04:22:43   485676207.537   0
 5 25 25 2005 OCT 13 07:53:25   485308182.086  77
 5 65 65 2005 OCT 13 23:12:54   483748387.573   0
 5 26 26 2005 OCT 14 13:29:02   482340188.171  77
 5 55 55 2005 OCT 15 02:58:31   481031589.564   0
 5 25 25 2005 OCT 15 09:17:39   480436559.974  77
 5 65 65 2005 OCT 15 23:19:13   479160884.751   0
 5 26 26 2005 OCT 16 08:45:47   478312747.152  77
 5 45 45 2005 OCT 16 17:23:41   477579128.225   0
 5 55 55 2005 OCT 17 02:47:18   476767404.566   0
 5 24 24 2005 OCT 17 04:42:56   476626797.176  77
 5 25 25 2005 OCT 17 08:43:03   476273436.461  77
 5 63 63 2005 OCT 17 20:37:19   475335395.012   0
 5 26 26 2005 OCT 18 08:02:24   474417624.504  77
 5 45 45 2005 OCT 18 16:25:46   473793947.194   0
 5 63 63 2005 OCT 19 00:20:06   473198410.000   0
 5 24 24 2005 OCT 19 09:43:42   472520428.976  77
 5 45 45 2005 OCT 19 16:31:48   472060317.288   0
 5 63 63 2005 OCT 19 22:01:19   471684695.174   0
 5 34 34 2005 OCT 20 17:20:35   470427333.466   0
 5 55 55 2005 OCT 21 01:23:41   469913031.276   0
 5 45 45 2005 OCT 21 15:33:59   469089817.883   0
 5 26 26 2005 OCT 22 07:48:37   468183071.904  77
 5 34 34 2005 OCT 22 17:06:27   467718263.487   0
 5 55 55 2005 OCT 22 23:02:08   467413168.215   0
 5 26 26 2005 OCT 23 05:26:58   467110326.972  77
 5 24 24 2005 OCT 23 09:26:55   466910892.326  77
 5 25 25 2005 OCT 23 12:55:27   466768478.238  77
 5 34 34 2005 OCT 23 17:00:50   466586730.309   0
 5 63 63 2005 OCT 23 23:19:47   466301375.556   0
 5 45 45 2005 OCT 24 16:11:29   465634237.899   0
 5 55 55 2005 OCT 24 22:53:41   465378834.880   0
 5 26 26 2005 OCT 25 08:26:02   465041036.860  77
 5 55 55 2005 OCT 25 20:40:42   464674423.317   0
 5 26 26 2005 OCT 26 10:13:05   464277143.790  77
 5 45 45 2005 OCT 26 16:08:53   464140261.416   0
 5 26 26 2005 OCT 27 03:25:12   463893974.425  77
 5 65 65 2005 OCT 27 23:13:33   463509554.855   0
 5 14 14 2005 OCT 28 13:29:31   463338894.510   0
 5 45 45 2005 OCT 28 16:00:23   463302218.452   0
 5 65 65 2005 OCT 28 23:39:38   463217624.716   0
 5 14 14 2005 OCT 29 13:12:19   463152683.745   0
 5 45 45 2005 OCT 29 16:37:27   463134768.431   0
 5 65 65 2005 OCT 30 03:19:46   463106861.149   0
 5 25 25 2005 OCT 30 08:49:15   463103608.057  77
 5 55 55 2005 OCT 31 00:57:58   463170061.287   0
 5 25 25 2005 OCT 31 08:37:44   463227443.383  77
 5 63 63 2005 NOV 01 03:02:31   463448697.910   0
 5 45 45 2005 NOV 01 16:51:39   463690834.396   0
 5 55 55 2005 NOV 01 22:27:47   463786014.509   0
 5 24 24 2005 NOV 02 05:46:56   463943531.997  77
 5 45 45 2005 NOV 02 12:40:56   464118373.528   0
 5 26 26 2005 NOV 03 05:44:09   464576055.133  77
 5 34 34 2005 NOV 03 17:29:35   464971781.727   0
 5 25 25 2005 NOV 04 05:47:09   465390733.529  77
 5 34 34 2005 NOV 04 13:21:02   465694007.906   0
 5 26 26 2005 NOV 05 07:19:38   466450530.411  77
 5 65 65 2005 NOV 05 19:16:42   467042888.294   0
 5 14 14 2005 NOV 06 08:40:25   467710562.816   0
 5 45 45 2005 NOV 06 16:52:03   468182624.911   0
 5 63 63 2005 NOV 06 19:02:33   468308085.806   0
 5 25 25 2005 NOV 07 06:36:05   468963085.148  77
 5 63 63 2005 NOV 07 20:02:35   469821590.830   0
 5 25 25 2005 NOV 08 04:28:54   470372662.652  77
 5 34 34 2005 NOV 08 10:42:04   470811897.950   0
 5 55 55 2005 NOV 08 21:43:45   471579374.516   0
 5 45 45 2005 NOV 10 11:21:59   474556259.971   0
 5 55 55 2005 NOV 10 23:42:20   475607041.141   0
 5 34 34 2005 NOV 11 13:39:07   476883228.181   0
 5 55 55 2005 NOV 12 03:42:28   478222533.980   0
 5 25 25 2005 NOV 13 04:25:07   480708024.584  77
 5 14 14 2005 NOV 14 10:46:22   484036821.810   0
 5 63 63 2005 NOV 14 18:37:51   484950041.469   0
 5 65 65 2005 NOV 15 21:35:45   488181286.335   0
 5 65 65 2005 NOV 17 03:25:12   492044111.495   0
 5 65 65 2005 NOV 17 21:20:54   494471895.032   0
 5 24 24 2005 NOV 18 06:07:16   495696666.929  77
 5 65 65 2005 NOV 18 18:00:32   497423659.200   0
 5 26 26 2005 NOV 19 06:27:55   499226478.045  77
 5 63 63 2005 NOV 20 01:43:57   502152516.507   0
 5 34 34 2005 NOV 21 14:56:33   508099100.206   0
 5 63 63 2005 NOV 21 20:03:23   508936445.077   0
 5 26 26 2005 NOV 22 09:55:21   511275012.482  77
 5 63 63 2005 NOV 22 20:32:38   513091883.951   0
 5 26 26 2005 NOV 23 10:03:45   515469002.780  77
 5 34 34 2005 NOV 23 15:30:01   516443143.487   0
 5 24 24 2005 NOV 24 10:12:10   519825632.422  77
 5 26 26 2005 NOV 26 04:47:39   527883126.440  77
 5 25 25 2005 NOV 27 08:08:13   533327226.723  77
 5 63 63 2005 NOV 27 19:15:20   535601482.890   0
 5 25 25 2005 NOV 28 06:21:36   537888686.757  77
 5 34 34 2005 NOV 28 12:26:49   539174625.138   0
 5 65 65 2005 NOV 28 21:45:25   541129347.674   0
 5 26 26 2005 NOV 29 10:31:44   543883921.424  77
 5 55 55 2005 NOV 29 19:16:20   545765969.211   0
 5 26 26 2005 NOV 30 09:02:23   548790970.751  77
 5 25 25 2005 DEC 01 03:15:53   552859142.092  77
 5 14 14 2005 DEC 01 09:42:44   554331752.328   0
 5 34 34 2005 DEC 01 13:39:35   555230053.793   0
 5 14 14 2005 DEC 02 07:40:29   559371816.508   0
 5 65 65 2005 DEC 03 02:29:51   563810046.523   0
 5 26 26 2005 DEC 03 06:18:29   564695253.526  77
 5 34 34 2005 DEC 03 13:32:41   566440006.219   0
 5 63 63 2005 DEC 03 17:28:57   567389538.723   0
 5 26 26 2005 DEC 04 08:50:56   571107821.992  77
 5 65 65 2005 DEC 04 19:59:17   573834342.869   0
 5 34 34 2005 DEC 05 12:01:37   577828741.188   0
 5 25 25 2005 DEC 06 04:56:42   582082490.903  77
 5 34 34 2005 DEC 06 10:24:38   583488410.692   0
 5 63 63 2005 DEC 06 19:53:00   585906649.327   0
 5 25 25 2005 DEC 07 01:58:27   587483964.699  77
 5 34 34 2005 DEC 07 12:26:15   590204153.795   0
 5 34 34 2005 DEC 08 14:56:22   597201879.403   0
 5 63 63 2005 DEC 08 21:41:33   598979847.111   0
 5 26 26 2005 DEC 09 04:37:00   600836969.124  77
 5 63 63 2005 DEC 09 17:40:24   604383193.684   0
 5 26 26 2005 DEC 10 03:48:12   607131481.857  77
 5 43 43 2005 DEC 10 13:02:09   609681946.353   0
 5 63 63 2005 DEC 10 19:57:36   611581486.564   0
 5 26 26 2005 DEC 11 07:53:44   614905839.700  77
 5 65 65 2005 DEC 12 00:52:09   619675688.090   0
 5 26 26 2005 DEC 12 05:46:30   621050435.331  77
 5 55 55 2005 DEC 12 19:55:19   625079365.249   0
 5 55 55 2005 DEC 13 20:26:06   632141947.311   0
 5 15 15 2005 DEC 14 08:59:30   635819248.202   0
 5 55 55 2005 DEC 14 20:24:08   639153104.013   0
 5 26 26 2005 DEC 15 07:21:42   642398909.123  77
 5 55 55 2005 DEC 15 19:09:15   645905709.771   0
 5 26 26 2005 DEC 16 07:41:24   649667537.589  77
 5 34 34 2005 DEC 16 11:04:56   650691524.284   0
 5 65 65 2005 DEC 16 23:40:18   654493925.417   0
 5 15 15 2005 DEC 17 09:20:42   657451921.583   0
 5 34 34 2005 DEC 17 12:36:18   658440934.446   0
 5 55 55 2005 DEC 17 22:53:57   661584119.926   0
 5 14 14 2005 DEC 18 06:15:08   663846506.819   0
 5 34 34 2005 DEC 18 10:46:40   665254008.268   0
 5 55 55 2005 DEC 18 23:14:42   669115790.210   0
 5 25 25 2005 DEC 19 08:34:42   672038808.899  77
 5 55 55 2005 DEC 19 16:46:24   674606915.073   0
 5 34 34 2005 DEC 20 12:42:05   680896610.642   0
 5 63 63 2005 DEC 20 22:50:43   684109318.548   0
 5 25 25 2005 DEC 21 09:07:02   687408752.662  77
 5 65 65 2005 DEC 21 19:37:04   690759789.205   0
 5 15 15 2005 DEC 22 09:02:10   695112411.760   0
 5 34 34 2005 DEC 22 11:56:30   696046762.248   0
 5 65 65 2005 DEC 22 19:34:32   698513774.406   0
 5 34 34 2005 DEC 23 11:59:33   703889287.801   0
 5 65 65 2005 DEC 23 16:03:10   705226842.532   0
 5 24 24 2005 DEC 24 03:56:19   709118812.122  77
 5 34 34 2005 DEC 24 10:47:11   711396222.453   0
 5 65 65 2005 DEC 24 18:57:23   714096288.700   0
 5 26 26 2005 DEC 25 04:03:31   717121710.828  77
 5 34 34 2005 DEC 25 11:58:24   719782030.676   0
 5 24 24 2005 DEC 26 05:46:35   725746987.785  77
 5 65 65 2005 DEC 26 15:44:49   729132910.058   0
 5 25 25 2005 DEC 27 01:15:51   732344536.768  77
 5 55 55 2005 DEC 27 17:48:28   737981114.204   0
 5 25 25 2005 DEC 28 03:50:50   741410242.431  77
 5 65 65 2005 DEC 28 15:20:30   745386865.976   0
 5 24 24 2005 DEC 29 05:24:29   750223206.710  77
 5 55 55 2005 DEC 29 17:55:02   754569444.897   0
 5 26 26 2005 DEC 30 05:46:17   758697961.257  77
 5 65 65 2005 DEC 30 17:37:55   762853293.443   0
 5 25 25 2005 DEC 31 00:39:20   765321229.861  77
 5 26 26 2005 DEC 31 06:14:11   767280838.285  77
 5 24 24 2006 JAN 01 05:43:39   775583200.187  77
 5 26 26 2006 JAN 02 08:02:00   784971279.840  77
 5 25 25 2006 JAN 02 23:45:10   790604720.401  77
 5 65 65 2006 JAN 03 18:40:44   797413847.734   0
 5 15 15 2006 JAN 04 08:28:57   802432598.974   0
 5 65 65 2006 JAN 04 18:38:12   806101455.941   0
 5 25 25 2006 JAN 05 08:56:05   811338016.830  77
 5 55 55 2006 JAN 06 22:20:59   825048638.726   0
 5 55 55 2006 JAN 07 20:52:48   833374876.561   0
 5 26 26 2006 JAN 08 03:41:43   835901749.176  77
 5 43 43 2006 JAN 08 11:29:43   838819536.302   0
 5 26 26 2006 JAN 09 00:37:58   843705010.791  77
 5 26 26 2006 JAN 10 02:57:03   853548697.077  77
 5 25 25 2006 JAN 11 02:15:56   862325253.077  77
 5 55 55 2006 JAN 11 15:05:27   867191815.405   0
 5 14 14 2006 JAN 12 03:00:01   871682141.158   0
 5 55 55 2006 JAN 12 20:56:52   878505226.193   0
 5 24 24 2006 JAN 13 05:01:05   881580883.313  77
 5 26 26 2006 JAN 14 07:02:06   891539149.199  77
 5 55 55 2006 JAN 15 22:13:36   906608729.499   0
 5 26 26 2006 JAN 16 02:59:53   908443345.583  77
 5 43 43 2006 JAN 16 12:56:37   912319145.996   0
 5 15 15 2006 JAN 17 03:48:46   918054770.620   0
 5 55 55 2006 JAN 17 19:02:12   923972623.960   0
 5 34 34 2006 JAN 18 10:27:20   929996984.352   0
 5 63 63 2006 JAN 18 19:11:33   933392921.021   0
 5 55 55 2006 JAN 19 18:46:41   942628015.052   0
 5 26 26 2006 JAN 20 06:01:46   947054607.611  77
 5 43 43 2006 JAN 20 10:06:16   948662880.639   0
 5 65 65 2006 JAN 20 15:58:06   950966013.790   0
 5 24 24 2006 JAN 21 04:07:45   955746353.882  77
 5 43 43 2006 JAN 21 11:10:49   958547183.407   0
 5 55 55 2006 JAN 21 16:27:49   960622989.847   0
 5 15 15 2006 JAN 22 07:23:21   966537995.816   0
 5 65 65 2006 JAN 22 17:07:09   970379066.276   0
 5 26 26 2006 JAN 23 05:57:40   975480881.029  77
 5 34 34 2006 JAN 23 10:54:47   977458018.025   0
 5 65 65 2006 JAN 23 16:16:29   979580847.759   0
 5 26 26 2006 JAN 24 06:36:10   985292353.228  77
 5 63 63 2006 JAN 24 21:28:45   991220052.852   0
 5 25 25 2006 JAN 25 04:05:53   993860916.043  77
 5 34 34 2006 JAN 25 11:00:31   996643634.648   0
 5 55 55 2006 JAN 25 20:42:15  1000508904.884   0
 5 26 26 2006 JAN 26 02:45:11  1002929894.474  77
 5 63 63 2006 JAN 26 19:29:29  1009649982.457   0
 5 15 15 2006 JAN 27 04:11:12  1013147030.811   0
 5 43 43 2006 JAN 27 10:34:10  1015732137.469   0
 5 65 65 2006 JAN 27 16:12:57  1017996030.000   0
 5 14 14 2006 JAN 28 05:28:03  1023337092.758   0
 5 43 43 2006 JAN 28 10:37:40  1025430524.141   0
 5 55 55 2006 JAN 28 15:20:37  1027329466.582   0
 5 24 24 2006 JAN 29 02:49:26  1031954154.875  77
 5 43 43 2006 JAN 29 10:40:44  1035151918.827   0
 5 55 55 2006 JAN 29 23:06:14  1040180117.475   0
 5 26 26 2006 JAN 30 03:56:41  1042127473.308  77
 5 43 43 2006 JAN 30 08:55:54  1044164186.779   0
 5 25 25 2006 JAN 31 01:46:00  1050982071.012  77
 5 55 55 2006 JAN 31 18:15:41  1057689301.680   0
 5 14 14 2006 FEB 01 07:16:06  1063005204.028   0
 5 55 55 2006 FEB 01 14:14:35  1065845951.091   0
 5 26 26 2006 FEB 02 00:26:18  1069985784.831  77
 5 26 26 2006 FEB 04 03:17:04  1090762674.319  77
 5 26 26 2006 FEB 05 01:43:28  1099957027.538  77
 5 55 55 2006 FEB 05 18:47:21  1106958990.751   0
 5 25 25 2006 FEB 06 05:59:09  1111569585.995  77
 5 43 43 2006 FEB 06 09:02:53  1112831134.597   0
 5 24 24 2006 FEB 06 23:42:58  1118849530.865  77
 5 63 63 2006 FEB 07 19:14:45  1126878730.496   0
 5 14 14 2006 FEB 08 06:10:16  1131391638.605   0
 5 43 43 2006 FEB 08 09:50:42  1132908661.792   0
 5 45 45 2006 FEB 09 10:18:47  1142996314.929   0
 5 65 65 2006 FEB 09 17:30:29  1145945696.077   0
 5 43 43 2006 FEB 10 10:49:48  1153116749.507   0
 5 55 55 2006 FEB 10 19:46:06  1156786925.826   0
 5 26 26 2006 FEB 11 04:13:57  1160286335.095  77
 5 55 55 2006 FEB 11 21:27:56  1167414634.885   0
 5 26 26 2006 FEB 12 05:59:23  1170946450.765  77
 5 65 65 2006 FEB 12 21:39:46  1177427046.160   0
 5 15 15 2006 FEB 13 07:14:26  1181407151.630   0
 5 45 45 2006 FEB 13 10:13:37  1182640265.291   0
 5 63 63 2006 FEB 13 19:38:42  1186521666.438   0
 5 26 26 2006 FEB 13 23:11:37  1187998180.980  77
 5 45 45 2006 FEB 14 10:13:47  1192584698.212   0
 5 55 55 2006 FEB 14 20:30:55  1196831549.896   0
 5 24 24 2006 FEB 15 06:39:40  1201054749.179  77
 5 55 55 2006 FEB 15 13:52:43  1204047976.092   0
 5 25 25 2006 FEB 16 03:20:36  1209616171.067  77
 5 43 43 2006 FEB 16 08:19:50  1211702197.030   0
 5 26 26 2006 FEB 17 04:57:15  1220255872.670  77
 5 45 45 2006 FEB 17 10:54:42  1222746644.010   0
 5 65 65 2006 FEB 17 13:56:48  1224000980.465   0
 5 15 15 2006 FEB 17 23:58:08  1228149230.813   0
 5 55 55 2006 FEB 18 16:35:18  1235055939.999   0
 5 26 26 2006 FEB 19 03:48:03  1239716452.749  77
 5 26 26 2006 FEB 20 01:57:38  1248927371.707  77
 5 55 55 2006 FEB 20 17:15:39  1255294136.399   0
 5 26 26 2006 FEB 21 05:50:45  1260544212.148  77
 5 55 55 2006 FEB 21 18:35:49  1265835474.084   0
 5 25 25 2006 FEB 22 04:27:14  1269944200.515  77
 5 55 55 2006 FEB 22 14:37:13  1274182374.159   0
 5 14 14 2006 FEB 23 06:02:20  1280605096.739   0
 5 65 65 2006 FEB 23 19:51:35  1286344851.580   0
 5 14 14 2006 FEB 24 05:47:05  1290489836.556   0
 5 43 43 2006 FEB 24 08:30:02  1291623463.424   0
 5 26 26 2006 FEB 25 04:49:44  1300078511.529  77
 5 43 43 2006 FEB 25 09:56:20  1302219118.529   0
 5 25 25 2006 FEB 25 21:15:16  1306926937.058  77
 5 34 34 2006 FEB 26 10:32:02  1312462093.403   0
 5 55 55 2006 FEB 26 17:02:28  1315147462.613   0
 5 14 14 2006 FEB 27 05:50:55  1320493772.987   0
 5 43 43 2006 FEB 27 08:35:06  1321634971.903   0
 5 55 55 2006 FEB 27 19:51:25  1326310693.229   0
 5 24 24 2006 FEB 28 06:17:45  1330671606.236  77
 5 34 34 2006 FEB 28 10:28:37  1332416406.171   0
 5 25 25 2006 FEB 28 20:47:26  1336703449.334  77
 5 26 26 2006 MAR 01 04:41:40  1339978469.022  77
 5 43 43 2006 MAR 01 08:12:00  1341445917.845   0
 5 65 65 2006 MAR 01 12:15:03  1343140826.440   0
 5 26 26 2006 MAR 02 05:17:40  1350211049.637  77
 5 55 55 2006 MAR 02 23:09:52  1357647101.994   0
 5 43 43 2006 MAR 03 08:41:36  1361601721.990   0
 5 55 55 2006 MAR 03 20:03:21  1366304977.779   0
 5 15 15 2006 MAR 04 01:20:28  1368494204.862   0
 5 43 43 2006 MAR 04 08:36:46  1371532413.049   0
 5 63 63 2006 MAR 04 20:08:56  1376304333.812   0
 5 45 45 2006 MAR 05 07:49:00  1381157451.395   0
 5 55 55 2006 MAR 05 19:52:50  1386143611.896   0
 5 26 26 2006 MAR 06 02:12:03  1388758781.616  77
 5 63 63 2006 MAR 06 17:00:58  1394896881.083   0
 5 25 25 2006 MAR 07 03:05:08  1399066647.004  77
 5 63 63 2006 MAR 07 19:52:20  1406014116.768   0
 5 14 14 2006 MAR 08 05:06:09  1409839884.179   0
 5 25 25 2006 MAR 09 04:36:44  1419551047.314  77
 5 26 26 2006 MAR 10 00:51:01  1427894287.697  77
 5 65 65 2006 MAR 10 21:38:16  1436479620.694   0
 5 15 15 2006 MAR 11 05:53:19  1439884686.792   0
 5 65 65 2006 MAR 11 21:32:48  1446326060.493   0
 5 15 15 2006 MAR 12 05:57:39  1449795144.047   0
 5 55 55 2006 MAR 12 19:33:35  1455370971.724   0
 5 45 45 2006 MAR 13 06:15:44  1459787164.347   0
 5 63 63 2006 MAR 13 15:46:38  1463678311.212   0
 5 55 55 2006 MAR 13 17:11:14  1464253613.959   0
 5 26 26 2006 MAR 14 04:04:38  1468730284.163  77
 5 43 43 2006 MAR 14 07:48:00  1470269621.781   0
 5 65 65 2006 MAR 14 21:46:50  1475998298.335   0
 5 14 14 2006 MAR 15 03:37:43  1478385018.055   0
 5 43 43 2006 MAR 15 08:11:05  1480266244.336   0
 5 15 15 2006 MAR 16 06:36:39  1489452490.360   0
 5 43 43 2006 MAR 16 08:20:50  1490157123.538   0
 5 55 55 2006 MAR 17 13:32:41  1502084494.455   0
 5 15 15 2006 MAR 18 05:31:08  1508604533.918   0
 5 43 43 2006 MAR 18 08:24:05  1509782945.053   0
 5 65 65 2006 MAR 18 13:27:51  1511842875.676   0
 5 24 24 2006 MAR 19 06:09:38  1518651489.461  77
 5 45 45 2006 MAR 19 08:16:19  1519508695.970   0
 5 55 55 2006 MAR 19 12:44:16  1521327551.875   0
 5 26 26 2006 MAR 24 00:38:40  1565052479.188  77
 5 43 43 2006 MAR 24 06:34:36  1567467914.707   0
 5 15 15 2006 MAR 25 00:41:00  1574748639.300   0
 5 43 43 2006 MAR 25 06:46:01  1577220064.639   0
 5 26 26 2006 MAR 25 20:26:57  1582726327.722  77
 5 55 55 2006 MAR 26 14:53:17  1590125156.305   0
 5 25 25 2006 MAR 26 20:30:02  1592390532.938  77
 5 26 26 2006 MAR 27 06:16:21  1596317775.832  77
 5 65 65 2006 MAR 27 14:39:03  1599659078.562   0
 5 55 55 2006 MAR 28 20:21:10  1611544761.110   0
 5 65 65 2006 MAR 29 13:56:01  1618566011.841   0
 5 55 55 2006 MAR 30 20:06:04  1630574306.708   0
 5 24 24 2006 MAR 31 03:28:12  1633501531.629  77
 5 45 45 2006 MAR 31 07:31:10  1635123519.130   0
 5 55 55 2006 MAR 31 13:48:02  1637608373.309   0
 5 15 15 2006 MAR 31 21:25:50  1640633502.858   0
 5 26 26 2006 APR 01 02:06:42  1642478502.443  77
 5 43 43 2006 APR 01 07:43:18  1644719870.834   0
 5 63 63 2006 APR 01 15:27:36  1647765712.068   0
 5 15 15 2006 APR 02 05:08:32  1653187632.134   0
 5 43 43 2006 APR 02 07:58:09  1654307489.368   0
 5 55 55 2006 APR 02 19:35:43  1658879004.854   0
 5 14 14 2006 APR 03 03:24:32  1661959329.515   0
 5 43 43 2006 APR 03 07:09:57  1663452594.359   0
 5 55 55 2006 APR 03 18:48:46  1668017431.975   0
 5 14 14 2006 APR 04 04:45:31  1671937744.301   0
 5 63 63 2006 APR 04 17:28:06  1676910033.064   0
 5 14 14 2006 APR 05 01:25:33  1680027893.821   0
 5 43 43 2006 APR 05 07:08:12  1682284131.789   0
 5 25 25 2006 APR 06 05:25:50  1690997391.704  77
 5 45 45 2006 APR 06 09:04:12  1692421793.602   0
 5 55 55 2006 APR 06 19:43:00  1696553800.315   0
 5 15 15 2006 APR 07 03:58:29  1699772902.666   0
 5 43 43 2006 APR 07 08:00:11  1701351209.694   0
 5 55 55 2006 APR 07 13:50:25  1703610229.458   0
 5 15 15 2006 APR 08 04:24:28  1709268501.866   0
 5 25 25 2006 APR 08 21:51:17  1716022718.413  77
 5 43 43 2006 APR 09 06:14:13  1719277904.146   0
 5 63 63 2006 APR 09 14:55:56  1722621509.458   0
 5 14 14 2006 APR 10 03:51:51  1727615096.016   0
 5 26 26 2006 APR 11 02:21:35  1736265105.873  77
 5 65 65 2006 APR 11 18:23:21  1742417019.665   0
 5 14 14 2006 APR 12 04:59:16  1746493654.492   0
 5 65 65 2006 APR 12 13:03:29  1749578830.332   0
 5 15 15 2006 APR 13 04:55:14  1755640657.901   0
 5 65 65 2006 APR 13 17:16:10  1760331287.010   0
 5 26 26 2006 APR 14 00:37:01  1763127700.614  77
 5 55 55 2006 APR 14 12:55:02  1767820421.097   0
 5 26 26 2006 APR 14 23:38:00  1771872384.063  77
 5 43 43 2006 APR 15 06:12:33  1774385546.921   0
 5 63 63 2006 APR 15 11:48:56  1776511977.207   0
 5 14 14 2006 APR 16 00:34:24  1781313667.600   0
 5 55 55 2006 APR 16 21:26:39  1789207715.613   0
 5 26 26 2006 APR 17 03:12:05  1791364932.723  77
 5 26 26 2006 APR 18 03:11:24  1800379672.790  77
 5 63 63 2006 APR 18 17:46:55  1805841426.634   0
 5 26 26 2006 APR 19 04:32:49  1809882448.174  77
 5 26 26 2006 APR 20 04:55:03  1818975809.269  77
 5 43 43 2006 APR 20 08:45:44  1820412727.894   0
 5 65 65 2006 APR 20 15:29:16  1822891626.527   0
 5 65 65 2006 APR 21 19:12:46  1833178111.560   0
 5 26 26 2006 APR 22 04:42:01  1836698574.026  77
 5 43 43 2006 APR 22 08:11:38  1837994410.543   0
 5 63 63 2006 APR 22 14:23:19  1840264724.842   0
 5 14 14 2006 APR 23 05:08:26  1845715627.874   0
 5 63 63 2006 APR 23 15:42:13  1849580742.437   0
 5 15 15 2006 APR 24 04:59:49  1854477957.583   0
 5 43 43 2006 APR 24 07:54:24  1855546267.738   0
 5 63 63 2006 APR 24 11:28:37  1856856902.377   0
 5 26 26 2006 APR 24 21:01:36  1860336928.814  77
 5 55 55 2006 APR 25 19:30:02  1868534173.112   0
 5 14 14 2006 APR 26 03:18:26  1871376511.228   0
 5 65 65 2006 APR 26 20:46:27  1877724938.453   0
 5 14 14 2006 APR 27 05:52:55  1881036653.976   0
 5 26 26 2006 APR 27 21:37:51  1886707231.490  77
 5 55 55 2006 APR 28 12:25:26  1892048705.355   0
 5 26 26 2006 APR 29 02:14:41  1897002362.570  77
 5 43 43 2006 APR 29 08:32:14  1899280113.907   0
 5 65 65 2006 APR 29 21:32:18  1903931511.577   0
 5 24 24 2006 APR 30 01:42:45  1905404556.800  77
 5 55 55 2006 APR 30 21:32:27  1912494537.850   0
 5 26 26 2006 MAY 01 02:14:58  1914152480.290  77
 5 65 65 2006 MAY 01 12:15:02  1917719127.749   0
 5 25 25 2006 MAY 02 05:05:02  1923686773.775  77
 5 63 63 2006 MAY 02 18:40:12  1928467327.612   0
 5 55 55 2006 MAY 03 12:29:54  1934755446.059   0
 5 26 26 2006 MAY 04 03:26:14  1939991634.076  77
 5 65 65 2006 MAY 04 19:08:24  1945479801.625   0
 5 45 45 2006 MAY 05 05:38:54  1949158885.522   0
 5 55 55 2006 MAY 05 13:28:31  1951873003.255   0
 5 25 25 2006 MAY 06 00:29:25  1955690139.826  77
 5 14 14 2006 MAY 06 19:39:06  1962345187.631   0
 5 55 55 2006 MAY 07 19:02:09  1970395481.486   0
 5 63 63 2006 MAY 08 16:39:47  1977810000.655   0
 5 55 55 2006 MAY 09 18:35:20  1986664105.697   0
 5 43 43 2006 MAY 10 08:03:46  1991261956.054   0
 5 65 65 2006 MAY 10 12:06:17  1992627989.780   0
 5 15 15 2006 MAY 11 04:55:33  1998326065.071   0
 5 43 43 2006 MAY 11 07:47:14  1999291878.983   0
 5 55 55 2006 MAY 11 18:41:27  2002952099.602   0
 5 26 26 2006 MAY 12 05:26:31  2006590505.833  77
 5 43 43 2006 MAY 12 08:01:57  2007456621.235   0
 5 55 55 2006 MAY 12 12:26:58  2008931449.427   0
 5 26 26 2006 MAY 12 21:01:36  2011799397.257  77
 5 43 43 2006 MAY 13 07:59:10  2015479062.671   0
 5 55 55 2006 MAY 13 12:38:46  2017025823.578   0
 5 26 26 2006 MAY 13 23:15:30  2020548958.001  77
 5 65 65 2006 MAY 14 20:23:07  2027580343.740   0
 5 26 26 2006 MAY 15 03:04:14  2029788198.912  77
 5 43 43 2006 MAY 15 08:02:21  2031443975.473   0
 5 65 65 2006 MAY 15 13:49:52  2033340344.925   0
 5 26 26 2006 MAY 15 18:28:14  2034890120.703  77
 5 45 45 2006 MAY 16 08:22:54  2039466658.563   0
 5 55 55 2006 MAY 16 19:16:42  2043027108.962   0
 5 24 24 2006 MAY 16 23:58:09  2044554589.986  77
 5 26 26 2006 MAY 17 03:20:55  2045673079.902  77
 5 45 45 2006 MAY 17 08:39:42  2047424145.785   0
 5 55 55 2006 MAY 17 12:37:13  2048704607.723   0
 5 14 14 2006 MAY 18 04:28:58  2053880499.761   0
 5 55 55 2006 MAY 18 19:10:43  2058640239.530   0
 5 24 24 2006 MAY 19 04:06:36  2061541307.176  77
 5 34 34 2006 MAY 19 08:00:47  2062808372.037   0
 5 63 63 2006 MAY 19 13:07:29  2064446299.982   0
 5 26 26 2006 MAY 20 00:28:12  2068092922.474  77
 5 65 65 2006 MAY 20 13:16:21  2072216352.393   0
 5 14 14 2006 MAY 21 04:08:56  2076990245.555   0
 5 14 14 2006 MAY 22 02:26:08  2084084461.405   0
 5 65 65 2006 MAY 22 13:51:37  2087710375.022   0
 5 26 26 2006 MAY 23 03:33:21  2092052884.508  77
 5 25 25 2006 MAY 24 00:20:49  2098589071.600  77
 5 45 45 2006 MAY 24 06:21:50  2100496912.565   0
 5 55 55 2006 MAY 24 12:36:02  2102445810.019   0
 5 15 15 2006 MAY 25 02:06:31  2106662174.121   0
 5 43 43 2006 MAY 25 06:28:07  2108034996.007   0
 5 55 55 2006 MAY 25 18:18:41  2111707127.182   0
 5 43 43 2006 MAY 26 07:50:25  2115920281.480   0
 5 14 14 2006 MAY 26 18:28:49  2119211602.249   0
 5 25 25 2006 MAY 27 02:04:25  2121534363.711  77
 5 43 43 2006 MAY 27 07:47:38  2123311212.054   0
 5 26 26 2006 MAY 27 18:46:51  2126684696.063  77
 5 65 65 2006 MAY 28 15:35:16  2133024044.429   0
 5 26 26 2006 MAY 29 04:29:56  2136973779.262  77
 5 43 43 2006 MAY 29 07:47:52  2137974561.130   0
 5 65 65 2006 MAY 29 11:22:29  2139057452.251   0
 5 15 15 2006 MAY 30 03:50:04  2144031055.812   0
 5 15 15 2006 MAY 30 21:51:27  2149437837.666   0
 5 45 45 2006 MAY 31 07:15:12  2152270484.421   0
 5 55 55 2006 MAY 31 13:19:23  2154072490.512   0
 5 55 55 2006 JUN 01 17:11:36  2162356079.884   0
 5 15 15 2006 JUN 01 23:54:34  2164340981.743   0
 5 43 43 2006 JUN 02 07:41:16  2166659399.045   0
 5 26 26 2006 JUN 02 23:34:15  2171309824.861  77
 5 26 26 2006 JUN 04 00:07:51  2178491119.828  77
 5 55 55 2006 JUN 04 19:47:49  2184216868.571   0
 5 15 15 2006 JUN 05 03:42:51  2186509252.270   0
 5 43 43 2006 JUN 05 09:02:03  2188055526.116   0
 5 65 65 2006 JUN 05 13:23:43  2189290092.735   0
 5 15 15 2006 JUN 06 04:13:48  2193566881.150   0
 5 55 55 2006 JUN 06 18:40:32  2197683994.637   0
 5 55 55 2006 JUN 07 12:54:47  2202873269.064   0
 5 45 45 2006 JUN 08 08:31:33  2208436352.959   0
 5 55 55 2006 JUN 08 19:42:26  2211571947.771   0
 5 26 26 2006 JUN 09 02:42:13  2213531569.111  77
 5 55 55 2006 JUN 09 13:27:06  2216533827.028   0
 5 15 15 2006 JUN 11 03:37:42  2227144239.149   0
 5 43 43 2006 JUN 11 06:18:08  2227880630.542   0
 5 55 55 2006 JUN 11 12:18:09  2229528129.151   0
 5 43 43 2006 JUN 12 04:26:58  2233964556.160   0
 5 55 55 2006 JUN 12 10:56:35  2235743685.865   0
 5 25 25 2006 JUN 13 02:27:54  2239960839.061  77
 5 55 55 2006 JUN 13 18:12:13  2244222716.961   0
 5 43 43 2006 JUN 14 07:28:27  2247815754.569   0
 5 14 14 2006 JUN 14 19:36:26  2251066826.055   0
 5 43 43 2006 JUN 15 08:07:44  2254426896.192   0
 5 55 55 2006 JUN 15 18:18:19  2257122339.674   0
 5 26 26 2006 JUN 16 04:14:30  2259777591.439  77
 5 43 43 2006 JUN 16 07:23:40  2260608858.108   0
 5 15 15 2006 JUN 16 19:37:54  2263834978.805   0
 5 24 24 2006 JUN 18 04:13:52  2272395529.502  77
 5 43 43 2006 JUN 18 07:19:43  2273197942.243   0
 5 55 55 2006 JUN 18 17:43:55  2275888010.999   0
 5 43 43 2006 JUN 19 08:08:09  2279634619.478   0
 5 65 65 2006 JUN 19 10:45:40  2280310250.541   0
 5 45 45 2006 JUN 20 07:10:45  2285554165.289   0
 5 55 55 2006 JUN 20 18:29:58  2288436499.060   0
 5 24 24 2006 JUN 21 00:32:54  2289969537.443  77
 5 34 34 2006 JUN 21 07:15:01  2291689680.323   0
 5 55 55 2006 JUN 21 20:15:30  2294984322.727   0
 5 26 26 2006 JUN 22 02:28:26  2296542569.688  77
 5 65 65 2006 JUN 22 11:20:58  2298779966.594   0
 5 55 55 2006 JUN 23 10:47:44  2304644008.952   0
 5 26 26 2006 JUN 24 00:34:27  2308044203.862  77
 5 34 34 2006 JUN 24 07:54:30  2309876801.106   0
 5 65 65 2006 JUN 24 15:05:45  2311626232.336   0
 5 26 26 2006 JUN 25 02:56:39  2314549651.569  77
 5 26 26 2006 JUN 25 20:48:48  2318898671.388  77
 5 65 65 2006 JUN 26 12:57:37  2322814169.547   0
 5 25 25 2006 JUN 26 22:41:00  2325150641.884  77
 5 65 65 2006 JUN 27 17:02:44  2329555519.943   0
 5 65 65 2006 JUN 28 10:44:29  2333781991.860   0
 5 15 15 2006 JUN 29 01:17:01  2337202864.586   0
 5 55 55 2006 JUN 29 19:08:46  2341403126.581   0
 5 45 45 2006 JUN 30 07:19:57  2344248708.899   0
 5 65 65 2006 JUN 30 12:26:45  2345426093.688   0
 5 25 25 2006 JUL 01 00:43:52  2348263221.863  77
 5 43 43 2006 JUL 01 07:34:50  2349858641.971   0
 5 24 24 2006 JUL 01 22:01:28  2353151038.791  77
 5 43 43 2006 JUL 02 02:07:44  2354111497.767   0
 5 65 65 2006 JUL 02 18:01:32  2357712316.386   0
 5 15 15 2006 JUL 03 03:12:25  2359799732.446   0
 5 43 43 2006 JUL 03 07:26:39  2360755577.234   0
 5 26 26 2006 JUL 03 18:47:53  2363302685.912  77
 5 25 25 2006 JUL 04 22:59:38  2369566235.271  77
 5 34 34 2006 JUL 05 07:06:47  2371378338.127   0
 5 43 43 2006 JUL 06 02:32:15  2375643597.733   0
 5 65 65 2006 JUL 06 11:00:37  2377489637.291   0
 5 26 26 2006 JUL 06 20:06:53  2379456510.972  77
 5 55 55 2006 JUL 07 18:06:34  2384203407.111   0
 5 15 15 2006 JUL 08 02:38:16  2386036079.410   0
 5 43 43 2006 JUL 08 07:18:07  2387034749.016   0
 5 55 55 2006 JUL 08 17:53:44  2389278169.187   0
 5 26 26 2006 JUL 08 22:23:14  2390221104.620  77
 5 45 45 2006 JUL 09 05:31:43  2391744301.000   0
 5 26 26 2006 JUL 09 21:56:44  2395182713.726  77
 5 43 43 2006 JUL 10 06:50:32  2397058720.551   0
 5 55 55 2006 JUL 10 16:18:04  2399012654.514   0
 5 15 15 2006 JUL 11 19:48:34  2404691311.505   0
 5 43 43 2006 JUL 12 07:34:02  2407106054.357   0
 5 55 55 2006 JUL 12 13:00:18  2408197293.984   0
 5 26 26 2006 JUL 13 01:04:05  2410642602.556  77
 5 26 26 2006 JUL 13 20:38:19  2414573555.877  77
 5 45 45 2006 JUL 14 05:27:21  2416342521.240   0
 5 65 65 2006 JUL 14 18:02:59  2418841606.179   0
 5 65 65 2006 JUL 15 12:58:51  2422565407.651   0
 5 26 26 2006 JUL 15 18:22:13  2423632415.728  77
 5 26 26 2006 JUL 16 18:22:18  2428296069.375  77
 5 34 34 2006 JUL 18 05:09:30  2434947277.133   0
 5 25 25 2006 JUL 18 20:19:07  2437802899.889  77
 5 34 34 2006 JUL 19 05:40:49  2439566658.882   0
 5 26 26 2006 JUL 20 18:32:11  2446395012.395  77
 5 34 34 2006 JUL 21 06:20:33  2448550873.739   0
 5 65 65 2006 JUL 22 13:03:58  2454085577.790   0
 5 26 26 2006 JUL 22 18:57:45  2455145561.321  77
 5 26 26 2006 JUL 23 19:30:44  2459485767.266  77
 5 65 65 2006 JUL 24 16:01:13  2463060758.125   0
 5 55 55 2006 JUL 25 17:17:32  2467415996.583   0
 5 55 55 2006 JUL 28 17:58:34  2479551303.251   0
 5 14 14 2006 JUL 28 22:56:38  2480347378.059   0
 5 14 14 2006 JUL 29 18:16:58  2483484155.705   0
 5 43 43 2006 JUL 30 01:36:59  2484659641.631   0
 5 14 14 2006 JUL 30 22:36:43  2487969919.093   0
 5 55 55 2006 JUL 31 19:02:06  2491182367.147   0
 5 15 15 2006 AUG 01 02:44:37  2492376771.503   0
 5 25 25 2006 AUG 01 23:58:53  2495612336.088  77
 5 43 43 2006 AUG 02 06:20:56  2496587552.987   0
 5 55 55 2006 AUG 02 12:48:52  2497555476.825   0
 5 43 43 2006 AUG 03 03:24:20  2499747597.419   0
 5 26 26 2006 AUG 03 23:58:07  2502787435.382  77
 5 55 55 2006 AUG 04 13:59:24  2504834998.120   0
 5 15 15 2006 AUG 05 02:34:52  2506678624.852   0
 5 65 65 2006 AUG 05 15:14:03  2508474191.593   0
 5 65 65 2006 AUG 07 11:52:29  2514749995.012   0
 5 26 26 2006 AUG 08 02:14:37  2516735631.624  77
 5 55 55 2006 AUG 08 15:36:43  2518535977.853   0
 5 26 26 2006 AUG 08 21:21:44  2519308433.900  77
 5 45 45 2006 AUG 09 03:37:35  2520156865.946   0
 5 55 55 2006 AUG 09 11:03:51  2521155666.845   0
 5 43 43 2006 AUG 11 02:54:21  2526375616.381   0
 5 14 14 2006 AUG 11 23:07:44  2528958338.204   0
 5 43 43 2006 AUG 12 05:59:00  2529834885.123   0
 5 43 43 2006 AUG 14 00:59:55  2535174158.919   0
 5 15 15 2006 AUG 14 18:03:35  2537234500.084   0
 5 65 65 2006 AUG 15 09:52:04  2539123552.046   0
 5 43 43 2006 AUG 16 07:32:57  2541663613.782   0
 5 43 43 2006 AUG 17 06:48:49  2544328500.558   0
 5 65 65 2006 AUG 17 10:20:55  2544730286.876   0
 5 26 26 2006 AUG 17 22:46:46  2546113916.377  77
 5 43 43 2006 AUG 18 08:00:57  2547164104.851   0
 5 43 43 2006 AUG 19 02:02:14  2549128919.917   0
 5 26 26 2006 AUG 19 18:49:46  2550941489.403  77
 5 43 43 2006 AUG 21 03:25:14  2554369577.454   0
 5 55 55 2006 AUG 21 15:31:04  2555613703.277   0
 5 45 45 2006 AUG 22 03:44:02  2556853917.987   0
 5 45 45 2006 AUG 25 04:45:49  2563928963.875   0
 5 25 25 2006 AUG 26 20:18:22  2567511328.297  77
 5 55 55 2006 AUG 27 11:06:19  2568818027.368   0
 5 55 55 2006 AUG 28 10:52:36  2570853879.864   0
 5 25 25 2006 AUG 29 20:40:09  2573629112.837  77
 5 65 65 2006 AUG 30 16:31:25  2575217671.968   0
 5 55 55 2006 AUG 31 13:17:24  2576815056.053   0
 5 26 26 2006 AUG 31 20:47:36  2577381426.511  77
 5 26 26 2006 SEP 02 00:29:24  2579439113.340  77
 5 14 14 2006 SEP 02 19:00:41  2580754420.231   0
 5 15 15 2006 SEP 03 18:19:52  2582370161.311   0
 5 65 65 2006 SEP 07 17:08:43  2588338232.201   0
 5 43 43 2006 SEP 11 05:06:18  2592820529.878   0
 5 65 65 2006 SEP 11 12:37:58  2593186518.373   0
 5 15 15 2006 SEP 13 00:07:35  2594845371.661   0
 5 45 45 2006 SEP 13 04:36:20  2595034491.616   0
 5 55 55 2006 SEP 13 10:19:40  2595295710.823   0
 5 43 43 2006 SEP 14 05:21:46  2596098325.994   0
 5 14 14 2006 DEC 12 15:56:57  2457715923.000   0
 5 24 24 2006 DEC 12 20:47:07  2456957125.524  77
 5 55 55 2006 DEC 13 11:26:30  2454663201.938   0
 5 26 26 2006 DEC 13 20:06:54  2453297778.478  77
 5 55 55 2006 DEC 14 10:10:36  2451078854.626   0
 5 24 24 2006 DEC 14 18:54:45  2449687221.930  77
 5 55 55 2006 DEC 15 11:24:18  2447058123.648   0
 5 26 26 2006 DEC 15 18:55:46  2445847949.448  77
 5 55 55 2006 DEC 16 11:12:34  2443227055.770   0
 5 14 14 2006 DEC 16 21:11:42  2441611682.486   0
 5 55 55 2006 DEC 17 11:21:15  2439303203.439   0
 5 14 14 2006 DEC 17 21:11:38  2437696079.231   0
 5 65 65 2006 DEC 18 10:22:51  2435526558.099   0
 5 26 26 2006 DEC 18 21:39:29  2433668579.449  77
 5 14 14 2006 DEC 19 21:06:29  2429766817.635   0
 5 43 43 2006 DEC 20 20:17:41  2425874740.321   0
 5 65 65 2006 DEC 22 09:41:45  2419532782.802   0
 5 14 14 2006 DEC 22 21:04:13  2417586565.303   0
 5 55 55 2006 DEC 23 11:19:06  2415134817.387   0
 5 14 14 2006 DEC 23 21:01:14  2413462555.543   0
 5 14 14 2006 DEC 24 21:01:10  2409296512.635   0
 5 55 55 2006 DEC 25 11:20:02  2406793302.697   0
 5 34 34 2006 DEC 25 23:04:25  2404715305.589   0
 5 24 24 2006 DEC 26 20:12:41  2401005166.485  77
 5 34 34 2006 DEC 27 20:41:22  2396653966.738   0
 5 65 65 2006 DEC 28 08:29:14  2394558738.129   0
 5 43 43 2006 DEC 28 21:11:18  2392267270.218   0
 5 65 65 2006 DEC 29 11:09:35  2389762177.135   0
 5 34 34 2006 DEC 29 23:33:19  2387503358.875   0
 5 55 55 2006 DEC 30 14:08:40  2384888454.752   0
 5 25 25 2006 DEC 30 16:08:15  2384520676.779  77
 5 43 43 2006 DEC 30 21:37:24  2383508307.376   0
 5 15 15 2007 JAN 01 20:22:15  2374959694.289   0
 5 45 45 2007 JAN 01 23:30:56  2374359211.127   0
 5 43 43 2007 JAN 03 04:01:45  2369090949.998   0
 5 55 55 2007 JAN 03 12:25:28  2367544307.646   0
 5 43 43 2007 JAN 03 23:51:43  2365389010.293   0
 5 26 26 2007 JAN 04 17:58:43  2362019022.865  77
 5 63 63 2007 JAN 05 09:26:59  2359118720.890   0
 5 43 43 2007 JAN 05 19:29:27  2357227750.680   0
 5 55 55 2007 JAN 06 11:06:05  2354274574.302   0
 5 63 63 2007 JAN 07 10:48:30  2349773827.700   0
 5 26 26 2007 JAN 08 16:46:19  2344049413.444  77
 5 45 45 2007 JAN 08 20:34:10  2343315576.084   0
 5 14 14 2007 JAN 09 16:43:19  2339445906.794   0
 5 43 43 2007 JAN 09 20:40:11  2338678054.668   0
 5 55 55 2007 JAN 10 09:58:41  2336114411.957   0
 5 26 26 2007 JAN 10 15:47:50  2334990887.289  77
 5 43 43 2007 JAN 10 20:46:10  2334015513.693   0
 5 55 55 2007 JAN 11 08:13:37  2331805118.249   0
 5 25 25 2007 JAN 11 19:47:19  2329545626.200  77
 5 14 14 2007 JAN 12 17:36:50  2325279965.364   0
 5 45 45 2007 JAN 12 20:12:40  2324770140.651   0
 5 14 14 2007 JAN 13 16:35:06  2320772838.039   0
 5 43 43 2007 JAN 13 20:02:35  2320089296.233   0
 5 26 26 2007 JAN 15 21:12:25  2310363916.793  77
 5 25 25 2007 JAN 16 16:23:12  2306536630.896  77
 5 55 55 2007 JAN 17 10:22:18  2302937527.781   0
 5 65 65 2007 JAN 18 09:02:38  2298386375.089   0
 5 25 25 2007 JAN 18 20:14:41  2296126393.252  77
 5 63 63 2007 JAN 19 09:18:49  2293488688.966   0
 5 55 55 2007 JAN 19 13:50:03  2292580433.975   0
 5 43 43 2007 JAN 19 18:55:02  2291548663.098   0
 5 63 63 2007 JAN 20 12:58:54  2287881913.160   0
 5 26 26 2007 JAN 20 20:43:17  2286306048.809  77
 5 15 15 2007 JAN 21 20:42:22  2281415223.983   0
 5 26 26 2007 JAN 22 15:30:13  2277570656.402  77
 5 45 45 2007 JAN 22 19:18:57  2276786727.635   0
 5 25 25 2007 JAN 23 18:53:03  2271939161.352  77
 5 55 55 2007 JAN 24 11:26:30  2268530476.510   0
 5 43 43 2007 JAN 24 20:31:42  2266646960.560   0
 5 26 26 2007 JAN 25 20:09:32  2261764561.600  77
 5 43 43 2007 JAN 26 19:56:32  2256824024.468   0
 5 14 14 2007 JAN 27 16:21:03  2252578731.937   0
 5 45 45 2007 JAN 27 19:56:27  2251826817.383   0
 5 45 45 2007 JAN 28 22:55:57  2246171558.588   0
 5 63 63 2007 JAN 29 10:49:29  2243702373.256   0
 5 26 26 2007 JAN 29 18:17:32  2242134081.085  77
 5 55 55 2007 JAN 30 10:29:14  2238738983.727   0
 5 25 25 2007 JAN 30 18:39:08  2237020187.363  77
 5 55 55 2007 JAN 31 11:13:12  2233537713.245   0
 5 15 15 2007 JAN 31 20:13:47  2231640391.482   0
 5 55 55 2007 FEB 01 11:04:39  2228507459.371   0
 5 26 26 2007 FEB 01 20:30:12  2226518966.634  77
 5 63 63 2007 FEB 02 09:22:48  2223795748.609   0
 5 14 14 2007 FEB 03 18:12:08  2216835746.407   0
 5 63 63 2007 FEB 04 11:16:39  2213212519.039   0
 5 55 55 2007 FEB 05 07:52:24  2208837195.878   0
 5 26 26 2007 FEB 05 15:05:17  2207299005.360  77
 5 15 15 2007 FEB 05 20:38:11  2206113270.541   0
 5 34 34 2007 FEB 05 22:54:51  2205603966.742   0
 5 55 55 2007 FEB 06 10:38:34  2203121541.710   0
 5 14 14 2007 FEB 06 19:33:07  2201217702.766   0
 5 65 65 2007 FEB 07 12:25:33  2197614073.603   0
 5 26 26 2007 FEB 07 15:57:37  2196855982.902  77
 5 14 14 2007 FEB 07 20:16:21  2195932901.605   0
 5 55 55 2007 FEB 08 10:38:23  2192852916.597   0
 5 26 26 2007 FEB 08 18:09:37  2191236802.836  77
 5 63 63 2007 FEB 09 10:36:13  2187710154.038   0
 5 26 26 2007 FEB 09 17:05:22  2186314278.261  77
 5 63 63 2007 FEB 10 08:45:18  2182950517.020   0
 5 25 25 2007 FEB 10 15:48:37  2181430554.907  77
 5 45 45 2007 FEB 10 22:19:25  2180007524.762   0
 5 55 55 2007 FEB 11 09:46:28  2177557879.128   0
 5 63 63 2007 FEB 11 13:09:22  2176834563.468   0
 5 63 63 2007 FEB 12 08:37:13  2172629896.872   0
 5 45 45 2007 FEB 13 02:51:19  2168668686.988   0
 5 15 15 2007 FEB 13 16:51:16  2165652225.060   0
 5 55 55 2007 FEB 14 10:24:57  2161848314.621   0
 5 55 55 2007 FEB 15 10:13:12  2156682226.859   0
 5 45 45 2007 FEB 16 04:40:53  2152666748.959   0
 5 63 63 2007 FEB 16 13:03:00  2150855556.131   0
 5 14 14 2007 FEB 16 19:42:17  2149400633.402   0
 5 63 63 2007 FEB 17 10:37:12  2146152198.260   0
 5 25 25 2007 FEB 17 15:32:10  2145083917.235  77
 5 14 14 2007 FEB 17 19:31:37  2144210215.067   0
 5 43 43 2007 FEB 18 05:55:55  2141949402.618   0
 5 63 63 2007 FEB 18 12:33:21  2140500827.914   0
 5 26 26 2007 FEB 18 20:18:16  2138807686.898  77
 5 63 63 2007 FEB 19 12:21:53  2135301068.759   0
 5 26 26 2007 FEB 19 19:50:44  2133663125.758  77
 5 45 45 2007 FEB 20 00:09:53  2132696870.117   0
 5 24 24 2007 FEB 20 15:24:49  2129387032.086  77
 5 25 25 2007 FEB 20 19:46:28  2128429727.495  77
 5 43 43 2007 FEB 21 04:21:27  2126546732.350   0
 5 26 26 2007 FEB 21 17:57:03  2123571605.168  77
 5 43 43 2007 FEB 22 04:50:32  2121188979.495   0
 5 55 55 2007 FEB 22 12:47:35  2119452871.864   0
 5 26 26 2007 FEB 22 19:20:18  2118011796.477  77
 5 43 43 2007 FEB 23 03:55:35  2116123453.657   0
 5 63 63 2007 FEB 23 12:41:40  2114213276.747   0
 5 26 26 2007 FEB 23 20:38:43  2112469186.930  77
 5 43 43 2007 FEB 24 04:41:36  2110698311.511   0
 5 63 63 2007 FEB 24 12:42:02  2108948131.376   0
 5 14 14 2007 FEB 24 19:18:53  2107490676.065   0
 5 45 45 2007 FEB 25 02:52:43  2105818849.828   0
 5 55 55 2007 FEB 25 12:28:06  2103731854.227   0
 5 15 15 2007 FEB 25 16:05:02  2102934244.716   0
 5 63 63 2007 FEB 26 08:25:57  2099349100.410   0
 5 25 25 2007 FEB 26 20:28:27  2096705765.103  77
 5 15 15 2007 FEB 27 16:23:43  2092326836.597   0
 5 55 55 2007 FEB 28 07:58:19  2088912747.197   0
 5 14 14 2007 FEB 28 18:14:57  2086647231.272   0
 5 43 43 2007 MAR 01 04:05:45  2084483480.230   0
 5 55 55 2007 MAR 01 12:44:17  2082595642.562   0
 5 26 26 2007 MAR 01 19:18:04  2081147597.063  77
 5 45 45 2007 MAR 03 03:30:22  2074067702.265   0
 5 63 63 2007 MAR 03 12:39:42  2072070602.718   0
 5 14 14 2007 MAR 03 19:16:14  2070612833.365   0
 5 45 45 2007 MAR 04 03:10:35  2068867662.769   0
 5 63 63 2007 MAR 04 12:31:34  2066829400.257   0
 5 14 14 2007 MAR 04 18:24:17  2065530700.195   0
 5 25 25 2007 MAR 04 20:27:30  2065086952.113  77
 5 15 15 2007 MAR 05 19:57:13  2059925595.552   0
 5 45 45 2007 MAR 06 04:14:52  2058100709.808   0
 5 14 14 2007 MAR 06 15:28:30  2055640183.660   0
 5 43 43 2007 MAR 07 05:21:27  2052597545.135   0
 5 55 55 2007 MAR 07 11:53:56  2051157007.444   0
 5 15 15 2007 MAR 07 21:06:57  2049139874.208   0
 5 25 25 2007 MAR 08 19:23:38  2044241440.119  77
 5 43 43 2007 MAR 09 03:41:29  2042415565.506   0
 5 55 55 2007 MAR 09 07:16:17  2041643623.353   0
 5 14 14 2007 MAR 09 20:48:44  2038670887.303   0
 5 43 43 2007 MAR 10 03:24:30  2037209791.164   0
 5 55 55 2007 MAR 10 10:23:19  2035685093.433   0
 5 43 43 2007 MAR 11 03:10:23  2031994929.526   0
 5 63 63 2007 MAR 11 12:28:13  2029968909.380   0
 5 26 26 2007 MAR 11 19:56:12  2028328313.265  77
 5 25 25 2007 MAR 12 16:43:23  2023765094.170  77
 5 25 25 2007 MAR 13 17:29:29  2018333311.338  77
 5 14 14 2007 MAR 14 15:05:03  2013606976.612   0
 5 26 26 2007 MAR 14 21:09:26  2012281742.899  77
 5 25 25 2007 MAR 15 21:04:05  2007041235.830  77
 5 55 55 2007 MAR 16 12:35:08  2003638228.473   0
 5 25 25 2007 MAR 16 15:30:13  2002994478.419  77
 5 63 63 2007 MAR 17 08:29:44  1999273389.257   0
 5 25 25 2007 MAR 17 16:09:27  1997591971.729  77
 5 55 55 2007 MAR 18 10:11:10  1993645287.839   0
 5 55 55 2007 MAR 19 09:59:57  1988433308.164   0
 5 55 55 2007 MAR 20 11:18:01  1982900373.298   0
 5 25 25 2007 MAR 20 21:19:44  1980717921.858  77
 5 45 45 2007 MAR 21 19:36:06  1975839718.352   0
 5 55 55 2007 MAR 22 09:37:49  1972774711.053   0
 5 26 26 2007 MAR 22 18:46:52  1970775572.426  77
 5 26 26 2007 MAR 23 14:44:14  1966427966.693  77
 5 24 24 2007 MAR 23 19:04:45  1965475561.013  77
 5 26 26 2007 MAR 24 18:15:31  1960421710.845  77
 5 43 43 2007 MAR 25 02:30:18  1958620150.843   0
 5 43 43 2007 MAR 26 00:43:49  1953776647.691   0
 5 25 25 2007 MAR 26 19:31:08  1949709101.868  77
 5 45 45 2007 MAR 27 03:54:38  1947886769.058   0
 5 63 63 2007 MAR 27 07:51:43  1947030924.937   0
 5 15 15 2007 MAR 27 19:43:11  1944455535.088   0
 5 55 55 2007 MAR 28 07:34:35  1941886598.931   0
 5 26 26 2007 MAR 28 19:23:06  1939322654.350  77
 5 55 55 2007 MAR 29 07:46:39  1936641759.912   0
 5 25 25 2007 MAR 29 17:30:50  1934526525.034  77
 5 55 55 2007 MAR 30 07:20:47  1931544084.785   0
 5 26 26 2007 MAR 30 20:27:00  1928712585.071  77
 5 45 45 2007 MAR 31 01:11:03  1927670265.435   0
 5 63 63 2007 MAR 31 09:10:57  1925956089.303   0
 5 45 45 2007 MAR 31 20:33:48  1923495067.813   0
 5 55 55 2007 APR 01 09:51:07  1920634058.619   0
 5 14 14 2007 APR 01 17:57:11  1918885817.148   0
 5 63 63 2007 APR 02 10:07:06  1915407468.350   0
 5 26 26 2007 APR 02 17:42:59  1913769681.710  77
 5 55 55 2007 APR 03 11:27:02  1909962308.580   0
 5 14 14 2007 APR 03 17:40:23  1908619825.881   0
 5 55 55 2007 APR 04 11:01:07  1904900150.606   0
 5 26 26 2007 APR 04 15:50:49  1903862140.434  77
 5 55 55 2007 APR 05 09:35:04  1900059689.381   0
 5 26 26 2007 APR 05 17:38:07  1898332083.665  77
 5 55 55 2007 APR 06 11:07:40  1894592134.105   0
 5 43 43 2007 APR 07 03:02:00  1891188264.799   0
 5 63 63 2007 APR 07 09:00:43  1889911300.592   0
 5 43 43 2007 APR 07 22:27:19  1887027155.063   0
 5 14 14 2007 APR 08 18:24:36  1882779414.710   0
 5 26 26 2007 APR 09 17:58:36  1877755311.988  77
 5 24 24 2007 APR 10 17:20:56  1872779362.884  77
 5 55 55 2007 APR 11 07:31:22  1869772904.560   0
 5 15 15 2007 APR 11 17:12:25  1867707039.455   0
 5 55 55 2007 APR 12 09:30:13  1864248729.546   0
 5 26 26 2007 APR 12 17:30:13  1862548004.128  77
 5 55 55 2007 APR 13 08:52:32  1859290586.214   0
 5 43 43 2007 APR 14 04:29:20  1855147311.151   0
 5 14 14 2007 APR 14 16:29:31  1852589043.619   0
 5 63 63 2007 APR 15 08:35:31  1849185446.027   0
 5 63 63 2007 APR 16 06:31:22  1844557707.193   0
 5 25 25 2007 APR 16 16:24:17  1842458345.094  77
 5 63 63 2007 APR 17 07:17:16  1839324438.509   0
 5 43 43 2007 APR 17 21:36:23  1836291448.247   0
 5 55 55 2007 APR 18 09:24:53  1833810059.878   0
 5 26 26 2007 APR 18 19:35:12  1831672046.402  77
 5 26 26 2007 APR 19 17:16:34  1827100902.963  77
 5 14 14 2007 APR 20 18:31:38  1821798038.340   0
 5 26 26 2007 APR 21 14:52:17  1817532569.834  77
 5 43 43 2007 APR 21 20:52:06  1816269877.337   0
 5 26 26 2007 APR 22 20:24:56  1811353099.516  77
 5 26 26 2007 APR 23 16:07:36  1807220287.719  77
 5 55 55 2007 APR 24 11:47:20  1803123572.766   0
 5 25 25 2007 APR 24 19:32:57  1801504430.548  77
 5 55 55 2007 APR 25 05:31:25  1799436127.022   0
 5 26 26 2007 APR 25 15:15:34  1797393941.892  77
 5 26 26 2007 APR 26 16:56:54  1792048453.079  77
 5 25 25 2007 APR 27 16:54:11  1787076212.763  77
 5 25 25 2007 APR 28 18:15:05  1781826750.261  77
 5 26 26 2007 APR 29 17:49:02  1776952163.079  77
 5 26 26 2007 APR 30 19:50:45  1771588366.431  77
 5 55 55 2007 MAY 01 07:56:38  1769088906.103   0
 5 24 24 2007 MAY 01 15:30:25  1767528336.002  77
 5 55 55 2007 MAY 02 09:26:15  1763838671.418   0
 5 26 26 2007 MAY 02 17:08:44  1762251246.442  77
 5 26 26 2007 MAY 03 19:21:59  1756873283.599  77
 5 63 63 2007 MAY 04 06:44:10  1754542586.621   0
 5 55 55 2007 MAY 04 11:01:54  1753658547.121   0
 5 25 25 2007 MAY 04 18:38:24  1752097335.430  77
 5 55 55 2007 MAY 05 08:48:43  1749193302.662   0
 5 26 26 2007 MAY 05 20:16:43  1746857742.863  77
 5 55 55 2007 MAY 06 07:41:49  1744513673.266   0
 5 65 65 2007 MAY 06 11:56:29  1743651406.046   0
 5 24 24 2007 MAY 06 20:04:27  1741991605.927  77
 5 26 26 2007 MAY 07 19:47:53  1737146150.489  77
 5 25 25 2007 MAY 08 13:52:28  1733457662.196  77
 5 45 45 2007 MAY 08 19:24:44  1732330948.798   0
 5 43 43 2007 MAY 09 01:42:46  1731042080.246   0
 5 55 55 2007 MAY 09 10:52:44  1729174895.795   0
 5 26 26 2007 MAY 09 14:44:06  1728388275.587  77
 5 26 26 2007 MAY 10 14:35:31  1723534041.770  77
 5 25 25 2007 MAY 11 14:35:39  1718654651.731  77
 5 63 63 2007 MAY 12 09:54:55  1714728838.424   0
 5 55 55 2007 MAY 13 07:59:31  1710249041.661   0
 5 26 26 2007 MAY 14 17:40:48  1703417049.182  77
 5 14 14 2007 MAY 15 15:36:31  1698975373.966   0
 5 55 55 2007 MAY 16 05:41:03  1696139362.525   0
 5 26 26 2007 MAY 16 16:57:21  1693845329.961  77
 5 55 55 2007 MAY 17 07:22:18  1690935353.459   0
 5 14 14 2007 MAY 17 12:31:16  1689906459.787   0
 5 26 26 2007 MAY 18 13:00:37  1684955445.280  77
 5 55 55 2007 MAY 19 06:30:07  1681420311.039   0
 5 24 24 2007 MAY 19 12:37:29  1680192365.304  77
 5 14 14 2007 MAY 19 19:59:36  1678704007.449   0
 5 55 55 2007 MAY 20 11:42:16  1675533448.021   0
 5 25 25 2007 MAY 20 17:31:59  1674349986.399  77
 5 45 45 2007 MAY 20 19:48:05  1673901368.394   0
 5 15 15 2007 MAY 21 13:20:33  1670370040.233   0
 5 55 55 2007 MAY 26 09:49:19  1646975791.461   0
 5 14 14 2007 MAY 26 12:14:10  1646506983.732   0
 5 63 63 2007 MAY 27 06:27:22  1642849450.181   0
 5 15 15 2007 MAY 28 13:37:57  1636613744.791   0
 5 43 43 2007 MAY 28 19:45:15  1635393216.883   0
 5 55 55 2007 MAY 29 09:08:48  1632708471.961   0
 5 25 25 2007 MAY 29 13:35:07  1631827646.986  77
 5 43 43 2007 MAY 29 19:33:43  1630638226.554   0
 5 55 55 2007 MAY 30 11:07:27  1627527008.947   0
 5 43 43 2007 MAY 30 21:03:10  1625542347.153   0
 5 26 26 2007 MAY 31 16:16:37  1621701796.765  77
 5 65 65 2007 JUN 01 04:39:59  1619249474.779   0
 5 55 55 2007 JUN 01 12:02:01  1617775767.180   0
 5 26 26 2007 JUN 01 14:21:01  1617304143.381  77
 5 45 45 2007 JUN 01 18:21:06  1616523913.533   0
 5 55 55 2007 JUN 02 08:08:03  1613757764.891   0
 5 63 63 2007 JUN 03 08:08:10  1608975066.624   0
 5 45 45 2007 JUN 03 18:06:32  1607009465.332   0
 5 63 63 2007 JUN 04 05:22:59  1604753216.447   0
 5 26 26 2007 JUN 04 17:40:33  1602294424.414  77
 5 63 63 2007 JUN 05 05:34:45  1599932581.685   0
 5 43 43 2007 JUN 05 21:23:14  1596777836.757   0
 5 55 55 2007 JUN 06 07:01:22  1594858096.064   0
 5 14 14 2007 JUN 06 12:36:35  1593754058.678   0
 5 26 26 2007 JUN 06 15:21:46  1593192897.535  77
 5 45 45 2007 JUN 06 20:36:41  1592154878.594   0
 5 26 26 2007 JUN 07 14:35:15  1588568670.383  77
 5 43 43 2007 JUN 07 20:30:57  1587393634.622   0
 5 55 55 2007 JUN 08 08:22:16  1585025087.044   0
 5 14 14 2007 JUN 08 14:47:05  1583746979.647   0
 5 45 45 2007 JUN 08 20:13:36  1582670601.933   0
 5 25 25 2007 JUN 09 12:31:14  1579426618.923  77
 5 45 45 2007 JUN 09 22:21:03  1577458440.752   0
 5 63 63 2007 JUN 10 10:06:30  1575113542.383   0
 5 14 14 2007 JUN 10 15:44:40  1573984839.509   0
 5 45 45 2007 JUN 10 21:37:26  1572817918.712   0
 5 15 15 2007 JUN 11 19:27:17  1568469384.070   0
 5 14 14 2007 JUN 12 11:11:40  1565337827.349   0
 5 43 43 2007 JUN 12 19:33:16  1563658896.842   0
 5 55 55 2007 JUN 13 07:24:34  1561280104.582   0
 5 26 26 2007 JUN 13 12:42:24  1560230421.883  77
 5 55 55 2007 JUN 14 08:42:27  1556223619.202   0
 5 25 25 2007 JUN 14 12:22:06  1555503715.391  77
 5 24 24 2007 JUN 14 18:55:40  1554188390.447  77
 5 55 55 2007 JUN 15 10:11:58  1551129426.646   0
 5 14 14 2007 JUN 15 12:42:38  1550633145.289   0
 5 55 55 2007 JUN 16 08:16:31  1546708729.167   0
 5 55 55 2007 JUN 17 06:09:23  1542333171.014   0
 5 26 26 2007 JUN 17 13:48:58  1540796803.251  77
 5 55 55 2007 JUN 18 03:53:28  1537993507.992   0
 5 26 26 2007 JUN 18 17:46:16  1535194747.819  77
 5 55 55 2007 JUN 19 12:56:40  1531368867.041   0
 5 45 45 2007 JUN 19 19:30:21  1530045438.976   0
 5 55 55 2007 JUN 20 10:43:41  1526984510.459   0
 5 55 55 2007 JUN 21 04:56:56  1523332614.863   0
 5 25 25 2007 JUN 21 10:50:57  1522159591.987  77
 5 26 26 2007 JUN 21 18:35:09  1520589865.421  77
 5 65 65 2007 JUN 22 04:48:17  1518542467.296   0
 5 14 14 2007 JUN 22 12:18:43  1517033177.691   0
 5 26 26 2007 JUN 23 16:22:08  1511380262.170  77
 5 55 55 2007 JUN 24 05:42:52  1508703599.022   0
 5 14 14 2007 JUN 24 19:35:39  1505917926.603   0
 5 65 65 2007 JUN 25 05:16:41  1503962740.993   0
 5 15 15 2007 JUN 25 19:25:11  1501118510.346   0
 5 65 65 2007 JUN 26 05:05:06  1499167502.317   0
 5 26 26 2007 JUN 26 11:09:35  1497952591.518  77
 5 65 65 2007 JUN 27 05:05:10  1494327411.696   0
 5 24 24 2007 JUN 27 20:30:18  1491227936.047  77
 5 55 55 2007 JUN 28 08:15:49  1488831083.804   0
 5 26 26 2007 JUN 28 20:27:30  1486388958.312  77
 5 55 55 2007 JUN 29 05:53:57  1484463520.709   0
 5 65 65 2007 JUN 29 08:21:43  1483960295.169   0
 5 14 14 2007 JUN 29 19:49:41  1481657527.974   0
 5 65 65 2007 JUN 30 08:18:54  1479112780.645   0
 5 24 24 2007 JUN 30 18:05:49  1477136594.728  77
 5 55 55 2007 JUL 01 06:00:03  1474722999.677   0
 5 26 26 2007 JUL 01 15:41:13  1472752158.321  77
 5 55 55 2007 JUL 02 03:47:07  1470316118.718   0
 5 65 65 2007 JUL 02 11:32:33  1468735050.175   0
 5 26 26 2007 JUL 02 17:19:27  1467549867.351  77
 5 65 65 2007 JUL 03 09:01:57  1464354798.114   0
 5 25 25 2007 JUL 03 19:11:52  1462297520.814  77
 5 45 45 2007 JUL 04 00:32:56  1461212191.349   0
 5 55 55 2007 JUL 04 12:21:21  1458807160.683   0
 5 26 26 2007 JUL 04 17:02:14  1457835237.783  77
 5 43 43 2007 JUL 05 00:51:56  1456256555.051   0
 5 55 55 2007 JUL 05 04:21:29  1455537486.508   0
 5 26 26 2007 JUL 05 20:15:39  1452297002.666  77
 5 55 55 2007 JUL 06 09:56:45  1449480438.283   0
 5 14 14 2007 JUL 06 12:33:13  1448950439.152   0
 5 15 15 2007 JUL 06 20:04:09  1447423546.937   0
 5 45 45 2007 JUL 06 23:49:31  1446648291.366   0
 5 55 55 2007 JUL 07 10:14:22  1444504253.890   0
 5 65 65 2007 JUL 08 13:19:07  1438963613.894   0
 5 65 65 2007 JUL 09 07:11:59  1435257149.463   0
 5 25 25 2007 JUL 10 18:45:55  1427927084.003  77
 5 55 55 2007 JUL 11 10:22:38  1424692276.338   0
 5 15 15 2007 JUL 11 20:15:26  1422661048.315   0
 5 65 65 2007 JUL 12 10:25:42  1419705514.147   0
 5 26 26 2007 JUL 12 20:06:47  1417708340.050  77
 5 55 55 2007 JUL 13 11:58:03  1414405926.721   0
 5 15 15 2007 JUL 13 18:02:26  1413131247.623   0
 5 26 26 2007 JUL 14 17:30:25  1408234504.776  77
 5 55 55 2007 JUL 15 09:45:08  1404839596.042   0
 5 25 25 2007 JUL 16 18:48:18  1397922245.145  77
 5 24 24 2007 JUL 17 19:02:55  1392829595.357  77
 5 55 55 2007 JUL 18 10:36:48  1389546808.207   0
 5 26 26 2007 JUL 18 18:48:23  1387823178.212  77
 5 55 55 2007 JUL 19 10:19:19  1384542860.949   0
 5 26 26 2007 JUL 19 20:00:22  1382510615.748  77
 5 65 65 2007 JUL 20 12:03:22  1379110303.484   0
 5 25 25 2007 JUL 20 17:41:27  1377903625.662  77
 5 55 55 2007 JUL 21 11:54:38  1374050119.479   0
 5 26 26 2007 JUL 21 18:04:53  1372729812.036  77
 5 55 55 2007 JUL 22 09:18:13  1369487619.267   0
 5 25 25 2007 JUL 22 19:31:21  1367326796.840  77
 5 25 25 2007 JUL 23 17:30:03  1362624997.617  77
 5 25 25 2007 JUL 24 19:02:22  1357172854.195  77
 5 65 65 2007 JUL 25 02:50:44  1355506445.000   0
 5 15 15 2007 JUL 25 18:39:07  1352106293.185   0
 5 25 25 2007 JUL 26 11:56:40  1348386203.438  77
 5 24 24 2007 JUL 26 18:30:17  1346976215.916  77
 5 65 65 2007 JUL 27 08:17:10  1343995603.336   0
 5 25 25 2007 JUL 27 18:07:00  1341882409.986  77
 5 45 45 2007 JUL 27 23:27:33  1340738020.252   0
 5 55 55 2007 JUL 28 08:02:40  1338863933.091   0
 5 43 43 2007 JUL 28 19:16:03  1336452579.228   0
 5 45 45 2007 JUL 28 23:13:03  1335596447.598   0
 5 65 65 2007 JUL 29 07:48:10  1333717599.122   0
 5 26 26 2007 JUL 29 17:43:51  1331569363.276  77
 5 65 65 2007 JUL 30 08:51:30  1328275821.404   0
 5 26 26 2007 JUL 30 19:19:15  1326013401.636  77
 5 55 55 2007 JUL 31 09:03:21  1323002518.573   0
 5 15 15 2007 JUL 31 18:29:35  1320950268.852   0
 5 43 43 2007 SEP 27 21:45:43   983301444.319   0
 5 26 26 2007 SEP 28 15:51:31   978519154.707  77
 5 14 14 2007 SEP 29 17:29:47   971768149.505   0
 5 55 55 2007 OCT 01 02:21:33   963078891.650   0
 5 65 65 2007 OCT 04 01:38:13   944181181.547   0
 5 26 26 2007 OCT 04 08:08:32   942460199.613  77
 5 34 34 2007 OCT 04 17:35:21   939947526.157   0
 5 63 63 2007 OCT 05 05:35:26   936732637.780   0
 5 43 43 2007 OCT 05 17:23:52   933613540.938   0
 5 63 63 2007 OCT 06 09:09:16   929406314.323   0
 5 15 15 2007 OCT 06 15:07:57   927805577.658   0
 5 63 63 2007 OCT 07 04:49:05   924156558.261   0
 5 43 43 2007 OCT 08 16:34:44   914648618.894   0
 5 63 63 2007 OCT 09 10:18:43   909912421.086   0
 5 14 14 2007 OCT 09 14:42:06   908723278.195   0
 5 63 63 2007 OCT 10 02:07:11   905686665.057   0
 5 55 55 2007 OCT 10 08:26:14   903998667.663   0
 5 63 63 2007 OCT 11 07:45:36   897774704.076   0
 5 14 14 2007 OCT 11 13:38:14   896201719.536   0
 5 63 63 2007 OCT 12 07:54:32   891336204.729   0
 5 15 15 2007 OCT 12 15:01:59   889434865.186   0
 5 14 14 2007 OCT 13 17:06:35   882499557.105   0
 5 14 14 2007 OCT 14 17:03:51   876122539.961   0
 5 63 63 2007 OCT 15 08:29:04   872014207.104   0
 5 14 14 2007 OCT 15 12:46:33   870862829.332   0
 5 63 63 2007 OCT 16 08:38:00   865599125.466   0
 5 63 63 2007 OCT 17 00:32:20   861387503.988   0
 5 24 24 2007 OCT 17 14:19:27   857715147.030  77
 5 55 55 2007 OCT 18 05:23:56   853721716.477   0
 5 14 14 2007 OCT 18 07:34:12   853170906.611   0
 5 24 24 2007 OCT 18 16:03:26   850913106.191  77
 5 63 63 2007 OCT 19 05:21:13   847389160.993   0
 5 63 63 2007 OCT 20 07:34:34   840479482.010   0
 5 14 14 2007 OCT 20 16:55:19   838030618.065   0
 5 63 63 2007 OCT 21 07:14:20   834254047.959   0
 5 25 25 2007 OCT 21 16:52:36   831736492.302  77
 5 15 15 2007 OCT 22 08:26:26   827654931.497   0
 5 14 14 2007 OCT 22 12:46:59   826501654.233   0
 5 14 14 2007 OCT 23 11:48:48   820483635.332   0
 5 24 24 2007 OCT 24 12:15:13   814117540.003  77
 5 43 43 2007 OCT 24 21:35:53   811718411.397   0
 5 43 43 2007 OCT 25 21:24:24   805548182.349   0
 5 63 63 2007 OCT 25 23:34:36   804984168.756   0
 5 65 65 2007 OCT 26 09:06:59   802512672.437   0
 5 65 65 2007 OCT 27 09:01:21   796354869.576   0
 5 25 25 2007 OCT 27 16:41:03   794388654.394  77
 5 65 65 2007 OCT 28 02:30:52   791854945.764   0
 5 14 14 2007 OCT 29 10:25:16   783705370.257   0
 5 43 43 2007 OCT 29 16:09:18   782269115.252   0
 5 63 63 2007 OCT 30 07:51:58   778268234.447   0
 5 25 25 2007 OCT 30 15:46:08   776270936.613  77
 5 26 26 2007 OCT 31 16:12:32   770113966.608  77
 5 14 14 2007 NOV 01 13:42:05   764714272.611   0
 5 43 43 2007 NOV 01 15:34:48   764269525.969   0
 5 63 63 2007 NOV 02 07:46:40   760217274.121   0
 5 14 14 2007 NOV 02 15:17:28   758351528.931   0
 5 63 63 2007 NOV 03 07:32:15   754330546.014   0
 5 15 15 2007 NOV 03 16:32:31   752121659.265   0
 5 63 63 2007 NOV 04 08:23:58   748224438.591   0
 5 24 24 2007 NOV 04 16:41:26   746203732.611  77
 5 63 63 2007 NOV 05 06:57:38   742714277.496   0
 5 14 14 2007 NOV 06 16:12:44   734699404.702   0
 5 55 55 2007 NOV 07 04:12:53   731809272.745   0
 5 14 14 2007 NOV 07 16:01:21   729015622.256   0
 5 14 14 2007 NOV 08 13:54:19   723830801.231   0
 5 63 63 2007 NOV 09 07:06:16   719805985.263   0
 5 26 26 2007 NOV 09 16:50:22   717556070.810  77
 5 14 14 2007 NOV 10 16:44:48   712037393.102   0
 5 63 63 2007 NOV 11 03:15:33   709608278.851   0
 5 26 26 2007 NOV 11 15:06:55   706924431.868  77
 5 63 63 2007 NOV 12 04:30:35   703887594.757   0
 5 25 25 2007 NOV 12 14:46:42   701595117.199  77
 5 63 63 2007 NOV 13 08:10:23   697732279.932   0
 5 14 14 2007 NOV 13 16:04:41   695991111.774   0
 5 63 63 2007 NOV 14 05:28:20   693036976.298   0
 5 25 25 2007 NOV 15 06:04:58   687729653.272  77
 5 24 24 2007 NOV 15 09:37:19   686949034.425  77
 5 63 63 2007 NOV 16 03:50:37   683070405.779   0
 5 24 24 2007 NOV 16 11:38:56   681424791.506  77
 5 14 14 2007 NOV 17 15:00:36   675750135.494   0
 5 43 43 2007 NOV 17 20:27:54   674645382.289   0
 5 55 55 2007 NOV 18 08:22:08   672210183.968   0
 5 24 24 2007 NOV 18 16:36:43   670550779.257  77
 5 43 43 2007 NOV 18 20:16:25   669815665.900   0
 5 63 63 2007 NOV 19 04:51:24   668071601.928   0
 5 26 26 2007 NOV 19 08:22:20   667375907.300  77
 5 14 14 2007 NOV 20 14:32:51   661468754.848   0
 5 43 43 2007 NOV 20 19:53:25   660453708.512   0
 5 14 14 2007 NOV 21 15:27:13   656720413.163   0
 5 43 43 2007 NOV 21 19:38:59   655937537.508   0
 5 63 63 2007 NOV 22 05:37:32   654052572.505   0
 5 15 15 2007 NOV 22 13:37:38   652573900.012   0
 5 45 45 2007 NOV 22 19:12:52   651564387.088   0
 5 63 63 2007 NOV 23 06:58:22   649412581.398   0
 5 15 15 2007 NOV 23 14:58:25   647975955.251   0
 5 45 45 2007 NOV 23 18:58:25   647267577.351   0
 5 63 63 2007 NOV 24 05:32:00   645376535.314   0
 5 43 43 2007 NOV 24 18:43:58   643086323.942   0
 5 63 63 2007 NOV 25 05:14:40   641255734.155   0
 5 25 25 2007 NOV 25 14:35:28   639675464.983  77
 5 45 45 2007 NOV 25 18:29:34   639024288.078   0
 5 63 63 2007 NOV 26 06:23:47   637023836.773   0
 5 25 25 2007 NOV 26 14:21:03   635715627.541  77
 5 43 43 2007 NOV 26 18:31:35   635041965.081   0
 5 63 63 2007 NOV 27 05:57:42   633178086.278   0
 5 26 26 2007 NOV 27 14:19:02   631851225.527  77
 5 43 43 2007 NOV 27 18:17:21   631231689.359   0
 5 63 63 2007 NOV 28 05:52:03   629408961.123   0
 5 26 26 2007 NOV 28 14:18:58   628115370.798  77
 5 43 43 2007 NOV 28 18:10:13   627535629.229   0
 5 63 63 2007 NOV 29 05:26:01   625824169.369   0
 5 15 15 2007 NOV 29 13:29:02   624634215.952   0
 5 63 63 2007 NOV 30 05:49:31   622261576.497   0
 5 14 14 2007 NOV 30 15:31:42   620901172.112   0
 5 45 45 2007 NOV 30 17:40:51   620595009.104   0
 5 63 63 2007 DEC 01 05:03:02   619003040.720   0
 5 14 14 2007 DEC 01 15:17:25   617631064.029   0
 5 45 45 2007 DEC 01 17:26:25   617339469.866   0
 5 63 63 2007 DEC 02 06:20:52   615625848.413   0
 5 15 15 2007 DEC 02 15:00:12   614515987.031   0
 5 45 45 2007 DEC 02 18:41:21   614049359.635   0
 5 15 15 2007 DEC 03 08:16:36   612322683.415   0
 5 14 14 2007 DEC 03 14:43:01   611553832.872   0
 5 45 45 2007 DEC 03 18:18:09   611123687.694   0
 5 14 14 2007 DEC 04 14:25:48   608749126.255   0
 5 45 45 2007 DEC 04 17:28:40   608403203.411   0
 5 15 15 2007 DEC 05 15:27:15   605975329.606   0
 5 45 45 2007 DEC 05 17:43:21   605727161.004   0
 5 15 15 2007 DEC 06 15:09:54   603507601.862   0
 5 55 55 2007 DEC 07 05:52:16   602049861.999   0
 5 26 26 2007 DEC 07 14:58:16   601202007.695  77
 5 26 26 2007 DEC 08 13:23:13   599180728.194  77
 5 45 45 2007 DEC 08 17:14:21   598859743.375   0
 5 55 55 2007 DEC 09 05:17:14   597847697.760   0
 5 34 34 2007 DEC 09 16:13:03   596990738.979   0
 5 63 63 2007 DEC 10 05:51:09   595957784.103   0
 5 34 34 2007 DEC 10 16:12:56   595223670.050   0
 5 65 65 2007 DEC 11 05:51:02   594298595.538   0
 5 25 25 2007 DEC 11 14:05:38   593778755.600  77
 5 34 34 2007 DEC 11 18:00:54   593542288.192   0
 5 55 55 2007 DEC 12 04:09:51   592917888.527   0
 5 24 24 2007 DEC 12 09:50:55   592588762.951  77
 5 45 45 2007 DEC 12 15:43:29   592288035.450   0
 5 63 63 2007 DEC 13 05:12:45   591585727.279   0
 5 45 45 2007 DEC 13 15:28:43   591107217.217   0
 5 65 65 2007 DEC 14 05:06:36   590509404.830   0
 5 26 26 2007 DEC 14 13:12:26   590194272.072  77
 5 43 43 2007 DEC 14 15:48:49   590100261.913   0
 5 63 63 2007 DEC 15 05:03:20   589630591.060   0
 5 63 63 2007 DEC 16 04:45:17   588958047.813   0
 5 26 26 2007 DEC 16 13:21:14   588771934.786  77
 5 43 43 2007 DEC 16 16:36:12   588709448.248   0
 5 63 63 2007 DEC 17 04:41:39   588482975.865   0
 5 26 26 2007 DEC 17 08:38:24   588411560.106  77
 5 45 45 2007 DEC 17 14:54:19   588351776.167   0
 5 65 65 2007 DEC 18 04:28:48   588213552.095   0
 5 25 25 2007 DEC 18 10:52:03   588170018.375  77
 5 45 45 2007 DEC 18 16:19:09   588168404.045   0
 5 65 65 2007 DEC 19 04:21:04   588149088.436   0
 5 25 25 2007 DEC 19 11:09:53   588164756.095  77
 5 65 65 2007 DEC 20 03:14:08   588276336.587   0
 5 25 25 2007 DEC 20 13:12:53   588410073.323  77
 5 43 43 2007 DEC 20 16:06:13   588452890.342   0
 5 65 65 2007 DEC 21 04:25:24   588650129.067   0
 5 14 14 2007 DEC 21 11:54:59   588804270.073   0
 5 43 43 2007 DEC 21 15:50:24   588903442.452   0
 5 55 55 2007 DEC 22 01:00:49   589109886.713   0
 5 14 14 2007 DEC 22 12:57:04   589475913.419   0
 5 34 34 2007 DEC 22 15:55:00   589572404.664   0
 5 63 63 2007 DEC 23 04:11:15   589983429.290   0
 5 25 25 2007 DEC 23 10:18:58   590207600.487  77
 5 45 45 2007 DEC 23 15:54:10   590450261.788   0
 5 63 63 2007 DEC 24 01:10:01   590822205.250   0
 5 25 25 2007 DEC 24 12:06:41   591345973.492  77
 5 15 15 2007 DEC 25 10:22:32   592505248.734   0
 5 34 34 2007 DEC 25 14:05:28   592733603.567   0
 5 63 63 2007 DEC 26 01:21:53   593390730.325   0
 5 24 24 2007 DEC 26 09:18:54   593897201.927  77
 5 43 43 2007 DEC 26 14:01:19   594227100.998   0
 5 55 55 2007 DEC 27 04:08:50   595200710.526   0
 5 45 45 2007 DEC 27 15:40:31   596065646.677   0
 5 15 15 2007 DEC 29 11:41:50   599770447.221   0
 5 63 63 2007 DEC 29 19:11:00   600475208.109   0
 5 55 55 2007 DEC 30 03:45:11   601298460.417   0
 5 26 26 2007 DEC 30 12:01:27   602129905.476  77
 5 65 65 2007 DEC 30 23:17:18   603274456.839   0
 5 14 14 2007 DEC 31 11:31:54   604608628.943   0
 5 15 15 2008 JAN 01 10:05:17   607169318.745   0
 5 63 63 2008 JAN 02 01:39:29   609046083.990   0
 5 25 25 2008 JAN 02 11:56:01   610351888.247  77
 5 45 45 2008 JAN 02 14:59:31   610745892.455   0
 5 65 65 2008 JAN 02 20:06:36   611393759.419   0
 5 25 25 2008 JAN 03 05:52:11   612670837.085  77
 5 43 43 2008 JAN 03 11:19:08   613429015.904   0
 5 55 55 2008 JAN 04 00:12:55   615181737.721   0
 5 26 26 2008 JAN 04 09:16:46   616470560.314  77
 5 65 65 2008 JAN 04 18:58:48   617888625.151   0
 5 26 26 2008 JAN 05 05:41:21   619462949.773  77
 5 43 43 2008 JAN 05 11:15:30   620330178.948   0
 5 55 55 2008 JAN 05 23:04:41   622129645.624   0
 5 25 25 2008 JAN 06 08:39:42   623647318.877  77
 5 45 45 2008 JAN 06 14:28:29   624601912.135   0
 5 65 65 2008 JAN 07 00:49:21   626271607.066   0
 5 25 25 2008 JAN 07 08:56:02   627624407.316  77
 5 43 43 2008 JAN 07 12:35:38   628257997.597   0
 5 63 63 2008 JAN 07 23:19:49   630071511.327   0
 5 26 26 2008 JAN 08 10:50:42   632099283.584  77
 5 55 55 2008 JAN 09 00:38:14   634551144.895   0
 5 24 24 2008 JAN 09 07:42:00   635836415.082  77
 5 25 25 2008 JAN 10 10:34:35   640897363.944  77
 5 43 43 2008 JAN 10 14:05:26   641581685.620   0
 5 65 65 2008 JAN 10 23:04:13   643305351.836   0
 5 26 26 2008 JAN 11 02:26:44   643982446.359  77
 5 43 43 2008 JAN 11 12:33:25   645999000.306   0
 5 65 65 2008 JAN 11 21:39:42   647814696.302   0
 5 26 26 2008 JAN 12 07:18:54   649788959.634  77
 5 45 45 2008 JAN 12 12:37:40   650908967.201   0
 5 65 65 2008 JAN 12 22:45:12   653005945.404   0
 5 26 26 2008 JAN 13 08:05:39   654991140.301  77
 5 45 45 2008 JAN 13 13:41:31   656211371.148   0
 5 55 55 2008 JAN 13 21:09:02   657803727.813   0
 5 26 26 2008 JAN 14 05:59:32   659735389.594  77
 5 45 45 2008 JAN 14 13:33:41   661433483.003   0
 5 25 25 2008 JAN 15 04:17:55   664719884.499  77
 5 34 34 2008 JAN 15 12:27:06   666595865.735   0
 5 65 65 2008 JAN 15 18:25:03   667959244.410   0
 5 25 25 2008 JAN 16 05:40:01   670555862.393  77
 5 43 43 2008 JAN 16 10:16:21   671661109.648   0
 5 55 55 2008 JAN 16 20:55:59   674159128.006   0
 5 25 25 2008 JAN 17 05:28:51   676200802.110  77
 5 45 45 2008 JAN 17 12:23:07   677888722.947   0
 5 65 65 2008 JAN 17 22:21:05   680294234.406   0
 5 26 26 2008 JAN 18 05:14:46   681988421.937  77
 5 45 45 2008 JAN 18 10:58:38   683429712.776   0
 5 26 26 2008 JAN 19 02:49:28   687381323.896  77
 5 65 65 2008 JAN 19 21:10:27   692049273.292   0
 5 26 26 2008 JAN 20 05:04:38   694087773.677  77
 5 45 45 2008 JAN 20 11:08:25   695685749.885   0
 5 65 65 2008 JAN 20 19:19:17   697811318.847   0
 5 26 26 2008 JAN 21 04:18:01   700173671.136  77
 5 43 43 2008 JAN 21 11:48:06   702188280.422   0
 5 55 55 2008 JAN 22 00:11:55   705497179.252   0
 5 24 24 2008 JAN 22 08:07:47   707645939.364  77
 5 55 55 2008 JAN 22 22:04:06   711448711.126   0
 5 25 25 2008 JAN 23 02:46:13   712750228.984  77
 5 43 43 2008 JAN 23 09:42:29   714690185.933   0
 5 55 55 2008 JAN 23 22:18:22   718181983.839   0
 5 25 25 2008 JAN 24 10:13:01   721562050.792  77
 5 45 45 2008 JAN 24 14:17:13   722724269.870   0
 5 55 55 2008 JAN 24 23:09:44   725228811.562   0
 5 45 45 2008 JAN 25 11:13:58   728719512.407   0
 5 45 45 2008 JAN 26 11:36:10   735825670.950   0
 5 65 65 2008 JAN 26 22:34:08   739044818.235   0
 5 24 24 2008 JAN 27 06:06:16   741285243.728  77
 5 45 45 2008 JAN 27 11:20:02   742868390.634   0
 5 65 65 2008 JAN 27 16:53:24   744531978.223   0
 5 25 25 2008 JAN 28 05:45:57   748398695.998  77
 5 34 34 2008 JAN 28 12:15:35   750393861.756   0
 5 65 65 2008 JAN 28 16:48:31   751777375.007   0
 5 26 26 2008 JAN 29 02:25:13   754708571.378  77
 5 45 45 2008 JAN 29 12:36:32   757867518.566   0
 5 55 55 2008 JAN 29 22:04:29   760781458.250   0
 5 15 15 2008 JAN 30 09:57:29   764515804.273   0
 5 45 45 2008 JAN 30 12:54:10   765441361.617   0
 5 55 55 2008 JAN 30 21:32:32   768137350.611   0
 5 26 26 2008 JAN 31 07:18:50   771237248.743  77
 5 45 45 2008 JAN 31 12:45:07   772985509.362   0
 5 63 63 2008 JAN 31 23:05:28   776268427.190   0
 5 26 26 2008 FEB 01 01:50:12   777153639.862  77
 5 43 43 2008 FEB 01 08:56:54   779459018.702   0
 5 24 24 2008 FEB 02 07:17:01   786683495.901  77
 5 65 65 2008 FEB 02 18:11:14   790253965.222   0
 5 25 25 2008 FEB 03 04:49:12   793744882.389  77
 5 34 34 2008 FEB 03 12:38:26   796356658.515   0
 5 55 55 2008 FEB 03 20:38:54   798991570.980   0
 5 26 26 2008 FEB 04 00:37:40   800331274.909  77
 5 34 34 2008 FEB 04 08:44:23   803052860.507   0
 5 65 65 2008 FEB 04 18:59:01   806469118.078   0
 5 26 26 2008 FEB 05 05:50:19   810128034.893  77
 5 63 63 2008 FEB 05 15:56:13   813571943.022   0
 5 15 15 2008 FEB 06 05:08:22   818050106.598   0
 5 65 65 2008 FEB 06 17:40:57   822360201.524   0
 5 25 25 2008 FEB 07 00:56:49   824863024.907  77
 5 24 24 2008 FEB 07 07:51:52   827252736.891  77
 5 65 65 2008 FEB 07 17:46:05   830683333.220   0
 5 15 15 2008 FEB 08 07:32:49   835484456.800   0
 5 55 55 2008 FEB 09 00:42:56   841507882.689   0
 5 26 26 2008 FEB 09 07:43:23   843973407.041  77
 5 34 34 2008 FEB 09 12:11:20   845562960.536   0
 5 25 25 2008 FEB 10 04:38:55   851372716.728  77
 5 34 34 2008 FEB 10 11:09:48   853714100.885   0
 5 65 65 2008 FEB 10 22:45:37   857838758.526   0
 5 25 25 2008 FEB 11 08:22:01   861295088.290  77
 5 45 45 2008 FEB 11 12:05:47   862643045.685   0
 5 65 65 2008 FEB 11 23:54:11   866883385.464   0
 5 25 25 2008 FEB 12 06:40:28   869326913.903  77
 5 45 45 2008 FEB 12 12:09:41   871332772.417   0
 5 55 55 2008 FEB 12 23:05:59   875287081.452   0
 5 26 26 2008 FEB 13 06:23:07   877939554.442  77
 5 55 55 2008 FEB 13 22:49:52   883952705.193   0
 5 25 25 2008 FEB 14 06:38:40   886821269.064  77
 5 55 55 2008 FEB 14 23:00:31   892848154.897   0
 5 26 26 2008 FEB 15 06:10:29   895494728.219  77
 5 55 55 2008 FEB 15 21:58:45   901352827.619   0
 5 24 24 2008 FEB 16 06:32:43   904543855.578  77
 5 55 55 2008 FEB 16 16:02:23   908095060.827   0
 5 63 63 2008 FEB 16 18:52:24   909139134.948   0
 5 45 45 2008 FEB 17 10:06:39   914864048.428   0
 5 55 55 2008 FEB 17 22:24:13   919466923.339   0
 5 26 26 2008 FEB 18 05:44:16   922228852.332  77
 5 63 63 2008 FEB 18 20:26:52   927782511.920   0
 5 26 26 2008 FEB 19 03:46:03   930554208.146  77
 5 65 65 2008 FEB 19 23:09:07   937928659.347   0
 5 26 26 2008 FEB 20 05:37:28   940390225.825  77
 5 43 43 2008 FEB 21 10:06:25   951305465.077   0
 5 26 26 2008 FEB 22 03:39:26   958031867.446  77
 5 55 55 2008 FEB 22 14:22:52   962194932.991   0
 5 26 26 2008 FEB 22 23:03:20   965538680.153  77
 5 45 45 2008 FEB 23 07:44:13   968906196.616   0
 5 63 63 2008 FEB 23 15:55:20   972069551.583   0
 5 26 26 2008 FEB 23 23:06:24   974861990.357  77
 5 55 55 2008 FEB 24 20:30:01   983174669.901   0
 5 25 25 2008 FEB 25 23:14:13   993647298.901  77
 5 34 34 2008 FEB 26 11:01:23   998279356.592   0
 5 63 63 2008 FEB 26 17:08:05  1000665768.526   0
 5 24 24 2008 FEB 26 23:25:12  1003146031.824  77
 5 34 34 2008 FEB 27 11:01:32  1007727528.406   0
 5 55 55 2008 FEB 27 16:29:29  1009871694.586   0
 5 26 26 2008 FEB 27 23:50:48  1012777828.960  77
 5 34 34 2008 FEB 28 10:48:21  1017124032.807   0
 5 55 55 2008 FEB 28 14:38:23  1018642493.487   0
 5 26 26 2008 FEB 29 00:42:11  1022615332.910  77
 5 45 45 2008 FEB 29 07:28:05  1025319961.617   0
 5 63 63 2008 FEB 29 14:30:38  1028116101.577   0
 5 26 26 2008 MAR 01 00:14:01  1031969212.394  77
 5 55 55 2008 MAR 01 14:09:57  1037538202.650   0
 5 63 63 2008 MAR 02 14:02:12  1047075505.951   0
 5 26 26 2008 MAR 02 22:28:05  1050444720.175  77
 5 63 63 2008 MAR 03 13:56:31  1056655784.881   0
 5 26 26 2008 MAR 04 00:54:05  1061034721.790  77
 5 55 55 2008 MAR 04 15:24:27  1066880424.437   0
 5 14 14 2008 MAR 05 00:18:25  1070455844.365   0
 5 43 43 2008 MAR 05 07:25:08  1073340191.033   0
 5 65 65 2008 MAR 05 23:51:29  1079966765.505   0
 5 43 43 2008 MAR 06 07:46:58  1083175590.435   0
 5 55 55 2008 MAR 06 14:59:16  1086083995.354   0
 5 26 26 2008 MAR 06 23:05:23  1089358827.042  77
 5 43 43 2008 MAR 07 10:38:48  1094048673.800   0
 5 26 26 2008 MAR 07 22:56:48  1099028154.308  77
 5 63 63 2008 MAR 08 16:59:55  1106347967.283   0
 5 14 14 2008 MAR 09 07:17:27  1112169883.068   0
 5 43 43 2008 MAR 09 10:22:53  1113431822.376   0
 5 65 65 2008 MAR 09 21:30:26  1117941947.292   0
 5 63 63 2008 MAR 10 15:42:17  1125363297.115   0
 5 14 14 2008 MAR 11 05:27:45  1130967737.798   0
 5 55 55 2008 MAR 11 14:27:00  1134649537.298   0
 5 14 14 2008 MAR 12 04:42:25  1140453503.714   0
 5 65 65 2008 MAR 12 14:48:01  1144592231.984   0
 5 34 34 2008 MAR 13 07:00:11  1151223744.326   0
 5 55 55 2008 MAR 13 14:13:09  1154172174.766   0
 5 14 14 2008 MAR 14 05:18:14  1160329654.738   0
 5 55 55 2008 MAR 14 14:14:08  1164001726.415   0
 5 65 65 2008 MAR 14 19:59:35  1166338845.709   0
 5 14 14 2008 MAR 15 00:00:52  1167991955.605   0
 5 45 45 2008 MAR 15 09:05:56  1171727762.221   0
 5 63 63 2008 MAR 15 22:23:56  1177167564.384   0
 5 55 55 2008 MAR 16 15:36:58  1184228080.457   0
 5 14 14 2008 MAR 16 23:37:02  1187506449.380   0
 5 34 34 2008 MAR 17 08:47:55  1191284902.352   0
 5 65 65 2008 MAR 17 14:00:53  1193426452.734   0
 5 34 34 2008 MAR 18 10:34:18  1201863863.269   0
 5 55 55 2008 MAR 18 14:25:13  1203438804.594   0
 5 26 26 2008 MAR 19 02:04:52  1208206074.208  77
 5 45 45 2008 MAR 19 11:01:03  1211901205.968   0
 5 55 55 2008 MAR 19 14:22:28  1213272988.867   0
 5 24 24 2008 MAR 20 03:23:22  1218598340.822  77
 5 45 45 2008 MAR 20 10:00:19  1221337406.447   0
 5 55 55 2008 MAR 20 13:38:52  1222835396.700   0
 5 63 63 2008 MAR 20 21:48:55  1226173401.902   0
 5 34 34 2008 MAR 21 08:14:49  1230471207.004   0
 5 55 55 2008 MAR 21 13:51:32  1232777921.884   0
 5 55 55 2008 MAR 22 13:51:42  1242637565.832   0
 5 26 26 2008 MAR 22 22:21:20  1246120019.638  77
 5 55 55 2008 MAR 23 13:49:47  1252483488.444   0
 5 26 26 2008 MAR 23 22:21:30  1255979854.978  77
 5 24 24 2008 MAR 24 04:27:22  1258473364.039  77
 5 26 26 2008 MAR 25 02:07:31  1267369343.206  77
 5 34 34 2008 MAR 25 09:30:56  1270426554.369   0
 5 65 65 2008 MAR 25 19:41:48  1274587138.433   0
 5 14 14 2008 MAR 26 01:12:41  1276851407.470   0
 5 34 34 2008 MAR 26 10:03:35  1280506742.363   0
 5 65 65 2008 MAR 26 13:45:17  1282023029.044   0
 5 24 24 2008 MAR 27 04:32:52  1288078537.351  77
 5 55 55 2008 MAR 27 14:02:56  1291993155.204   0
 5 26 26 2008 MAR 27 22:52:35  1295606910.710  77
 5 55 55 2008 MAR 28 13:31:51  1301631965.088   0
 5 25 25 2008 MAR 28 21:57:44  1305084089.946  77
 5 34 34 2008 MAR 29 06:40:18  1308662965.804   0
 5 55 55 2008 MAR 29 14:07:01  1311710701.363   0
 5 55 55 2008 MAR 30 21:18:53  1324484876.614   0
 5 45 45 2008 MAR 31 06:08:53  1328121688.691   0
 5 24 24 2008 APR 01 05:17:52  1337582777.546  77
 5 34 34 2008 APR 02 08:59:30  1348920904.444   0
 5 34 34 2008 APR 03 08:21:57  1358470735.130   0
 5 25 25 2008 APR 03 22:06:13  1364073383.588  77
 5 63 63 2008 APR 05 13:32:45  1380160452.200   0
 5 25 25 2008 APR 05 21:37:23  1383445349.630  77
 5 26 26 2008 APR 06 20:07:58  1392613408.765  77
 5 45 45 2008 APR 07 08:15:31  1397531254.224   0
 5 34 34 2008 APR 08 09:34:52  1407809303.094   0
 5 55 55 2008 APR 08 13:36:09  1409437717.012   0
 5 34 34 2008 APR 09 08:46:41  1417204303.826   0
 5 65 65 2008 APR 09 14:40:04  1419579938.825   0
 5 34 34 2008 APR 10 05:45:10  1425691587.509   0
 5 55 55 2008 APR 10 13:16:53  1428729158.136   0
 5 24 24 2008 APR 11 01:19:02  1433564039.040  77
 5 55 55 2008 APR 11 13:31:38  1438507455.481   0
 5 45 45 2008 APR 12 05:40:30  1445015168.522   0
 5 63 63 2008 APR 12 13:26:48  1448136267.724   0
 5 26 26 2008 APR 12 20:37:41  1451026126.073  77
 5 45 45 2008 APR 13 05:50:14  1454726131.449   0
 5 43 43 2008 APR 14 09:14:35  1465712064.218   0
 5 26 26 2008 APR 14 21:41:20  1470687085.995  77
 5 43 43 2008 APR 15 10:59:46  1476020143.831   0
 5 55 55 2008 APR 15 13:10:36  1476884112.347   0
 5 25 25 2008 APR 15 22:23:10  1480548747.578  77
 5 34 34 2008 APR 16 08:01:58  1484405256.563   0
 5 26 26 2008 APR 17 01:43:44  1491432973.744  77
 5 55 55 2008 APR 17 13:02:11  1495953164.680   0
 5 43 43 2008 APR 18 09:09:23  1503940090.142   0
 5 63 63 2008 APR 18 13:06:05  1505505325.613   0
 5 45 45 2008 APR 19 07:52:27  1512937964.522   0
 5 65 65 2008 APR 19 19:14:11  1517413346.374   0
 5 45 45 2008 APR 20 05:35:31  1521526375.729   0
 5 65 65 2008 APR 20 19:33:30  1527013617.714   0
 5 43 43 2008 APR 21 06:01:56  1531159458.813   0
 5 34 34 2008 APR 21 09:36:32  1532567545.440   0
 5 26 26 2008 APR 21 21:18:41  1537163887.259  77
 5 43 43 2008 APR 22 10:43:47  1542445474.271   0
 5 24 24 2008 APR 22 22:40:30  1547109377.896  77
 5 34 34 2008 APR 23 08:30:35  1550973806.047   0
 5 25 25 2008 APR 23 20:35:03  1555699399.891  77
 5 45 45 2008 APR 24 09:16:45  1560658430.746   0
 5 45 45 2008 APR 25 07:47:08  1569429414.937   0
 5 63 63 2008 APR 25 12:42:36  1571350713.224   0
 5 24 24 2008 APR 25 23:46:00  1575628323.883  77
 5 45 45 2008 APR 26 08:02:23  1578858153.138   0
 5 55 55 2008 APR 26 13:06:05  1580823870.755   0
 5 25 25 2008 APR 26 21:19:28  1584007248.015  77
 5 63 63 2008 APR 27 13:23:45  1590232018.763   0
 5 25 25 2008 APR 27 21:24:37  1593326681.674  77
 5 43 43 2008 APR 28 07:43:57  1597316303.694   0
 5 26 26 2008 APR 28 21:27:26  1602603072.536  77
 5 45 45 2008 APR 29 07:33:15  1606494138.202   0
 5 25 25 2008 APR 30 02:30:03  1613755894.867  77
 5 26 26 2008 MAY 01 03:49:42  1623463349.692  77
 5 43 43 2008 MAY 01 09:01:25  1625463788.035   0
 5 26 26 2008 MAY 01 21:06:55  1630075661.629  77
 5 45 45 2008 MAY 02 07:44:03  1634125862.493   0
 5 26 26 2008 MAY 02 21:19:58  1639296602.904  77
 5 45 45 2008 MAY 03 05:20:02  1642345316.287   0
 5 63 63 2008 MAY 03 14:18:50  1645741020.036   0
 5 26 26 2008 MAY 03 21:08:28  1648333138.689  77
 5 43 43 2008 MAY 04 05:18:06  1651430211.718   0
 5 55 55 2008 MAY 04 13:00:14  1654339567.651   0
 5 25 25 2008 MAY 04 21:08:37  1657409387.331  77
 5 45 45 2008 MAY 05 07:28:40  1661309642.191   0
 5 24 24 2008 MAY 05 21:02:30  1666413459.914  77
 5 34 34 2008 MAY 06 06:18:34  1669899204.996   0
 5 24 24 2008 MAY 06 22:39:19  1676014913.927  77
 5 34 34 2008 MAY 07 06:45:35  1679060435.289   0
 5 55 55 2008 MAY 07 19:07:23  1683663857.798   0
 5 45 45 2008 MAY 08 09:12:53  1688935345.311   0
 5 63 63 2008 MAY 08 15:51:37  1691389662.283   0
 5 24 24 2008 MAY 08 22:29:38  1693858160.505  77
 5 26 26 2008 MAY 10 04:14:50  1704885876.870  77
 5 55 55 2008 MAY 10 19:45:19  1710603952.437   0
 5 45 45 2008 MAY 11 05:06:14  1714062875.522   0
 5 26 26 2008 MAY 11 20:56:44  1719875718.490  77
 5 43 43 2008 MAY 12 07:15:32  1723657455.537   0
 5 25 25 2008 MAY 12 21:03:33  1728701262.800  77
 5 26 26 2008 MAY 14 00:59:56  1738864495.069  77
 5 55 55 2008 MAY 14 13:21:43  1743367694.306   0
 5 34 34 2008 MAY 15 07:05:59  1749788875.178   0
 5 65 65 2008 MAY 15 17:02:56  1753363829.159   0
 5 55 55 2008 MAY 16 12:20:46  1760332663.754   0
 5 65 65 2008 MAY 17 12:17:59  1768920534.533   0
 5 24 24 2008 MAY 17 20:18:42  1771780558.199  77
 5 55 55 2008 MAY 18 17:26:04  1779290536.580   0
 5 26 26 2008 MAY 18 21:04:00  1780594907.523  77
 5 65 65 2008 MAY 19 19:19:08  1788478945.650   0
 5 43 43 2008 MAY 20 05:00:18  1791919640.238   0
 5 65 65 2008 MAY 20 20:40:17  1797436670.782   0
 5 26 26 2008 MAY 21 02:25:54  1799454513.611  77
 5 34 34 2008 MAY 22 04:52:54  1808752571.938   0
 5 65 65 2008 MAY 22 13:00:21  1811588955.860   0
 5 24 24 2008 MAY 23 04:54:37  1817137443.850  77
 5 54 54 2008 MAY 23 19:44:06  1822282093.193   0
 5 25 25 2008 MAY 24 05:28:20  1825674557.533  77
 5 65 65 2008 MAY 24 17:47:20  1829915824.255   0
 5 24 24 2008 MAY 24 22:24:11  1831513504.997  77
 5 45 45 2008 MAY 27 08:37:56  1851515305.086   0
 5 55 55 2008 MAY 27 16:43:57  1854257802.314   0
 5 25 25 2008 MAY 28 04:10:16  1858161421.933  77
 5 45 45 2008 MAY 28 08:35:39  1859669201.774   0
 5 55 55 2008 MAY 28 16:59:07  1862496219.917   0
 5 26 26 2008 MAY 29 02:40:29  1865779675.056  77
 5 34 34 2008 MAY 29 08:39:11  1867814299.906   0
 5 55 55 2008 MAY 29 16:48:04  1870544363.817   0
 5 26 26 2008 MAY 30 02:32:22  1873826676.229  77
 5 45 45 2008 MAY 30 08:33:59  1875867153.588   0
 5 55 55 2008 MAY 30 16:45:49  1878599565.030   0
 5 26 26 2008 MAY 31 02:24:13  1881831010.737  77
 5 45 45 2008 MAY 31 08:31:39  1883893336.122   0
 5 55 55 2008 MAY 31 13:58:21  1885701668.472   0
 5 26 26 2008 MAY 31 23:54:17  1889002247.810  77
 5 45 45 2008 JUN 01 07:57:17  1891696672.426   0
 5 55 55 2008 JUN 01 14:53:23  1893987045.958   0
 5 24 24 2008 JUN 02 01:50:31  1897612706.955  77
 5 45 45 2008 JUN 02 07:49:09  1899603647.620   0
 5 54 54 2008 JUN 02 12:46:39  1901241184.202   0
 5 55 55 2008 JUN 06 19:24:38  1934679780.002   0
 5 24 24 2008 JUN 07 02:18:52  1936894855.126  77
 5 45 45 2008 JUN 07 08:23:16  1938857359.099   0
 5 55 55 2008 JUN 07 16:20:36  1941388094.985   0
 5 26 26 2008 JUN 08 01:38:34  1944360489.086  77
 5 45 45 2008 JUN 08 07:43:02  1946311602.296   0
 5 54 54 2008 JUN 08 13:35:54  1948178787.390   0
 5 14 14 2008 JUN 08 22:05:16  1950870653.987   0
 5 45 45 2008 JUN 09 05:59:46  1953388143.748   0
 5 65 65 2008 JUN 09 15:00:07  1956227047.324   0
 5 25 25 2008 JUN 09 23:17:46  1958841806.130  77
 5 45 45 2008 JUN 10 07:15:10  1961362115.959   0
 5 55 55 2008 JUN 10 15:36:24  1963975059.136   0
 5 25 25 2008 JUN 10 23:06:45  1966327715.084  77
 5 45 45 2008 JUN 11 06:46:40  1968739821.805   0
 5 55 55 2008 JUN 11 15:10:04  1971349249.414   0
 5 25 25 2008 JUN 12 00:01:44  1974106518.119  77
 5 34 34 2008 JUN 12 08:13:44  1976673197.335   0
 5 55 55 2008 JUN 12 17:57:55  1979677908.167   0
 5 26 26 2008 JUN 13 02:03:51  1982184130.975  77
 5 45 45 2008 JUN 13 07:56:52  1984012896.395   0
 5 55 55 2008 JUN 13 15:54:02  1986448748.754   0
 5 26 26 2008 JUN 14 01:46:56  1989487859.155  77
 5 45 45 2008 JUN 14 07:48:43  1991350102.324   0
 5 55 55 2008 JUN 14 15:48:49  1993785473.377   0
 5 26 26 2008 JUN 15 00:21:10  1996391780.835  77
 5 34 34 2008 JUN 15 08:12:39  1998803876.369   0
 5 55 55 2008 JUN 15 15:08:34  2000897759.426   0
 5 25 25 2008 JUN 15 23:14:40  2003353719.148  77
 5 45 45 2008 JUN 16 06:51:33  2005672606.872   0
 5 54 54 2008 JUN 16 17:22:20  2008836590.317   0
 5 26 26 2008 JUN 16 23:33:40  2010699469.826  77
 5 45 45 2008 JUN 17 05:42:59  2012564377.427   0
 5 55 55 2008 JUN 17 15:00:58  2015345944.939   0
 5 24 24 2008 JUN 17 22:49:34  2017682419.337  77
 5 43 43 2008 JUN 18 04:36:27  2019424794.627   0
 5 55 55 2008 JUN 18 15:07:22  2022547521.632   0
 5 26 26 2008 JUN 18 22:44:17  2024810765.397  77
 5 45 45 2008 JUN 19 06:53:31  2027242197.555   0
 5 55 55 2008 JUN 19 14:15:52  2029417935.383   0
 5 26 26 2008 JUN 19 22:13:08  2031764995.968  77
 5 45 45 2008 JUN 20 06:33:40  2034233564.100   0
 5 55 55 2008 JUN 20 14:42:44  2036621973.924   0
 5 26 26 2008 JUN 20 23:51:55  2039302423.841  77
 5 45 45 2008 JUN 21 07:19:56  2041501529.241   0
 5 55 55 2008 JUN 21 15:17:16  2043812848.392   0
 5 26 26 2008 JUN 21 23:08:42  2046099538.328  77
 5 45 45 2008 JUN 22 06:57:09  2048381247.520   0
 5 55 55 2008 JUN 22 15:14:58  2050776530.191   0
 5 26 26 2008 JUN 22 23:18:01  2053102895.146  77
 5 45 45 2008 JUN 23 07:09:25  2055383349.526   0
 5 54 54 2008 JUN 23 14:34:43  2057511413.186   0
 5 26 26 2008 JUN 23 23:33:09  2060084481.202  77
 5 45 45 2008 JUN 24 07:39:11  2062420140.052   0
 5 55 55 2008 JUN 24 17:12:55  2065140179.486   0
 5 25 25 2008 JUN 24 22:47:03  2066726490.570  77
 5 43 43 2008 JUN 25 06:15:13  2068862656.770   0
 5 65 65 2008 JUN 25 16:28:35  2071753457.333   0
 5 24 24 2008 JUN 25 22:56:21  2073581994.422  77
 5 43 43 2008 JUN 26 06:36:12  2075758125.902   0
 5 65 65 2008 JUN 26 12:28:59  2077418775.044   0
 5 26 26 2008 JUN 26 21:58:35  2080076421.111  77
 5 45 45 2008 JUN 27 06:01:46  2082342928.981   0
 5 55 55 2008 JUN 27 14:36:55  2084737275.910   0
 5 26 26 2008 JUN 27 21:59:08  2086792874.161  77
 5 45 45 2008 JUN 28 06:02:18  2089042381.585   0
 5 55 55 2008 JUN 28 15:29:03  2091655120.069   0
 5 26 26 2008 JUN 28 23:37:52  2093908179.120  77
 5 45 45 2008 JUN 29 07:11:54  2096010513.606   0
 5 54 54 2008 JUN 29 14:05:52  2097904040.545   0
 5 26 26 2008 JUN 29 21:51:31  2100034437.621  77
 5 45 45 2008 JUN 30 05:57:33  2102262184.260   0
 5 54 54 2008 JUN 30 14:34:41  2104611306.682   0
 5 26 26 2008 JUN 30 21:46:17  2106572216.034  77
 5 45 45 2008 JUL 01 06:32:09  2108962847.830   0
 5 54 54 2008 JUL 01 15:04:20  2111268740.669   0
 5 25 25 2008 JUL 02 00:10:39  2113727850.168  77
 5 43 43 2008 JUL 02 06:58:56  2115573986.845   0
 5 55 55 2008 JUL 02 14:35:43  2117613195.810   0
 5 26 26 2008 JUL 03 00:22:54  2120234143.958  77
 5 45 45 2008 JUL 03 08:31:53  2122430312.622   0
 5 55 55 2008 JUL 03 14:47:58  2124086208.145   0
 5 24 24 2008 JUL 04 01:38:18  2126969402.748  77
 5 45 45 2008 JUL 04 07:42:52  2128589124.750   0
 5 26 26 2008 JUL 04 22:22:38  2132448173.954  77
 5 45 45 2008 JUL 05 06:13:58  2134523119.186   0
 5 55 55 2008 JUL 05 15:28:57  2136940146.887   0
 5 26 26 2008 JUL 05 23:32:11  2139043490.335  77
 5 45 45 2008 JUL 06 06:57:19  2140988858.972   0
 5 55 55 2008 JUL 06 15:00:24  2143072785.115   0
 5 26 26 2008 JUL 06 21:57:34  2144875036.942  77
 5 45 45 2008 JUL 07 05:16:48  2146775106.503   0
 5 65 65 2008 JUL 07 14:58:06  2149265075.502   0
 5 15 15 2008 JUL 07 22:46:42  2151269475.903   0
 5 45 45 2008 JUL 08 04:42:22  2152798640.741   0
 5 55 55 2008 JUL 08 14:17:53  2155243610.463   0
 5 25 25 2008 JUL 08 22:44:21  2157389524.149  77
 5 43 43 2008 JUL 09 06:44:25  2159431193.346   0
 5 54 54 2008 JUL 09 14:44:41  2161449977.494   0
 5 15 15 2008 JUL 10 00:20:10  2163868176.775   0
 5 45 45 2008 JUL 10 07:05:24  2165577476.667   0
 5 65 65 2008 JUL 10 13:52:45  2167275218.489   0
 5 26 26 2008 JUL 10 21:52:54  2169274173.288  77
 5 45 45 2008 JUL 11 05:38:26  2171216205.787   0
 5 65 65 2008 JUL 11 14:07:51  2173323655.541   0
 5 45 45 2008 JUL 12 05:41:54  2177181643.783   0
 5 55 55 2008 JUL 12 15:29:06  2179586041.016   0
 5 15 15 2008 JUL 12 21:36:23  2181091032.775   0
 5 45 45 2008 JUL 13 05:36:37  2183056955.496   0
 5 55 55 2008 JUL 13 17:13:36  2185887581.836   0
 5 25 25 2008 JUL 13 23:41:22  2187455427.534  77
 5 45 45 2008 JUL 14 06:51:57  2189206274.417   0
 5 65 65 2008 JUL 14 13:16:54  2190756139.685   0
 5 26 26 2008 JUL 14 23:06:50  2193119282.201  77
 5 55 55 2008 JUL 15 15:18:54  2197008684.793   0
 5 25 25 2008 JUL 15 23:27:45  2198952567.253  77
 5 45 45 2008 JUL 16 06:18:03  2200589479.018   0
 5 55 55 2008 JUL 16 14:29:02  2202526932.911   0
 5 15 15 2008 JUL 16 22:09:23  2204340755.687   0
 5 55 55 2008 JUL 17 14:09:54  2208115025.119   0
 5 15 15 2008 JUL 17 21:59:29  2209947502.370   0
 5 45 45 2008 JUL 18 06:10:23  2211866393.775   0
 5 65 65 2008 JUL 18 13:26:40  2213559460.961   0
 5 26 26 2008 JUL 18 23:31:13  2215892547.713  77
 5 45 45 2008 JUL 19 07:28:35  2217745499.802   0
 5 55 55 2008 JUL 19 13:34:39  2219147098.131   0
 5 25 25 2008 JUL 19 23:46:20  2221486022.997  77
 5 45 45 2008 JUL 20 05:50:57  2222885779.092   0
 5 55 55 2008 JUL 20 15:55:24  2225182177.345   0
 5 26 26 2008 JUL 21 00:44:07  2227189080.680  77
 5 45 45 2008 JUL 21 07:12:07  2228663986.827   0
 5 65 65 2008 JUL 21 13:46:39  2230146322.957   0
 5 25 25 2008 JUL 21 23:10:29  2232260788.102  77
 5 43 43 2008 JUL 22 08:59:31  2234487875.671   0
 5 55 55 2008 JUL 22 12:39:30  2235298249.597   0
 5 25 25 2008 JUL 22 22:48:36  2237555883.335  77
 5 45 45 2008 JUL 23 06:43:54  2239327886.941   0
 5 55 55 2008 JUL 23 14:02:06  2240943519.169   0
 5 15 15 2008 JUL 23 22:40:26  2242849798.129   0
 5 45 45 2008 JUL 24 08:26:20  2245018177.563   0
 5 55 55 2008 JUL 24 12:55:05  2245993026.692   0
 5 24 24 2008 JUL 24 23:49:50  2248373921.381  77
 5 45 45 2008 JUL 25 06:38:59  2249868442.967   0
 5 55 55 2008 JUL 25 12:43:31  2251190888.632   0
 5 26 26 2008 JUL 25 22:05:37  2253212603.982  77
 5 45 45 2008 JUL 26 06:08:25  2254956147.558   0
 5 55 55 2008 JUL 26 14:19:22  2256713073.624   0
 5 25 25 2008 JUL 26 23:18:38  2258636654.966  77
 5 45 45 2008 JUL 27 07:17:53  2260353027.998   0
 5 55 55 2008 JUL 27 13:37:09  2261693090.616   0
 5 26 26 2008 JUL 27 21:22:02  2263334644.450  77
 5 43 43 2008 JUL 28 05:18:19  2265016033.551   0
 5 54 54 2008 JUL 28 15:18:45  2267120163.191   0
 5 25 25 2008 JUL 28 23:30:03  2268836077.709  77
 5 43 43 2008 JUL 29 05:04:50  2270007304.380   0
 5 45 45 2008 JUL 29 08:56:06  2270827281.462   0
 5 55 55 2008 JUL 29 13:32:17  2271770051.292   0
 5 26 26 2008 JUL 29 23:33:28  2273844447.941  77
 5 45 45 2008 JUL 30 06:38:05  2275314192.704   0
 5 65 65 2008 JUL 30 10:53:06  2276203659.279   0
 5 63 63 2008 JUL 30 16:34:47  2277357455.047   0
 5 24 24 2008 JUL 30 18:48:08  2277826941.359  77
 5 43 43 2008 JUL 31 04:46:04  2279854234.766   0
 5 65 65 2008 JUL 31 10:56:06  2281127286.451   0
 5 63 63 2008 JUL 31 16:36:07  2282262786.734   0
 5 26 26 2008 JUL 31 18:32:23  2282671026.206  77
 5 45 45 2008 AUG 01 06:39:55  2285111822.239   0
 5 45 45 2008 AUG 02 07:37:55  2290119776.748   0
 5 55 55 2008 AUG 02 15:08:56  2291604019.266   0
 5 24 24 2008 AUG 03 00:04:00  2293369749.143  77
 5 55 55 2008 AUG 03 15:50:55  2296475420.723   0
 5 26 26 2008 AUG 03 22:04:51  2297692753.299  77
 5 45 45 2008 AUG 04 05:05:46  2299064318.514   0
 5 65 65 2008 AUG 04 11:46:06  2300370982.169   0
 5 15 15 2008 AUG 04 22:58:32  2302525233.097   0
 5 45 45 2008 AUG 05 06:58:02  2304071938.406   0
 5 55 55 2008 AUG 05 12:45:17  2305181658.107   0
 5 26 26 2008 AUG 05 20:53:57  2306733610.994  77
 5 43 43 2008 AUG 06 04:57:47  2308268314.291   0
 5 55 55 2008 AUG 06 13:11:34  2309830527.664   0
 5 26 26 2008 AUG 06 22:33:35  2311591501.566  77
 5 45 45 2008 AUG 07 08:30:23  2313476125.514   0
 5 65 65 2008 AUG 07 15:06:18  2314693569.877   0
 5 26 26 2008 AUG 07 22:02:06  2315982182.147  77
 5 43 43 2008 AUG 08 06:15:30  2317512275.790   0
 5 55 55 2008 AUG 08 14:22:34  2319008492.426   0
 5 43 43 2008 AUG 09 06:21:47  2321944538.385   0
 5 65 65 2008 AUG 09 13:42:41  2323282707.072   0
 5 26 26 2008 AUG 09 20:23:04  2324496004.489  77
 5 45 45 2008 AUG 10 04:16:01  2325919750.486   0
 5 55 55 2008 AUG 10 15:12:18  2327887917.363   0
 5 24 24 2008 AUG 11 00:59:02  2329643161.591  77
 5 43 43 2008 AUG 11 07:55:41  2330886872.868   0
 5 54 54 2008 AUG 11 13:36:06  2331884895.092   0
 5 26 26 2008 AUG 11 22:48:13  2333508070.298  77
 5 55 55 2008 AUG 12 15:29:14  2336439756.737   0
 5 24 24 2008 AUG 12 22:08:42  2337598783.952  77
 5 45 45 2008 AUG 13 04:17:53  2338670374.806   0
 5 55 55 2008 AUG 13 14:35:25  2340451500.053   0
 5 24 24 2008 AUG 14 00:41:16  2342192495.152  77
 5 45 45 2008 AUG 14 08:30:53  2343544111.266   0
 5 54 54 2008 AUG 14 15:00:04  2344634579.311   0
 5 26 26 2008 AUG 15 01:47:11  2346475236.404  77
 5 45 45 2008 AUG 15 08:43:26  2347652905.652   0
 5 65 65 2008 AUG 15 13:43:03  2348477433.072   0
 5 26 26 2008 AUG 15 22:15:34  2349905504.333  77
 5 45 45 2008 AUG 16 06:14:46  2351242139.058   0
 5 55 55 2008 AUG 16 14:19:12  2352581077.558   0
 5 26 26 2008 AUG 16 23:20:13  2354069743.211  77
 5 55 55 2008 AUG 17 13:41:06  2356427159.295   0
 5 26 26 2008 AUG 17 22:12:47  2357814029.578  77
 5 65 65 2008 AUG 18 13:34:56  2360306379.955   0
 5 25 25 2008 AUG 18 22:32:01  2361741711.688  77
 5 55 55 2008 AUG 19 18:15:18  2364900444.711   0
 5 24 24 2008 AUG 19 21:28:28  2365395894.040  77
 5 45 45 2008 AUG 20 01:37:28  2366060656.267   0
 5 55 55 2008 AUG 21 12:54:41  2371565496.899   0
 5 26 26 2008 AUG 21 22:08:15  2372980675.172  77
 5 55 55 2008 AUG 22 13:21:00  2375310236.268   0
 5 26 26 2008 AUG 22 22:09:46  2376643057.198  77
 5 65 65 2008 AUG 23 13:33:33  2378964874.453   0
 5 26 26 2008 AUG 23 22:08:10  2380242860.441  77
 5 55 55 2008 AUG 24 11:07:47  2382185982.952   0
 5 26 26 2008 AUG 24 21:53:13  2383755217.177  77
 5 25 25 2008 AUG 25 22:59:31  2387409792.455  77
 5 45 45 2008 AUG 26 08:39:55  2388819151.014   0
 5 15 15 2008 AUG 26 22:13:45  2390736490.265   0
 5 45 45 2008 AUG 27 06:06:07  2391854322.718   0
 5 24 24 2008 AUG 27 22:17:34  2394127103.887  77
 5 45 45 2008 AUG 28 08:28:50  2395562662.187   0
 5 26 26 2008 AUG 29 21:54:20  2400668627.881  77
 5 45 45 2008 AUG 30 05:57:16  2401753865.591   0
 5 26 26 2008 AUG 30 21:59:23  2403892521.932  77
 5 45 45 2008 AUG 31 05:27:11  2404879543.983   0
 5 26 26 2008 AUG 31 21:50:41  2407029219.059  77
 5 45 45 2008 SEP 01 06:02:23  2408095322.655   0
 5 65 65 2008 SEP 01 12:27:49  2408930169.496   0
 5 26 26 2008 SEP 01 21:36:59  2410099025.562  77
 5 45 45 2008 SEP 02 04:50:15  2411018268.179   0
 5 25 25 2008 SEP 02 23:58:18  2413442001.855  77
 5 45 45 2008 SEP 03 02:55:49  2413806349.804   0
 5 63 63 2008 SEP 03 16:26:15  2415494786.299   0
 5 24 24 2008 SEP 03 21:25:51  2416104437.049  77
 5 43 43 2008 SEP 04 04:45:20  2417001696.692   0
 5 26 26 2008 SEP 04 18:54:39  2418738322.392  77
 5 43 43 2008 SEP 05 01:41:19  2419550846.047   0
 5 14 14 2008 SEP 05 17:50:31  2421497554.800   0
 5 24 24 2008 SEP 05 20:47:36  2421832157.316  77
 5 43 43 2008 SEP 06 04:43:18  2422765135.727   0
 5 14 14 2008 SEP 06 19:38:54  2424521225.775   0
 5 43 43 2008 SEP 07 04:06:00  2425492255.330   0
 5 26 26 2008 SEP 07 19:50:12  2427306533.630  77
 5 45 45 2008 SEP 08 04:44:13  2428309924.064   0
 5 26 26 2008 SEP 08 19:47:20  2430010019.699  77
 5 26 26 2008 SEP 09 19:48:12  2432664890.426  77
 5 43 43 2008 SEP 10 07:04:29  2433894203.207   0
 5 25 25 2008 SEP 10 18:22:50  2435118684.031  77
 5 43 43 2008 SEP 11 07:17:51  2436491943.833   0
 5 26 26 2008 SEP 11 18:49:57  2437709972.179  77
 5 45 45 2008 SEP 12 06:22:04  2438907259.557   0
 5 26 26 2008 SEP 12 21:26:40  2440460512.713  77
 5 45 45 2008 SEP 13 06:13:21  2441357254.276   0
 5 65 65 2008 SEP 13 11:13:22  2441874460.040   0
 5 45 45 2008 SEP 14 00:41:49  2443223697.120   0
 5 65 65 2008 SEP 14 11:38:10  2444313981.643   0
 5 26 26 2008 SEP 14 18:01:20  2444948530.365  77
 5 65 65 2008 SEP 15 13:56:47  2446877462.854   0
 5 54 54 2008 SEP 16 10:39:19  2448867069.497   0
 5 24 24 2008 SEP 16 21:43:30  2449893835.583  77
 5 26 26 2008 SEP 17 19:37:16  2451924184.601  77
 5 65 65 2008 SEP 18 11:17:18  2453353371.729   0
 5 24 24 2008 SEP 19 00:17:19  2454515674.684  77
 5 45 45 2008 SEP 19 04:21:30  2454861979.316   0
 5 65 65 2008 SEP 19 11:52:20  2455538042.820   0
 5 45 45 2008 SEP 20 00:34:52  2456644423.002   0
 5 65 65 2008 SEP 20 12:04:02  2457636270.562   0
 5 26 26 2008 SEP 20 22:21:42  2458507737.953  77
 5 45 45 2008 SEP 21 06:34:54  2459202395.953   0
 5 54 54 2008 SEP 21 12:06:09  2459668252.827   0
 5 25 25 2008 SEP 21 19:13:15  2460259200.108  77
 5 26 26 2008 SEP 22 19:37:52  2462250865.420  77
 5 45 45 2008 SEP 22 23:46:13  2462588941.407   0
 5 25 25 2008 SEP 23 22:03:13  2464343786.292  77
 5 26 26 2008 SEP 24 22:10:26  2466200769.916  77
 5 26 26 2008 SEP 25 19:02:58  2467768980.972  77
 5 26 26 2008 SEP 26 19:30:04  2469546015.894  77
 5 24 24 2008 SEP 27 20:52:13  2471329263.530  77
 5 45 45 2008 SEP 28 03:18:27  2471764588.582   0
 5 26 26 2008 SEP 29 00:12:13  2473196345.486  77
 5 24 24 2008 SEP 29 22:23:34  2474644562.171  77
 5 43 43 2008 OCT 01 01:17:16  2476342841.626   0
 5 54 54 2008 OCT 01 16:23:57  2477284434.443   0
 5 25 25 2008 OCT 02 21:15:13  2478985753.741  77
 5 26 26 2008 OCT 03 20:49:08  2480326730.795  77
 5 26 26 2008 OCT 04 19:36:56  2481577646.296  77
 5 15 15 2008 OCT 05 23:14:28  2483029646.236   0
 5 26 26 2008 OCT 06 23:29:29  2484246003.740  77
 5 24 24 2008 OCT 07 21:25:20  2485292711.744  77
 5 15 15 2008 OCT 08 22:49:31  2486462513.218   0
 5 45 45 2008 OCT 09 06:09:32  2486783257.913   0
 5 26 26 2008 OCT 09 19:29:07  2487367615.514  77
 5 45 45 2008 OCT 10 04:49:08  2487754089.113   0
 5 45 45 2008 OCT 11 01:08:18  2488594332.725   0
 5 26 26 2008 OCT 11 23:53:44  2489506114.178  77
 5 45 45 2008 OCT 12 02:52:30  2489599523.001   0
 5 25 25 2008 OCT 12 20:53:45  2490284064.315  77
 5 26 26 2008 OCT 13 20:10:01  2491113455.243  77
 5 25 25 2008 OCT 14 21:02:32  2491948171.063  77
 5 26 26 2008 OCT 15 22:05:52  2492738836.137  77
 5 26 26 2008 OCT 17 18:39:38  2494016487.497  77
 5 65 65 2008 OCT 18 12:00:29  2494467540.006   0
 5 26 26 2008 OCT 18 20:18:50  2494670424.087  77
 5 45 45 2008 OCT 19 04:30:30  2494858935.753   0
 5 55 55 2008 OCT 19 13:53:14  2495093460.037   0
 5 45 45 2008 OCT 20 06:23:00  2495460149.867   0
 5 26 26 2008 OCT 20 20:40:06  2495763892.327  77
 5 24 24 2008 OCT 21 21:11:21  2496244561.280  77
 5 26 26 2008 OCT 22 22:18:02  2496687250.623  77
 5 63 63 2008 OCT 23 09:55:07  2496884028.095   0
 5 15 15 2008 OCT 25 18:17:37  2497617793.010   0
 5 63 63 2009 JAN 25 10:20:37  2364591038.562   0
 5 26 26 2009 JAN 25 19:26:39  2363588488.735  77
 5 63 63 2009 JAN 26 13:03:42  2361657400.393   0
 5 45 45 2009 JAN 26 21:04:31  2360771439.006   0
 5 14 14 2009 JAN 27 20:44:53  2358153804.604   0
 5 14 14 2009 JAN 28 17:42:56  2355824730.125   0
 5 45 45 2009 JAN 29 22:02:43  2352652395.356   0
 5 45 45 2009 JAN 30 22:02:40  2349958110.333   0
 5 63 63 2009 JAN 31 10:54:19  2348518486.494   0
 5 34 34 2009 JAN 31 22:02:38  2347251712.688   0
 5 45 45 2009 FEB 01 22:18:00  2344503062.176   0
 5 24 24 2009 FEB 02 20:08:22  2342027787.425  77
 5 15 15 2009 FEB 03 21:23:19  2339150961.839   0
 5 34 34 2009 FEB 04 21:13:42  2336417534.320   0
 5 26 26 2009 FEB 05 17:37:49  2334076522.960  77
 5 26 26 2009 FEB 06 19:20:52  2331111781.997  77
 5 14 14 2009 FEB 07 17:22:30  2328571766.224   0
 5 15 15 2009 FEB 07 22:20:11  2328004189.790   0
 5 26 26 2009 FEB 08 19:00:11  2325600554.082  77
 5 34 34 2009 FEB 09 21:54:18  2322473481.844   0
 5 45 45 2009 FEB 10 22:20:30  2319626187.584   0
 5 15 15 2009 FEB 11 19:22:36  2317178609.714   0
 5 55 55 2009 FEB 12 09:55:37  2315484359.601   0
 5 34 34 2009 FEB 12 21:09:25  2314166038.991   0
 5 63 63 2009 FEB 13 10:27:45  2312609778.544   0
 5 63 63 2009 FEB 14 10:31:35  2309785164.719   0
 5 25 25 2009 FEB 14 20:21:40  2308626068.515  77
 5 26 26 2009 FEB 15 20:25:28  2305792518.030  77
 5 14 14 2009 FEB 16 19:25:07  2303076746.047   0
 5 24 24 2009 FEB 17 16:21:51  2300607186.028  77
 5 34 34 2009 FEB 18 03:20:37  2299286904.064   0
 5 34 34 2009 FEB 18 20:56:19  2297215283.051   0
 5 26 26 2009 FEB 19 19:07:20  2294574372.574  77
 5 63 63 2009 FEB 20 13:12:23  2292426822.859   0
 5 63 63 2009 FEB 21 10:57:01  2289830434.472   0
 5 26 26 2009 FEB 21 20:26:43  2288694744.961  77
 5 55 55 2009 FEB 22 12:27:15  2286781879.445   0
 5 14 14 2009 FEB 22 18:17:20  2286080097.729   0
 5 63 63 2009 FEB 23 10:38:08  2284124491.782   0
 5 63 63 2009 FEB 24 10:12:39  2281295626.697   0
 5 14 14 2009 FEB 25 19:02:21  2277341412.768   0
 5 55 55 2009 FEB 26 09:15:54  2275635040.960   0
 5 63 63 2009 FEB 27 09:34:09  2272700606.745   0
 5 45 45 2009 FEB 28 05:17:35  2270313139.842   0
 5 25 25 2009 FEB 28 17:11:41  2268873686.250  77
 5 14 14 2009 FEB 28 20:39:47  2268453706.674   0
 5 14 14 2009 MAR 01 18:33:06  2265799715.375   0
 5 63 63 2009 MAR 02 09:41:09  2263971122.872   0
 5 34 34 2009 MAR 02 20:28:43  2262665008.861   0
 5 45 45 2009 MAR 03 05:57:52  2261514328.516   0
 5 14 14 2009 MAR 03 17:44:53  2260076006.375   0
 5 25 25 2009 MAR 04 19:42:22  2256922175.702  77
 5 26 26 2009 MAR 05 21:35:03  2253784104.625  77
 5 55 55 2009 MAR 06 13:14:55  2251878115.786   0
 5 14 14 2009 MAR 06 22:24:08  2250771549.464   0
 5 55 55 2009 MAR 07 10:27:22  2249295923.179   0
 5 14 14 2009 MAR 07 18:33:20  2248306996.482   0
 5 26 26 2009 MAR 08 20:44:07  2245125913.138  77
 5 34 34 2009 MAR 09 02:05:15  2244459801.887   0
 5 63 63 2009 MAR 09 08:16:19  2243730681.504   0
 5 15 15 2009 MAR 13 16:32:11  2231035790.709   0
 5 63 63 2009 MAR 14 11:11:55  2228761360.192   0
 5 14 14 2009 MAR 14 16:47:24  2228082160.990   0
 5 26 26 2009 MAR 14 22:05:08  2227445153.237  77
 5 55 55 2009 MAR 15 12:30:18  2225681991.810   0
 5 25 25 2009 MAR 15 16:46:25  2225161926.036  77
 5 63 63 2009 MAR 16 08:07:36  2223300448.648   0
 5 15 15 2009 MAR 16 20:28:21  2221787506.038   0
 5 26 26 2009 MAR 17 20:02:43  2218913880.521  77
 5 45 45 2009 MAR 18 04:05:46  2217931428.444   0
 5 34 34 2009 MAR 18 21:18:10  2215837749.122   0
 5 55 55 2009 MAR 19 08:58:02  2214418759.872   0
 5 25 25 2009 MAR 19 22:39:26  2212758012.504  77
 5 14 14 2009 MAR 20 19:03:16  2210252654.038   0
 5 14 14 2009 MAR 21 18:37:36  2207374989.898   0
 5 14 14 2009 MAR 22 17:57:23  2204526036.108   0
 5 63 63 2009 MAR 23 10:32:53  2202501117.374   0
 5 45 45 2009 MAR 23 21:40:42  2201140120.810   0
 5 14 14 2009 MAR 24 18:02:01  2198648529.196   0
 5 24 24 2009 MAR 25 19:34:47  2195523436.054  77
 5 55 55 2009 MAR 26 09:27:49  2193828013.288   0
 5 24 24 2009 MAR 26 16:55:50  2192911228.883  77
 5 45 45 2009 MAR 26 21:07:57  2192400537.496   0
 5 14 14 2009 MAR 27 20:21:20  2189552453.117   0
 5 55 55 2009 MAR 28 08:47:49  2188031846.098   0
 5 15 15 2009 MAR 28 20:33:26  2186587121.705   0
 5 14 14 2009 MAR 29 18:35:20  2183881010.570   0
 5 25 25 2009 MAR 30 21:52:02  2180547932.309  77
 5 26 26 2009 MAR 31 17:37:53  2178111631.289  77
 5 25 25 2009 APR 01 19:48:31  2174901628.085  77
 5 14 14 2009 APR 02 17:11:51  2172277480.783   0
 5 25 25 2009 APR 03 16:51:46  2169375826.565  77
 5 63 63 2009 APR 04 10:24:18  2167224746.232   0
 5 45 45 2009 APR 04 20:37:39  2165980462.015   0
 5 14 14 2009 APR 05 16:37:52  2163519925.481   0
 5 65 65 2009 APR 06 13:41:39  2160946190.747   0
 5 15 15 2009 APR 06 19:57:53  2160169835.582   0
 5 34 34 2009 APR 07 02:05:09  2159414387.976   0
 5 14 14 2009 APR 07 19:31:57  2157281463.350   0
 5 14 14 2009 APR 08 19:17:44  2154370842.903   0
 5 25 25 2009 APR 09 21:02:07  2151226834.880  77
 5 55 55 2009 APR 10 07:18:17  2149976276.808   0
 5 26 26 2009 APR 10 21:03:03  2148287313.606  77
 5 15 15 2009 APR 11 20:51:29  2145372282.057   0
 5 15 15 2009 APR 13 16:02:36  2140083604.328   0
 5 34 34 2009 APR 13 20:10:50  2139588169.945   0
 5 25 25 2009 APR 14 17:46:59  2136926244.432  77
 5 65 65 2009 APR 15 11:33:15  2134752356.975   0
 5 26 26 2009 APR 15 17:44:28  2133991224.266  77
 5 25 25 2009 APR 16 19:25:57  2130843747.576  77
 5 63 63 2009 APR 17 07:02:48  2129433430.151   0
 5 43 43 2009 APR 17 20:47:00  2127744872.084   0
 5 25 25 2009 APR 18 20:21:11  2124844759.750  77
 5 25 25 2009 APR 19 18:33:04  2122112099.010  77
 5 25 25 2009 APR 20 14:14:39  2119706580.714  77
 5 26 26 2009 APR 21 15:53:13  2116539601.055  77
 5 26 26 2009 APR 22 17:17:13  2113404434.483  77
 5 55 55 2009 APR 23 11:07:32  2111205561.082   0
 5 25 25 2009 APR 23 15:19:19  2110693241.393  77
 5 43 43 2009 APR 23 21:00:29  2109994337.534   0
 5 55 55 2009 APR 24 10:53:23  2108270085.743   0
 5 43 43 2009 APR 24 20:43:24  2107065726.405   0
 5 54 54 2009 APR 25 10:45:02  2105318978.441   0
 5 24 24 2009 APR 25 22:13:10  2103915846.046  77
 5 63 63 2009 APR 26 10:10:28  2102418275.857   0
 5 34 34 2009 APR 26 22:01:55  2100952078.301   0
 5 63 63 2009 APR 27 12:12:18  2099193624.171   0
 5 45 45 2009 APR 27 21:44:48  2098011426.820   0
 5 54 54 2009 APR 28 11:49:24  2096259901.059   0
 5 25 25 2009 APR 28 17:45:04  2095519058.434  77
 5 26 26 2009 APR 29 15:14:46  2092854648.892  77
 5 34 34 2009 APR 29 21:16:25  2092107272.433   0
 5 24 24 2009 APR 30 15:06:21  2089885656.384  77
 5 45 45 2009 APR 30 20:47:33  2089182550.174   0
 5 55 55 2009 MAY 01 08:50:37  2087671768.185   0
 5 34 34 2009 MAY 01 22:31:57  2085965130.695   0
 5 55 55 2009 MAY 02 06:43:40  2084954141.058   0
 5 25 25 2009 MAY 02 16:16:07  2083750918.683  77
 5 34 34 2009 MAY 03 00:25:05  2082732710.697   0
 5 63 63 2009 MAY 03 10:14:59  2081505354.818   0
 5 15 15 2009 MAY 03 17:51:44  2080552344.181   0
 5 25 25 2009 MAY 03 21:57:42  2080058324.135  77
 5 65 65 2009 MAY 04 06:14:58  2079023399.970   0
 5 24 24 2009 MAY 04 13:43:06  2078088998.089  77
 5 43 43 2009 MAY 04 19:58:57  2077308075.886   0
 5 24 24 2009 MAY 05 19:50:46  2074306099.470  77
 5 15 15 2009 MAY 06 17:17:41  2071614934.500   0
 5 55 55 2009 MAY 07 12:57:34  2069158593.566   0
 5 43 43 2009 MAY 07 22:47:30  2067920016.831   0
 5 55 55 2009 MAY 08 12:46:17  2066168379.701   0
 5 26 26 2009 MAY 08 22:21:37  2064976824.085  77
 5 55 55 2009 MAY 09 10:15:58  2063459640.628   0
 5 14 14 2009 MAY 09 14:45:17  2062902935.225   0
 5 43 43 2009 MAY 09 22:16:11  2061954271.370   0
 5 55 55 2009 MAY 10 08:23:42  2060677671.882   0
 5 24 24 2009 MAY 10 14:13:33  2059950811.811  77
 5 34 34 2009 MAY 10 23:51:48  2058726288.661   0
 5 65 65 2009 MAY 11 11:37:24  2057242847.049   0
 5 24 24 2009 MAY 11 16:03:47  2056681213.126  77
 5 15 15 2009 MAY 12 13:51:44  2053939040.620   0
 5 65 65 2009 MAY 13 13:22:28  2050958735.784   0
 5 45 45 2009 MAY 13 21:16:51  2049956123.935   0
 5 55 55 2009 MAY 14 13:05:20  2047947851.354   0
 5 43 43 2009 MAY 15 01:05:29  2046417631.842   0
 5 55 55 2009 MAY 15 08:51:08  2045427288.198   0
 5 43 43 2009 MAY 15 20:42:33  2043929808.658   0
 5 34 34 2009 MAY 16 02:37:50  2043172068.700   0
 5 65 65 2009 MAY 16 12:24:53  2041917574.257   0
 5 25 25 2009 MAY 16 18:26:24  2041141196.323  77
 5 34 34 2009 MAY 17 02:23:34  2040136593.718   0
 5 25 25 2009 MAY 17 14:23:46  2038599272.953  77
 5 34 34 2009 MAY 17 21:57:43  2037628513.369   0
 5 54 54 2009 MAY 18 06:12:20  2036578579.180   0
 5 14 14 2009 MAY 18 13:54:58  2035586449.480   0
 5 24 24 2009 MAY 18 17:52:03  2035064378.058  77
 5 55 55 2009 MAY 19 05:43:28  2033560109.684   0
 5 15 15 2009 MAY 19 15:33:24  2032278306.745   0
 5 43 43 2009 MAY 20 23:18:59  2028179687.362   0
 5 26 26 2009 MAY 21 16:57:18  2025888124.787  77
 5 43 43 2009 MAY 21 22:55:59  2025119508.955   0
 5 24 24 2009 MAY 22 14:50:22  2023052481.270  77
 5 34 34 2009 MAY 22 22:41:41  2022030021.104   0
 5 65 65 2009 MAY 23 08:43:16  2020718175.005   0
 5 14 14 2009 MAY 23 16:16:50  2019729502.715   0
 5 34 34 2009 MAY 24 00:16:58  2018689530.363   0
 5 14 14 2009 MAY 24 16:20:07  2016581870.843   0
 5 34 34 2009 MAY 24 23:59:46  2015583141.024   0
 5 14 14 2009 MAY 25 15:51:17  2013495019.305   0
 5 34 34 2009 MAY 25 21:52:45  2012710786.046   0
 5 15 15 2009 MAY 26 15:34:07  2010371318.669   0
 5 43 43 2009 MAY 26 21:38:29  2009578068.984   0
 5 55 55 2009 MAY 27 09:14:59  2008032688.298   0
 5 25 25 2009 MAY 27 13:09:17  2007532542.164  77
 5 34 34 2009 MAY 27 21:12:15  2006461968.872   0
 5 45 45 2009 MAY 28 20:55:50  2003312761.481   0
 5 14 14 2009 MAY 29 12:44:24  2001212764.586   0
 5 45 45 2009 MAY 29 22:48:55  1999855699.769   0
 5 65 65 2009 MAY 30 06:31:38  1998829067.500   0
 5 14 14 2009 MAY 30 16:21:32  1997502099.559   0
 5 34 34 2009 MAY 30 22:31:48  1996684699.641   0
 5 54 54 2009 MAY 31 08:06:54  1995394352.877   0
 5 14 14 2009 MAY 31 16:01:09  1994330472.176   0
 5 34 34 2009 MAY 31 23:55:22  1993275493.753   0
 5 65 65 2009 JUN 01 05:56:59  1992472137.607   0
 5 43 43 2009 JUN 01 19:52:51  1990602749.244   0
 5 45 45 2009 JUN 01 23:44:04  1990068261.589   0
 5 65 65 2009 JUN 02 05:39:48  1989277105.889   0
 5 14 14 2009 JUN 02 15:32:38  1987926818.431   0
 5 26 26 2009 JUN 03 13:16:51  1984995651.092  77
 5 54 54 2009 JUN 04 09:02:20  1982296051.795   0
 5 26 26 2009 JUN 04 14:55:00  1981499679.215  77
 5 14 14 2009 JUN 05 12:51:00  1978520657.868   0
 5 34 34 2009 JUN 06 02:32:12  1976648103.039   0
 5 54 54 2009 JUN 06 08:36:41  1975798086.155   0
 5 15 15 2009 JUN 06 12:33:50  1975275145.835   0
 5 24 24 2009 JUN 06 20:13:31  1974211058.537  77
 5 45 45 2009 JUN 07 00:25:15  1973635769.303   0
 5 55 55 2009 JUN 07 10:09:19  1972286753.217   0
 5 26 26 2009 JUN 07 19:55:59  1970945579.606  77
 5 43 43 2009 JUN 08 01:57:35  1970123001.151   0
 5 55 55 2009 JUN 08 05:54:36  1969575474.172   0
 5 25 25 2009 JUN 08 15:56:13  1968174677.745  77
 5 54 54 2009 JUN 09 05:36:49  1966294995.234   0
 5 25 25 2009 JUN 09 17:29:34  1964627175.594  77
 5 45 45 2009 JUN 10 01:22:24  1963545577.837   0
 5 26 26 2009 JUN 10 17:11:38  1961323547.907  77
 5 45 45 2009 JUN 11 01:06:02  1960232678.403   0
 5 26 26 2009 JUN 11 12:57:52  1958574531.162  77
 5 26 26 2009 JUN 12 16:35:46  1954671323.486  77
 5 25 25 2009 JUN 13 16:19:05  1951318577.363  77
 5 43 43 2009 JUN 13 20:16:10  1950779933.064   0
 5 25 25 2009 JUN 14 19:59:49  1947393704.132  77
 5 15 15 2009 JUN 15 15:48:38  1944555613.057   0
 5 25 25 2009 JUN 16 17:27:39  1940871285.889  77
 5 26 26 2009 JUN 17 16:56:47  1937480105.242  77
 5 55 55 2009 JUN 18 07:04:02  1935439835.175   0
 5 25 25 2009 JUN 18 18:38:02  1933752853.122  77
 5 14 14 2009 JUN 19 14:47:46  1930811091.738   0
 5 43 43 2009 JUN 20 02:24:01  1929128662.772   0
 5 65 65 2009 JUN 20 06:30:01  1928513049.205   0
 5 34 34 2009 JUN 20 20:02:35  1926533638.471   0
 5 65 65 2009 JUN 21 06:04:12  1925042320.003   0
 5 26 26 2009 JUN 21 13:58:07  1923870712.136  77
 5 45 45 2009 JUN 21 19:45:13  1923029961.886   0
 5 55 55 2009 JUN 22 05:32:15  1921567492.638   0
 5 14 14 2009 JUN 22 11:30:56  1920690273.956   0
 5 43 43 2009 JUN 22 21:23:50  1919206387.839   0
 5 15 15 2009 JUN 23 15:34:17  1916473136.838   0
 5 26 26 2009 JUN 24 15:08:29  1912931214.983  77
 5 34 34 2009 JUN 24 21:01:21  1912059410.379   0
 5 65 65 2009 JUN 25 05:07:00  1910835900.200   0
 5 55 55 2009 JUN 25 12:49:43  1909662827.415   0
 5 26 26 2009 JUN 25 18:30:49  1908790342.597  77
 5 43 43 2009 JUN 25 22:57:13  1908127132.621   0
 5 15 15 2009 JUN 26 14:31:12  1905749540.632   0
 5 43 43 2009 JUN 26 20:41:31  1904822269.274   0
 5 26 26 2009 JUN 27 16:03:55  1901836497.416  77
 5 34 34 2009 JUN 27 20:21:30  1901199305.027   0
 5 54 54 2009 JUN 28 04:18:24  1899979058.152   0
 5 14 14 2009 JUN 28 14:02:35  1898463043.135   0
 5 43 43 2009 JUN 28 20:06:59  1897541240.147   0
 5 45 45 2009 JUN 28 23:55:27  1896944132.482   0
 5 65 65 2009 JUN 29 05:39:25  1896056100.607   0
 5 26 26 2009 JUN 29 13:45:29  1894796281.240  77
 5 43 43 2009 JUN 29 19:46:57  1893877333.638   0
 5 55 55 2009 JUN 30 05:25:17  1892367814.988   0
 5 14 14 2009 JUN 30 13:34:13  1891093032.854   0
 5 45 45 2009 JUN 30 21:08:01  1889919945.441   0
 5 65 65 2009 JUL 01 05:22:48  1888626776.628   0
 5 14 14 2009 JUL 01 12:59:37  1887432321.899   0
 5 26 26 2009 JUL 01 20:53:30  1886194810.622  77
 5 65 65 2009 JUL 02 05:05:25  1884904954.916   0
 5 14 14 2009 JUL 02 12:50:55  1883679830.563   0
 5 45 45 2009 JUL 02 22:40:49  1882126151.393   0
 5 25 25 2009 JUL 03 14:32:26  1879602460.142  77
 5 43 43 2009 JUL 04 00:10:40  1878082000.547   0
 5 14 14 2009 JUL 04 12:28:22  1876123286.785   0
 5 26 26 2009 JUL 04 19:59:21  1874915354.278  77
 5 34 34 2009 JUL 05 01:55:04  1873979639.698   0
 5 14 14 2009 JUL 05 17:43:23  1871419040.611   0
 5 45 45 2009 JUL 06 01:46:23  1870145933.799   0
 5 55 55 2009 JUL 06 05:29:02  1869537805.098   0
 5 14 14 2009 JUL 06 11:53:49  1868510454.554   0
 5 26 26 2009 JUL 06 21:32:09  1866951850.472  77
 5 34 34 2009 JUL 07 01:20:31  1866333787.760   0
 5 14 14 2009 JUL 07 13:29:29  1864349212.789   0
 5 15 15 2009 JUL 07 21:15:05  1863096191.765   0
 5 26 26 2009 JUL 08 17:09:16  1859822892.003  77
 5 26 26 2009 JUL 09 16:49:16  1855932596.372  77
 5 55 55 2009 JUL 10 04:40:41  1853993742.958   0
 5 25 25 2009 JUL 10 20:14:46  1851407377.192  77
 5 34 34 2009 JUL 11 00:35:11  1850691628.587   0
 5 26 26 2009 JUL 11 16:06:16  1848085645.359  77
 5 45 45 2009 JUL 11 20:12:12  1847424266.579   0
 5 65 65 2009 JUL 12 04:00:17  1846118392.920   0
 5 26 26 2009 JUL 12 16:03:23  1844071143.208  77
 5 34 34 2009 JUL 13 00:00:42  1842749609.753   0
 5 55 55 2009 JUL 13 03:49:01  1842115219.528   0
 5 14 14 2009 JUL 13 11:43:25  1840776777.206   0
 5 34 34 2009 JUL 13 23:37:29  1838755344.160   0
 5 63 63 2009 JUL 14 03:39:58  1838078171.272   0
 5 25 25 2009 JUL 14 15:32:06  1836032769.741  77
 5 65 65 2009 JUL 15 04:55:32  1833761207.117   0
 5 26 26 2009 JUL 19 15:51:14  1815148105.228  77
 5 45 45 2009 JUL 19 23:45:49  1813766733.457   0
 5 63 63 2009 JUL 20 05:53:10  1812672530.655   0
 5 25 25 2009 JUL 20 13:30:17  1811317556.825  77
 5 45 45 2009 JUL 20 21:21:54  1809927948.891   0
 5 55 55 2009 JUL 21 09:10:44  1807799155.910   0
 5 25 25 2009 JUL 21 17:05:06  1806381866.439  77
 5 55 55 2009 JUL 22 05:08:30  1804228936.540   0
 5 15 15 2009 JUL 22 15:01:20  1802434919.695   0
 5 25 25 2009 JUL 23 14:44:06  1798138482.780  77
 5 34 34 2009 JUL 23 22:38:38  1796713385.567   0
 5 63 63 2009 JUL 24 06:30:04  1795268210.770   0
 5 26 26 2009 JUL 24 14:24:18  1793819927.565  77
 5 43 43 2009 JUL 24 22:13:01  1792401652.299   0
 5 26 26 2009 JUL 25 20:06:27  1788367210.394  77
 5 34 34 2009 JUL 26 00:00:34  1787651621.921   0
 5 55 55 2009 JUL 26 06:02:13  1786524421.283   0
 5 26 26 2009 JUL 26 15:55:00  1784683048.864  77
 5 45 45 2009 JUL 26 23:49:33  1783231588.119   0
 5 65 65 2009 JUL 27 05:39:31  1782135391.240   0
 5 14 14 2009 JUL 27 11:46:48  1781002026.469   0
 5 63 63 2009 JUL 28 05:28:09  1777680061.003   0
 5 15 15 2009 JUL 28 19:06:48  1775109654.319   0
 5 65 65 2009 JUL 29 04:56:42  1773259801.068   0
 5 14 14 2009 JUL 29 15:04:04  1771330037.150   0
 5 55 55 2009 JUL 30 04:57:20  1768704698.179   0
 5 14 14 2009 JUL 30 12:39:55  1767234027.730   0
 5 34 34 2009 JUL 30 20:48:51  1765686090.093   0
 5 55 55 2009 JUL 31 04:28:28  1764215929.739   0
 5 14 14 2009 JUL 31 12:34:27  1762657830.326   0
 5 34 34 2009 JUL 31 20:31:40  1761137476.398   0
 5 55 55 2009 AUG 01 06:04:22  1759282647.357   0
 5 25 25 2009 AUG 01 14:01:34  1757742865.321  77
 5 26 26 2009 AUG 02 17:41:30  1752366433.771  77
 5 43 43 2009 AUG 03 01:41:40  1750831043.331   0
 5 26 26 2009 AUG 03 11:43:37  1748857063.847  77
 5 45 45 2009 AUG 03 21:21:51  1746965901.993   0
 5 25 25 2009 AUG 04 13:19:11  1743810667.229  77
 5 34 34 2009 AUG 04 19:20:37  1742640238.065   0
 5 45 45 2009 AUG 04 23:03:15  1741896404.760   0
 5 25 25 2009 AUG 05 11:09:13  1739500365.779  77
 5 15 15 2009 AUG 05 20:53:15  1737561360.839   0
 5 55 55 2009 AUG 06 04:44:59  1735985790.608   0
 5 15 15 2009 AUG 06 10:52:23  1734772177.172   0
 5 43 43 2009 AUG 06 20:36:24  1732818107.118   0
 5 63 63 2009 AUG 07 08:21:56  1730432822.070   0
 5 14 14 2009 AUG 07 14:17:45  1729239938.731   0
 5 45 45 2009 AUG 07 20:22:05  1728033552.300   0
 5 55 55 2009 AUG 08 04:19:22  1726418376.196   0
 5 26 26 2009 AUG 08 13:57:37  1724450320.302  77
 5 34 34 2009 AUG 08 21:54:43  1722847358.493   0
 5 14 14 2009 AUG 09 11:50:51  1720001827.036   0
 5 26 26 2009 AUG 09 19:42:10  1718389526.579  77
 5 45 45 2009 AUG 09 23:42:14  1717576501.543   0
 5 65 65 2009 AUG 10 07:45:15  1715902822.944   0
 5 14 14 2009 AUG 10 11:36:32  1715126952.808   0
 5 26 26 2009 AUG 10 19:32:28  1713484583.627  77
 5 55 55 2009 AUG 11 03:22:11  1711878033.618   0
 5 25 25 2009 AUG 11 15:07:43  1709416843.963  77
 5 43 43 2009 AUG 11 19:18:14  1708576706.813   0
 5 63 63 2009 AUG 12 04:54:47  1706560221.701   0
 5 25 25 2009 AUG 12 11:02:01  1705292744.468  77
 5 43 43 2009 AUG 12 22:41:45  1702847498.058   0
 5 63 63 2009 AUG 13 06:38:59  1701162391.571   0
 5 14 14 2009 AUG 13 12:34:55  1699921733.522   0
 5 45 45 2009 AUG 13 22:35:05  1697819437.423   0
 5 55 55 2009 AUG 14 02:38:02  1696973545.553   0
 5 15 15 2009 AUG 14 14:20:39  1694465605.560   0
 5 25 25 2009 AUG 15 14:08:52  1689394592.519  77
 5 14 14 2009 AUG 16 15:35:35  1683928425.694   0
 5 45 45 2009 AUG 16 21:31:20  1682669049.348   0
 5 55 55 2009 AUG 17 05:28:26  1680939357.655   0
 5 14 14 2009 AUG 17 13:19:43  1679234786.995   0
 5 45 45 2009 AUG 17 21:14:04  1677530641.194   0
 5 55 55 2009 AUG 18 05:14:04  1675778549.022   0
 5 14 14 2009 AUG 18 13:17:04  1674017745.834   0
 5 45 45 2009 AUG 18 21:02:17  1672334607.092   0
 5 65 65 2009 AUG 19 04:50:37  1670614302.133   0
 5 55 55 2009 AUG 20 06:40:46  1664909040.817   0
 5 26 26 2009 AUG 20 12:45:16  1663569358.823  77
 5 26 26 2009 AUG 21 12:28:00  1658294511.532  77
 5 43 43 2009 AUG 21 20:10:33  1656582970.070   0
 5 26 26 2009 AUG 22 13:57:18  1652573645.392  77
 5 55 55 2009 AUG 23 05:57:20  1648968191.991   0
 5 25 25 2009 AUG 23 15:29:48  1646802563.170  77
 5 55 55 2009 AUG 24 03:41:35  1644053298.296   0
 5 14 14 2009 AUG 24 11:35:50  1642251004.818   0
 5 43 43 2009 AUG 24 19:30:00  1640456796.577   0
 5 55 55 2009 AUG 25 05:02:26  1638258768.401   0
 5 26 26 2009 AUG 25 11:09:48  1636864554.206  77
 5 43 43 2009 AUG 25 18:55:14  1635091813.198   0
 5 25 25 2009 AUG 26 12:39:07  1630984462.812  77
 5 26 26 2009 AUG 27 10:40:44  1625892452.211  77
 5 45 45 2009 AUG 27 20:24:47  1623624442.308   0
 5 63 63 2009 AUG 28 04:19:07  1621771960.132   0
 5 14 14 2009 AUG 28 12:07:28  1619944127.467   0
 5 45 45 2009 AUG 28 21:57:18  1617645876.377   0
 5 25 25 2009 AUG 29 18:03:06  1612900816.518  77
 5 45 45 2009 AUG 29 21:48:27  1612027289.426   0
 5 55 55 2009 AUG 30 03:44:15  1610623715.835   0
 5 14 14 2009 AUG 30 13:36:57  1608268070.849   0
 5 45 45 2009 AUG 30 21:25:20  1606428755.476   0
 5 55 55 2009 AUG 31 03:38:36  1604947042.114   0
 5 63 63 2009 AUG 31 11:32:44  1603055231.125   0
 5 26 26 2009 AUG 31 19:16:26  1601209388.245  77
 5 63 63 2009 SEP 01 03:21:17  1599281364.636   0
 5 14 14 2009 SEP 01 11:15:27  1597381683.779   0
 5 15 15 2009 SEP 01 20:53:44  1595070004.815   0
 5 63 63 2009 SEP 02 04:53:48  1593124827.093   0
 5 14 14 2009 SEP 02 18:37:34  1589802409.547   0
 5 55 55 2009 SEP 04 04:18:48  1581604833.325   0
 5 14 14 2009 SEP 04 13:59:53  1579221549.974   0
 5 63 63 2009 SEP 05 09:45:31  1574364045.211   0
 5 26 26 2009 SEP 05 17:48:26  1572379078.711  77
 5 55 55 2009 SEP 06 03:46:40  1569923852.744   0
 5 26 26 2009 SEP 06 15:40:56  1566952391.351  77
 5 14 14 2009 SEP 07 15:26:29  1561027590.734   0
 5 55 55 2009 SEP 08 07:00:22  1557127224.954   0
 5 14 14 2009 SEP 08 11:03:22  1556126179.260   0
 5 43 43 2009 SEP 08 18:57:30  1554145137.968   0
 5 63 63 2009 SEP 09 02:51:44  1552146685.750   0
 5 15 15 2009 SEP 09 16:38:39  1548636865.705   0
 5 63 63 2009 SEP 10 04:20:53  1545675834.949   0
 5 14 14 2009 SEP 10 12:15:11  1543660207.017   0
 5 45 45 2009 SEP 10 18:24:37  1542109485.343   0
 5 63 63 2009 SEP 11 02:16:43  1540095315.019   0
 5 14 14 2009 SEP 11 10:10:55  1538068337.793   0
 5 55 55 2009 SEP 12 07:54:55  1532453949.772   0
 5 25 25 2009 SEP 12 13:47:45  1530937407.633  77
 5 45 45 2009 SEP 12 21:38:59  1528922718.919   0
 5 55 55 2009 SEP 13 03:28:51  1527410475.045   0
 5 25 25 2009 SEP 13 11:25:58  1525342907.603  77
 5 55 55 2009 SEP 14 05:15:30  1520690850.636   0
 5 65 65 2009 SEP 14 07:28:34  1520105177.082   0
 5 43 43 2009 SEP 14 21:03:53  1516566426.201   0
 5 15 15 2009 SEP 15 14:53:52  1511858730.798   0
 5 25 25 2009 SEP 16 12:43:44  1506095905.273  77
 5 34 34 2009 SEP 16 20:43:44  1503986664.403   0
 5 15 15 2009 SEP 17 12:32:28  1499766131.127   0
 5 34 34 2009 SEP 17 20:14:41  1497723093.268   0
 5 55 55 2009 SEP 18 04:17:43  1495560839.507   0
 5 34 34 2009 SEP 18 22:07:33  1490783399.872   0
 5 55 55 2009 SEP 19 05:41:26  1488732109.784   0
 5 26 26 2009 SEP 19 11:51:34  1487074961.473  77
 5 43 43 2009 SEP 19 21:29:48  1484478715.647   0
 5 55 55 2009 SEP 20 05:35:45  1482271503.595   0
 5 25 25 2009 SEP 20 13:18:13  1480178710.914  77
 5 34 34 2009 SEP 20 19:34:23  1478493985.000   0
 5 14 14 2009 SEP 21 11:22:44  1474178191.099   0
 5 43 43 2009 SEP 21 19:05:22  1472081655.814   0
 5 55 55 2009 SEP 22 03:10:51  1469860399.378   0
 5 15 15 2009 SEP 22 12:51:56  1467189726.019   0
 5 63 63 2009 SEP 23 02:41:49  1463401372.831   0
 5 14 14 2009 SEP 23 10:47:46  1461163331.156   0
 5 63 63 2009 SEP 24 04:23:02  1456290414.150   0
 5 34 34 2009 SEP 24 18:24:37  1452413340.034   0
 5 63 63 2009 SEP 25 04:17:21  1449646330.493   0
 5 26 26 2009 SEP 25 19:54:11  1445298473.790  77
 5 14 14 2009 SEP 26 13:40:46  1440296293.185   0
 5 25 25 2009 SEP 27 11:24:55  1434189676.667  77
 5 45 45 2009 SEP 27 21:17:39  1431405350.033   0
 5 63 63 2009 SEP 28 03:13:15  1429727363.931   0
 5 14 14 2009 SEP 28 11:13:32  1427455790.295   0
 5 43 43 2009 SEP 28 19:13:19  1425195101.637   0
 5 63 63 2009 SEP 29 02:55:54  1422999448.447   0
 5 24 24 2009 SEP 29 11:01:46  1420689055.296  77
 5 63 63 2009 SEP 30 02:41:25  1416223245.724   0
 5 14 14 2009 SEP 30 10:44:22  1413915424.551   0
 5 15 15 2009 SEP 30 16:39:40  1412203822.239   0
 5 14 14 2009 OCT 01 10:26:35  1407109643.526   0
 5 43 43 2009 OCT 01 18:20:45  1404839944.768   0
 5 55 55 2009 OCT 02 02:03:24  1402612916.752   0
 5 14 14 2009 OCT 02 10:09:10  1400268147.165   0
 5 55 55 2009 OCT 03 09:31:18  1393474125.632   0
 5 43 43 2009 OCT 03 19:29:52  1390586015.696   0
 5 14 14 2009 OCT 04 15:18:22  1384781746.670   0
 5 55 55 2009 OCT 05 03:09:39  1381325960.933   0
 5 14 14 2009 OCT 05 10:54:39  1379049645.473   0
 5 43 43 2009 OCT 05 18:57:39  1376691165.350   0
 5 55 55 2009 OCT 06 02:51:53  1374359480.024   0
 5 14 14 2009 OCT 06 14:54:49  1370785742.710   0
 5 55 55 2009 OCT 07 02:34:25  1367357818.921   0
 5 14 14 2009 OCT 07 16:24:15  1363239118.855   0
 5 55 55 2009 OCT 08 02:16:58  1360322423.699   0
 5 14 14 2009 OCT 08 10:22:47  1357907176.608   0
 5 43 43 2009 OCT 08 18:05:24  1355616123.160   0
 5 43 43 2009 OCT 09 21:56:39  1347271607.702   0
 5 55 55 2009 OCT 10 01:53:41  1346091338.949   0
 5 14 14 2009 OCT 10 09:36:16  1343772780.334   0
 5 25 25 2009 OCT 10 13:33:18  1342561003.320  77
 5 43 43 2009 OCT 10 21:27:16  1340198198.478   0
 5 25 25 2009 OCT 11 13:06:47  1335453534.301  77
 5 14 14 2009 OCT 15 14:13:42  1305810347.529   0
 5 34 34 2009 OCT 15 20:09:22  1304002301.623   0
 5 55 55 2009 OCT 16 04:06:27  1301540631.127   0
 5 54 54 2009 OCT 16 07:51:57  1300373088.013   0
 5 14 14 2009 OCT 16 13:47:15  1298541821.031   0
 5 34 34 2009 OCT 16 19:43:12  1296725163.663   0
 5 26 26 2009 OCT 17 13:29:52  1291197412.371  77
 5 65 65 2009 OCT 18 05:29:51  1286227104.129   0
 5 25 25 2009 OCT 18 11:13:56  1284449138.193  77
 5 45 45 2009 OCT 18 19:08:03  1281996143.933   0
 5 55 55 2009 OCT 19 03:14:00  1279462405.412   0
 5 14 14 2009 OCT 19 11:08:11  1276990396.136   0
 5 43 43 2009 OCT 19 18:53:34  1274574155.524   0
 5 55 55 2009 OCT 20 02:56:37  1272047489.195   0
 5 14 14 2009 OCT 20 18:39:05  1267122947.200   0
 5 63 63 2009 OCT 21 04:26:04  1264036161.227   0
 5 14 14 2009 OCT 21 12:11:31  1261593083.327   0
 5 25 25 2009 OCT 21 14:18:50  1260920072.838  77
 5 15 15 2009 OCT 21 18:18:46  1259676698.124   0
 5 14 14 2009 OCT 22 12:02:49  1254070318.017   0
 5 43 43 2009 OCT 22 18:10:07  1252153813.678   0
 5 65 65 2009 OCT 23 03:45:04  1249108945.848   0
 5 14 14 2009 OCT 23 09:58:26  1247146649.147   0
 5 25 25 2009 OCT 23 13:46:32  1245924035.388  77
 5 45 45 2009 OCT 23 19:30:27  1244124728.140   0
 5 54 54 2009 OCT 24 03:33:29  1241562308.948   0
 5 14 14 2009 OCT 24 13:29:05  1238398285.210   0
 5 65 65 2009 OCT 25 01:26:10  1234620911.747   0
 5 15 15 2009 OCT 25 09:11:34  1232148727.181   0
 5 14 14 2009 OCT 25 17:05:51  1229613902.286   0
 5 55 55 2009 OCT 26 02:58:32  1226466102.611   0
 5 25 25 2009 OCT 26 12:54:08  1223282004.846  77
 5 63 63 2009 OCT 27 02:35:13  1218918353.746   0
 5 65 65 2009 OCT 27 04:42:33  1218227120.965   0
 5 14 14 2009 OCT 27 12:36:39  1215693037.021   0
 5 63 63 2009 OCT 28 02:23:33  1211287153.962   0
 5 55 55 2009 OCT 28 04:25:03  1210625283.363   0
 5 14 14 2009 OCT 28 12:24:59  1208052980.868   0
 5 55 55 2009 OCT 29 04:01:43  1203036128.588   0
 5 26 26 2009 OCT 29 12:01:41  1200457113.965  77
 5 63 63 2009 OCT 30 03:38:22  1195428971.669   0
 5 25 25 2009 OCT 30 11:32:34  1192875239.532  77
 5 26 26 2009 OCT 30 17:48:39  1190859397.295  77
 5 55 55 2009 OCT 31 03:32:32  1187708339.212   0
 5 25 25 2009 OCT 31 17:13:17  1183283661.376  77
 5 54 54 2009 NOV 01 03:14:42  1180036363.900   0
 5 25 25 2009 NOV 01 10:57:18  1177535026.486  77
 5 45 45 2009 NOV 01 17:01:36  1175583267.695   0
 5 55 55 2009 NOV 02 02:45:32  1172410673.370   0
 5 14 14 2009 NOV 02 10:51:28  1169775400.419   0
 5 15 15 2009 NOV 02 16:55:45  1167802054.901   0
 5 63 63 2009 NOV 03 02:36:49  1164656534.549   0
 5 14 14 2009 NOV 03 16:17:49  1160193328.993   0
 5 55 55 2009 NOV 04 02:16:24  1156952076.957   0
 5 14 14 2009 NOV 04 14:16:25  1153021384.000   0
 5 55 55 2009 NOV 05 07:48:41  1147297797.675   0
 5 14 14 2009 NOV 05 13:53:06  1145309084.691   0
 5 43 43 2009 NOV 05 17:53:00  1144023204.485   0
 5 63 63 2009 NOV 06 01:44:19  1141452341.942   0
 5 15 15 2009 NOV 06 13:35:36  1137552105.134   0
 5 45 45 2009 NOV 06 17:35:30  1136265219.905   0
 5 14 14 2009 NOV 07 13:29:47  1129718853.850   0
 5 45 45 2009 NOV 07 21:23:53  1127145339.264   0
 5 63 63 2009 NOV 08 01:12:16  1125901107.546   0
 5 14 14 2009 NOV 08 14:59:09  1121354867.058   0
 5 43 43 2009 NOV 08 21:06:22  1119360079.485   0
 5 55 55 2009 NOV 09 04:54:45  1116779509.171   0
 5 14 14 2009 NOV 09 12:43:05  1114211506.564   0
 5 43 43 2009 NOV 09 16:46:02  1112905393.316   0
 5 14 14 2009 NOV 10 12:25:34  1106411755.040   0
 5 65 65 2009 NOV 11 00:27:17  1102478104.881   0
 5 15 15 2009 NOV 11 12:19:44  1098539629.831   0
 5 55 55 2009 NOV 12 01:53:04  1094087904.883   0
 5 14 14 2009 NOV 12 11:57:03  1090754568.626   0
 5 25 25 2009 NOV 12 17:40:45  1088881021.360  77
 5 65 65 2009 NOV 13 01:34:54  1086276010.490   0
 5 15 15 2009 NOV 13 13:31:37  1082316552.971   0
 5 65 65 2009 NOV 14 03:18:14  1077779211.295   0
 5 14 14 2009 NOV 14 13:16:23  1074481656.829   0
 5 55 55 2009 NOV 15 03:12:05  1069893792.987   0
 5 14 14 2009 NOV 15 12:55:58  1066674320.941   0
 5 65 65 2009 NOV 16 02:42:53  1062137219.022   0
 5 14 14 2009 NOV 16 12:35:33  1058867878.395   0
 5 43 43 2009 NOV 16 18:40:02  1056879856.953   0
 5 63 63 2009 NOV 17 04:32:44  1053607499.259   0
 5 14 14 2009 NOV 17 12:18:04  1051047937.760   0
 5 34 34 2009 NOV 17 18:13:46  1049109586.929   0
 5 55 55 2009 NOV 18 04:03:31  1045855647.439   0
 5 26 26 2009 NOV 18 12:15:10  1043151839.644  77
 5 34 34 2009 NOV 18 18:10:49  1041215153.777   0
 5 63 63 2009 NOV 19 03:54:45  1037996153.238   0
 5 26 26 2009 NOV 19 09:59:11  1036002336.679  77
 5 34 34 2009 NOV 19 17:53:18  1033408334.652   0
 5 54 54 2009 NOV 20 03:34:17  1030209268.760   0
 5 14 14 2009 NOV 20 11:31:26  1027590727.726   0
 5 43 43 2009 NOV 20 17:24:05  1025675234.811   0
 5 55 55 2009 NOV 21 03:22:35  1022383277.457   0
 5 24 24 2009 NOV 21 09:24:10  1020411579.769  77
 5 26 26 2009 NOV 21 17:06:31  1017883807.529  77
 5 63 63 2009 NOV 22 04:54:51  1013995062.182   0
 5 25 25 2009 NOV 22 14:44:39  1010773600.613  77
 5 34 34 2009 NOV 22 18:57:49  1009403256.489   0
 5 55 55 2009 NOV 23 02:44:39  1006848190.732   0
 5 14 14 2009 NOV 23 10:38:51  1004258288.747   0
 5 43 43 2009 NOV 23 18:32:55  1001683651.469   0
 5 63 63 2009 NOV 24 02:27:07   999094576.576   0
 5 26 26 2009 NOV 24 10:21:17   996510226.137  77
 5 43 43 2009 NOV 24 16:25:35   994544751.901   0
 5 25 25 2009 NOV 25 10:06:38   988763838.178  77
 5 34 34 2009 NOV 25 17:57:46   986215712.558   0
 5 65 65 2009 NOV 26 01:51:42   983642551.360   0
 5 25 25 2009 NOV 26 09:57:27   981007031.219  77
 5 45 45 2009 NOV 26 21:28:34   977279999.695   0
 5 55 55 2009 NOV 27 07:38:22   973970471.535   0
 5 34 34 2009 NOV 27 17:28:11   970798836.224   0
 5 55 55 2009 NOV 28 03:18:01   967607119.818   0
 5 14 14 2009 NOV 28 11:00:26   965116095.193   0
 5 55 55 2009 DEC 02 04:03:21   936566394.751   0
 5 14 14 2009 DEC 02 12:00:19   934036801.921   0
 5 55 55 2009 DEC 03 03:48:40   929024882.663   0
 5 25 25 2009 DEC 03 11:39:49   926537419.539  77
 5 43 43 2009 DEC 03 19:34:03   924054660.870   0
 5 63 63 2009 DEC 03 23:31:03   922819800.035   0
 5 14 14 2009 DEC 04 09:32:33   919641568.644   0
 5 43 43 2009 DEC 04 17:15:04   917224838.880   0
 5 54 54 2009 DEC 05 01:03:17   914772329.068   0
 5 15 15 2009 DEC 05 13:00:19   911012135.857   0
 5 55 55 2009 DEC 06 02:44:17   906726932.008   0
 5 14 14 2009 DEC 06 12:42:47   903613394.276   0
 5 34 34 2009 DEC 06 18:32:40   901814958.597   0
 5 55 55 2009 DEC 07 04:28:12   898721002.901   0
 5 34 34 2009 DEC 07 16:25:15   895041265.256   0
 5 65 65 2009 DEC 08 04:28:07   891306112.876   0
 5 14 14 2009 DEC 08 12:22:19   888873463.968   0
 5 55 55 2009 DEC 09 01:51:39   884745780.363   0
 5 26 26 2009 DEC 09 12:01:54   881627834.730  77
 5 63 63 2009 DEC 10 03:56:01   876788638.352   0
 5 14 14 2009 DEC 10 11:41:37   874433485.262   0
 5 43 43 2009 DEC 10 19:24:11   872117082.927   0
 5 63 63 2009 DEC 10 23:30:05   870888193.337   0
 5 55 55 2009 DEC 11 03:24:13   869689432.457   0
 5 25 25 2009 DEC 11 11:27:18   867264216.684  77
 5 45 45 2009 DEC 11 19:15:39   864937260.230   0
 5 55 55 2009 DEC 12 03:09:55   862558872.186   0
 5 25 25 2009 DEC 12 11:10:04   860168445.253  77
 5 55 55 2009 DEC 13 03:01:27   855460409.491   0
 5 26 26 2009 DEC 13 16:30:53   851492877.246  77
 5 63 63 2009 DEC 14 00:25:14   849162898.163   0
 5 65 65 2009 DEC 14 02:47:08   848456094.832   0
 5 14 14 2009 DEC 14 12:19:32   845658954.038   0
 5 43 43 2009 DEC 14 16:25:22   844480804.829   0
 5 65 65 2009 DEC 15 02:20:08   841582350.830   0
 5 14 14 2009 DEC 15 12:15:50   838699654.899   0
 5 45 45 2009 DEC 15 18:11:26   837002871.795   0
 5 54 54 2009 DEC 16 02:02:52   834732174.991   0
 5 14 14 2009 DEC 16 10:05:46   832420443.817   0
 5 26 26 2009 DEC 16 13:57:09   831319666.837  77
 5 65 65 2009 DEC 17 01:45:35   827957485.994   0
 5 14 14 2009 DEC 17 13:42:45   824568772.821   0
 5 54 54 2009 DEC 18 01:37:02   821220318.559   0
 5 14 14 2009 DEC 18 09:31:11   819004023.737   0
 5 54 54 2009 DEC 19 03:21:14   814040181.347   0
 5 26 26 2009 DEC 19 11:06:37   811896319.929  77
 5 34 34 2009 DEC 19 17:02:43   810279087.531   0
 5 63 63 2009 DEC 20 02:55:30   807560066.646   0
 5 14 14 2009 DEC 20 12:48:13   804869774.297   0
 5 45 45 2009 DEC 20 18:43:58   803277427.336   0
 5 63 63 2009 DEC 21 00:36:40   801686412.259   0
 5 54 54 2009 DEC 21 02:38:12   801131555.877   0
 5 14 14 2009 DEC 21 10:32:20   799007621.114   0
 5 45 45 2009 DEC 21 18:26:39   796910579.635   0
 5 54 54 2009 DEC 22 02:20:51   794797812.327   0
 5 25 25 2009 DEC 22 08:16:32   793235893.070  77
 5 14 14 2009 DEC 22 10:23:48   792666952.027   0
 5 55 55 2009 DEC 23 02:12:16   788523791.523   0
 5 63 63 2009 DEC 24 01:43:24   782441121.359   0
 5 14 14 2009 DEC 24 09:49:23   780366438.673   0
 5 26 26 2009 DEC 25 07:24:48   774918971.383  77
 5 43 43 2009 DEC 25 15:27:42   772911866.569   0
 5 54 54 2009 DEC 26 01:05:53   770507881.152   0
 5 14 14 2009 DEC 26 11:13:21   768007221.170   0
 5 43 43 2009 DEC 26 17:09:00   766572856.981   0
 5 54 54 2009 DEC 27 00:54:28   764679154.646   0
 5 14 14 2009 DEC 27 06:58:57   763219260.626   0
 5 24 24 2009 DEC 27 10:49:32   762277406.723  77
 5 34 34 2009 DEC 27 16:42:56   760881611.895   0
 5 55 55 2009 DEC 28 00:43:03   758968772.746   0
 5 14 14 2009 DEC 28 08:40:16   757084877.414   0
 5 43 43 2009 DEC 28 16:25:39   755274552.789   0
 5 55 55 2009 DEC 29 00:28:44   753392058.253   0
 5 25 25 2009 DEC 29 08:14:34   751594373.939  77
 5 45 45 2009 DEC 29 16:05:29   749802355.869   0
 5 54 54 2009 DEC 29 22:13:15   748413415.263   0
 5 25 25 2009 DEC 30 08:06:03   746162684.094  77
 5 45 45 2009 DEC 30 17:44:13   744014040.325   0
 5 65 65 2009 DEC 30 23:45:50   742673059.145   0
 5 14 14 2009 DEC 31 09:32:48   740507889.476   0
 5 34 34 2009 DEC 31 17:32:48   738778265.936   0
 5 63 63 2010 JAN 01 01:27:09   737058012.769   0
 5 14 14 2010 JAN 01 07:22:47   735794249.652   0
 5 26 26 2010 JAN 01 13:18:33   734527687.330  77
 5 34 34 2010 JAN 01 15:25:49   734088681.914   0
 5 63 63 2010 JAN 01 23:08:26   732461775.672   0
 5 26 26 2010 JAN 02 09:04:07   730377496.838  77
 5 34 34 2010 JAN 02 16:58:23   728760216.540   0
 5 63 63 2010 JAN 03 00:55:37   727125291.334   0
 5 14 14 2010 JAN 03 06:59:59   725903011.851   0
 5 34 34 2010 JAN 03 16:35:22   723984052.885   0
 5 65 65 2010 JAN 04 00:35:28   722389691.468   0
 5 25 25 2010 JAN 04 06:42:46   721195928.366  77
 5 34 34 2010 JAN 04 14:37:07   719665697.449   0
 5 63 63 2010 JAN 04 22:19:58   718182373.764   0
 5 55 55 2010 JAN 05 06:08:27   716689261.934   0
 5 25 25 2010 JAN 05 12:21:40   715511217.855  77
 5 43 43 2010 JAN 05 19:38:42   714175648.271   0
 5 63 63 2010 JAN 05 22:15:10   713687709.177   0
 5 25 25 2010 JAN 06 07:47:35   711925875.927  77
 5 45 45 2010 JAN 06 14:03:47   710807220.279   0
 5 65 65 2010 JAN 06 23:39:02   709081493.743   0
 5 24 24 2010 JAN 07 07:33:21   707685708.524  77
 5 65 65 2010 JAN 07 21:40:27   705259886.999   0
 5 55 55 2010 JAN 08 03:15:47   704287596.912   0
 5 26 26 2010 JAN 08 06:55:25   703679353.828  77
 5 65 65 2010 JAN 09 01:20:30   700626210.931   0
 5 14 14 2010 JAN 09 11:13:12   699034640.204   0
 5 45 45 2010 JAN 09 18:46:48   697859491.120   0
 5 65 65 2010 JAN 10 01:03:15   696859615.978   0
 5 14 14 2010 JAN 10 10:35:13   695391950.480   0
 5 45 45 2010 JAN 10 16:51:50   694459673.275   0
 5 65 65 2010 JAN 10 22:41:14   693587872.432   0
 5 24 24 2010 JAN 11 10:08:59   691894772.852  77
 5 43 43 2010 JAN 11 14:35:17   691275294.736   0
 5 55 55 2010 JAN 12 02:06:15   689630207.312   0
 5 26 26 2010 JAN 12 08:23:08   688762061.919  77
 5 45 45 2010 JAN 12 14:00:32   688014219.080   0
 5 63 63 2010 JAN 13 03:50:12   686155867.150   0
 5 14 14 2010 JAN 13 10:06:24   685338546.070   0
 5 45 45 2010 JAN 13 13:52:00   684878375.192   0
 5 43 43 2010 JAN 13 17:51:53   684371051.111   0
 5 65 65 2010 JAN 13 21:37:22   683898701.959   0
 5 14 14 2010 JAN 14 11:24:23   682194973.845   0
 5 45 45 2010 JAN 14 17:37:14   681472511.155   0
 5 63 63 2010 JAN 14 21:16:55   681044618.666   0
 5 54 54 2010 JAN 15 01:05:14   680583570.129   0
 5 25 25 2010 JAN 15 07:06:48   679899355.194  77
 5 43 43 2010 JAN 15 15:06:50   679016422.521   0
 5 65 65 2010 JAN 15 22:46:36   678174591.359   0
 5 14 14 2010 JAN 16 11:15:36   676851156.866   0
 5 63 63 2010 JAN 16 20:50:55   675898109.301   0
 5 54 54 2010 JAN 17 01:02:37   675460783.757   0
 5 25 25 2010 JAN 17 06:57:56   674889571.072  77
 5 45 45 2010 JAN 17 16:21:34   674014627.386   0
 5 65 65 2010 JAN 17 22:34:52   673438116.086   0
 5 25 25 2010 JAN 18 10:25:55   672382700.337  77
 5 45 45 2010 JAN 18 16:12:47   671907630.867   0
 5 65 65 2010 JAN 19 01:51:06   671098855.058   0
 5 14 14 2010 JAN 19 11:43:38   670329207.836   0
 5 34 34 2010 JAN 19 16:18:36   669992857.468   0
 5 63 63 2010 JAN 19 21:42:17   669590823.304   0
 5 14 14 2010 JAN 20 09:51:09   668717198.949   0
 5 34 34 2010 JAN 20 16:01:06   668319971.599   0
 5 54 54 2010 JAN 21 01:42:20   667680465.450   0
 5 65 65 2010 JAN 21 23:26:11   666417507.861   0
 5 25 25 2010 JAN 22 09:12:48   665901381.150  77
 5 34 34 2010 JAN 22 16:46:43   665551587.937   0
 5 63 63 2010 JAN 22 23:23:15   665230006.710   0
 5 24 24 2010 JAN 23 10:53:53   664737800.787  77
 5 34 34 2010 JAN 23 16:46:43   664522436.758   0
 5 63 63 2010 JAN 24 00:58:08   664201850.491   0
 5 15 15 2010 JAN 24 10:33:24   663885724.294   0
 5 45 45 2010 JAN 24 14:43:19   663772601.900   0
 5 63 63 2010 JAN 25 01:58:23   663445908.677   0
 5 14 14 2010 JAN 25 09:52:34   663257258.988   0
 5 54 54 2010 JAN 26 00:23:04   662973929.951   0
 5 14 14 2010 JAN 26 11:33:18   662820210.128   0
 5 26 26 2010 JAN 27 05:46:25   662658183.546  77
 5 45 45 2010 JAN 27 14:00:43   662639798.557   0
 5 65 65 2010 JAN 28 01:19:42   662624785.731   0
 5 14 14 2010 JAN 28 11:24:10   662677806.573   0
 5 45 45 2010 JAN 28 15:35:37   662717501.709   0
 5 65 65 2010 JAN 28 23:15:15   662774134.878   0
 5 25 25 2010 JAN 29 07:18:02   662872956.317  77
 5 45 45 2010 JAN 29 14:36:55   663004441.596   0
 5 63 63 2010 JAN 29 20:53:04   663114906.150   0
 5 55 55 2010 JAN 30 00:55:58   663183326.324   0
 5 26 26 2010 JAN 30 07:11:51   663322697.539  77
 5 45 45 2010 JAN 30 14:19:03   663517424.217   0
 5 63 63 2010 JAN 30 20:20:41   663681970.640   0
 5 54 54 2010 JAN 30 22:54:12   663742638.605   0
 5 25 25 2010 JAN 31 06:16:06   663971004.122  77
 5 63 63 2010 JAN 31 20:49:59   664495982.556   0
 5 54 54 2010 FEB 01 00:52:01   664640585.383   0
 5 26 26 2010 FEB 01 08:28:32   664953454.536  77
 5 26 26 2010 FEB 02 08:07:25   666072239.250  77
 5 65 65 2010 FEB 02 21:59:38   666835944.315   0
 5 26 26 2010 FEB 03 05:44:46   667289978.764  77
 5 54 54 2010 FEB 03 21:50:10   668312628.170   0
 5 14 14 2010 FEB 04 09:05:21   669081424.961   0
 5 54 54 2010 FEB 04 21:16:29   669980457.874   0
 5 15 15 2010 FEB 05 07:02:46   670728692.902   0
 5 54 54 2010 FEB 05 21:11:50   671898064.968   0
 5 26 26 2010 FEB 06 09:21:59   672952554.700  77
 5 55 55 2010 FEB 07 00:25:32   674339130.664   0
 5 24 24 2010 FEB 07 08:34:00   675126155.487  77
 5 55 55 2010 FEB 07 22:49:40   676565160.657   0
 5 24 24 2010 FEB 08 08:04:04   677536591.818  77
 5 25 25 2010 FEB 09 06:01:45   679977554.691  77
 5 45 45 2010 FEB 09 12:04:26   680700459.972   0
 5 55 55 2010 FEB 09 21:14:23   681777490.110   0
 5 15 15 2010 FEB 10 03:33:08   682553697.360   0
 5 25 25 2010 FEB 10 10:03:22   683357951.197  77
 5 45 45 2010 FEB 10 14:09:04   683885927.736   0
 5 54 54 2010 FEB 10 23:20:09   685048521.706   0
 5 26 26 2010 FEB 11 09:12:01   686355564.868  77
 5 55 55 2010 FEB 11 23:38:56   688323344.797   0
 5 14 14 2010 FEB 12 07:45:49   689463207.300   0
 5 45 45 2010 FEB 12 13:01:40   690234103.465   0
 5 55 55 2010 FEB 13 00:34:37   691901350.244   0
 5 14 14 2010 FEB 13 06:52:07   692836293.495   0
 5 54 54 2010 FEB 13 22:49:40   695276867.721   0
 5 14 14 2010 FEB 14 08:16:27   696763540.397   0
 5 45 45 2010 FEB 14 14:34:17   697790453.892   0
 5 65 65 2010 FEB 14 23:32:14   699226749.703   0
 5 25 25 2010 FEB 15 06:51:00   700434575.212  77
 5 43 43 2010 FEB 15 13:21:51   701546332.228   0
 5 55 55 2010 FEB 15 19:02:17   702505751.452   0
 5 54 54 2010 FEB 15 23:40:38   703285611.965   0
 5 14 14 2010 FEB 16 06:52:35   704532480.750   0
 5 24 24 2010 FEB 16 11:25:40   705352515.972  77
 5 45 45 2010 FEB 16 14:59:26   705983997.004   0
 5 65 65 2010 FEB 16 17:56:06   706506622.838   0
 5 24 24 2010 FEB 17 02:57:48   708117566.444  77
 5 14 14 2010 FEB 17 06:56:34   708828118.910   0
 5 45 45 2010 FEB 17 13:25:32   710037262.369   0
 5 65 65 2010 FEB 17 17:54:06   710869614.850   0
 5 25 25 2010 FEB 18 07:35:48   713423541.910  77
 5 15 15 2010 FEB 19 05:22:32   717641102.267   0
 5 65 65 2010 FEB 19 22:54:41   721143643.716   0
 5 24 24 2010 FEB 20 05:19:25   722447836.620  77
 5 45 45 2010 FEB 20 14:24:19   724338593.706   0
 5 63 63 2010 FEB 20 18:07:12   725106317.436   0
 5 54 54 2010 FEB 20 22:32:40   726011216.470   0
 5 26 26 2010 FEB 21 06:46:52   727746075.227  77
 5 63 63 2010 FEB 21 21:31:30   730903763.583   0
 5 14 14 2010 FEB 22 07:27:22   733064642.688   0
 5 45 45 2010 FEB 22 13:31:09   734417070.561   0
 5 55 55 2010 FEB 23 01:54:57   737165708.133   0
 5 25 25 2010 FEB 23 09:47:55   738944353.726  77
 5 65 65 2010 FEB 23 20:28:20   741367135.467   0
 5 26 26 2010 FEB 24 06:55:53   743776731.515  77
 5 65 65 2010 FEB 24 21:41:45   747234011.645   0
 5 14 14 2010 FEB 25 05:07:38   748995063.068   0
 5 26 26 2010 FEB 25 10:16:47   750243498.446  77
 5 65 65 2010 FEB 25 22:37:17   753199864.372   0
 5 14 14 2010 FEB 26 07:09:00   755279115.699   0
 5 63 63 2010 FEB 26 22:02:23   758950603.235   0
 5 14 14 2010 FEB 27 08:51:10   761661540.289   0
 5 55 55 2010 FEB 27 21:21:39   764814111.877   0
 5 26 26 2010 FEB 28 07:53:22   767508241.580  77
 5 63 63 2010 FEB 28 21:28:25   771014513.935   0
 5 14 14 2010 MAR 01 09:09:29   774080556.411   0
 5 65 65 2010 MAR 01 19:58:06   776926653.237   0
 5 26 26 2010 MAR 02 05:28:58   779455752.419  77
 5 45 45 2010 MAR 02 12:44:01   781421703.872   0
 5 65 65 2010 MAR 02 22:15:18   783974050.723   0
 5 25 25 2010 MAR 03 06:56:06   786337987.254  77
 5 26 26 2010 MAR 04 05:57:06   792680528.724  77
 5 45 45 2010 MAR 04 13:40:37   794859613.946   0
 5 65 65 2010 MAR 04 19:45:06   796543967.914   0
 5 55 55 2010 MAR 05 23:55:16   804545223.193   0
 5 24 24 2010 MAR 06 07:37:20   806761291.426  77
 5 55 55 2010 MAR 06 20:02:49   810358462.254   0
 5 54 54 2010 MAR 07 01:50:47   812062799.591   0
 5 15 15 2010 MAR 07 07:44:07   813776359.124   0
 5 63 63 2010 MAR 07 21:48:38   817917254.907   0
 5 25 25 2010 MAR 08 08:07:35   820989410.276  77
 5 45 45 2010 MAR 08 13:21:36   822565769.431   0
 5 15 15 2010 MAR 09 05:36:29   827423658.686   0
 5 43 43 2010 MAR 09 13:04:49   829707726.798   0
 5 55 55 2010 MAR 09 20:55:58   832072940.052   0
 5 15 15 2010 MAR 10 04:49:53   834484133.390   0
 5 54 54 2010 MAR 10 16:24:08   838060904.388   0
 5 63 63 2010 MAR 11 00:00:00   840391780.049   0
 5 25 25 2010 MAR 12 00:16:48   847967902.011  77
 5 65 65 2010 MAR 12 21:28:59   854633917.899   0
 5 26 26 2010 MAR 13 05:46:45   857269441.566  77
 5 55 55 2010 MAR 13 23:06:37   862813146.703   0
 5 25 25 2010 MAR 14 06:24:09   865156663.364  77
 5 63 63 2010 MAR 14 20:40:28   869767232.443   0
 5 25 25 2010 MAR 15 06:31:47   872972678.759  77
 5 63 63 2010 MAR 15 20:32:05   877545478.730   0
 5 65 65 2010 MAR 16 01:36:04   879225841.274   0
 5 25 25 2010 MAR 16 06:57:45   880975125.196  77
 5 55 55 2010 MAR 16 19:50:19   885221074.447   0
 5 24 24 2010 MAR 17 04:59:01   888250871.360  77
 5 45 45 2010 MAR 17 11:07:04   890310141.701   0
 5 54 54 2010 MAR 17 22:59:14   894256878.327   0
 5 25 25 2010 MAR 18 05:22:10   896390213.764  77
 5 65 65 2010 MAR 19 00:21:23   902790895.221   0
 5 26 26 2010 MAR 19 09:01:55   905733532.324  77
 5 63 63 2010 MAR 19 22:46:35   910384231.507   0
 5 55 55 2010 MAR 20 02:06:36   911539949.944   0
 5 25 25 2010 MAR 20 09:08:36   913936422.283  77
 5 65 65 2010 MAR 20 21:53:48   918281506.831   0
 5 25 25 2010 MAR 21 06:52:35   921370808.254  77
 5 55 55 2010 MAR 22 01:34:22   927835466.599   0
 5 25 25 2010 MAR 22 08:46:13   930326484.441  77
 5 65 65 2010 MAR 22 21:54:29   934872650.592   0
 5 26 26 2010 MAR 23 06:38:42   937921321.339  77
 5 54 54 2010 MAR 23 22:25:03   943434264.180   0
 5 26 26 2010 MAR 24 04:49:39   945678784.879  77
 5 43 43 2010 MAR 24 11:54:18   948186628.006   0
 5 65 65 2010 MAR 24 20:36:50   951232202.491   0
 5 15 15 2010 MAR 25 04:19:23   953951288.308   0
 5 45 45 2010 MAR 25 10:56:06   956307704.859   0
 5 26 26 2010 MAR 26 02:59:55   961982900.556  77
 5 24 24 2010 MAR 27 02:48:25   970461534.275  77
 5 45 45 2010 MAR 27 10:10:57   973114830.530   0
 5 63 63 2010 MAR 27 17:05:35   975580968.878   0
 5 26 26 2010 MAR 28 02:16:02   978861682.085  77
 5 45 45 2010 MAR 28 12:19:27   982495979.775   0
 5 63 63 2010 MAR 28 18:54:54   984847247.037   0
 5 26 26 2010 MAR 29 03:49:31   988056057.835  77
 5 65 65 2010 MAR 29 15:35:27   992327083.639   0
 5 63 63 2010 MAR 29 18:35:53   993397752.929   0
 5 15 15 2010 MAR 30 05:39:49   997405874.585   0
 5 65 65 2010 MAR 30 18:51:01  1002192643.215   0
 5 24 24 2010 MAR 31 06:01:05  1006258823.331  77
 5 65 65 2010 MAR 31 20:50:21  1011660219.375   0
 5 24 24 2010 APR 01 05:07:03  1014686322.608  77
 5 63 63 2010 APR 01 20:49:15  1020435998.332   0
 5 26 26 2010 APR 02 02:46:21  1022618706.109  77
 5 63 63 2010 APR 02 21:20:38  1029446631.170   0
 5 26 26 2010 APR 03 07:09:27  1033072160.522  77
 5 55 55 2010 APR 03 23:41:13  1039173805.501   0
 5 25 25 2010 APR 04 07:27:06  1042046619.663  77
 5 43 43 2010 APR 04 12:02:08  1043751300.325   0
 5 25 25 2010 APR 05 02:45:58  1049186845.824  77
 5 45 45 2010 APR 05 10:48:19  1052189409.827   0
 5 65 65 2010 APR 05 16:05:39  1054149704.980   0
 5 26 26 2010 APR 06 03:26:31  1058354199.757  77
 5 65 65 2010 APR 06 21:22:29  1065037848.263   0
 5 24 24 2010 APR 07 04:48:47  1067811938.636  77
 5 45 45 2010 APR 07 11:03:41  1070163095.726   0
 5 15 15 2010 APR 07 23:01:24  1074632404.674   0
 5 26 26 2010 APR 08 04:28:30  1076654556.802  77
 5 45 45 2010 APR 08 10:52:26  1079068426.934   0
 5 55 55 2010 APR 08 23:39:28  1083853928.799   0
 5 26 26 2010 APR 09 04:47:25  1085766187.389  77
 5 45 45 2010 APR 09 11:01:36  1088124365.404   0
 5 54 54 2010 APR 09 15:55:25  1089957780.402   0
 5 26 26 2010 APR 10 02:55:27  1094075867.875  77
 5 63 63 2010 APR 10 21:22:35  1101021381.890   0
 5 24 24 2010 APR 11 05:00:13  1103893498.981  77
 5 65 65 2010 APR 11 23:13:15  1110770840.241   0
 5 26 26 2010 APR 12 04:09:57  1112624574.934  77
 5 43 43 2010 APR 12 10:07:34  1114891550.691   0
 5 63 63 2010 APR 12 20:53:48  1118943571.755   0
 5 24 24 2010 APR 13 03:55:05  1121594798.372  77
 5 63 63 2010 APR 13 18:55:11  1127268298.258   0
 5 24 24 2010 APR 14 02:34:48  1130165481.638  77
 5 65 65 2010 APR 14 22:11:11  1137596946.409   0
 5 45 45 2010 APR 15 08:15:10  1141421982.460   0
 5 65 65 2010 APR 15 23:09:16  1147066269.493   0
 5 24 24 2010 APR 16 04:40:58  1149152089.476  77
 5 54 54 2010 APR 16 21:10:39  1155411028.667   0
 5 15 15 2010 APR 17 07:41:02  1159416369.915   0
 5 63 63 2010 APR 17 18:30:23  1163505298.435   0
 5 26 26 2010 APR 18 01:24:10  1166124562.136  77
 5 54 54 2010 APR 18 21:23:28  1173719012.680   0
 5 26 26 2010 APR 19 03:45:10  1176131352.169  77
 5 55 55 2010 APR 19 23:48:13  1183768053.249   0
 5 26 26 2010 APR 20 03:53:39  1185303942.406  77
 5 45 45 2010 APR 20 10:14:32  1187733288.764   0
 5 55 55 2010 APR 20 21:47:06  1192108000.996   0
 5 24 24 2010 APR 21 06:26:49  1195405673.540  77
 5 65 65 2010 APR 21 22:08:30  1201364378.619   0
 5 26 26 2010 APR 22 07:16:54  1204847654.906  77
 5 63 63 2010 APR 22 22:26:10  1210595114.555   0
 5 45 45 2010 APR 23 10:05:49  1215030567.841   0
 5 15 15 2010 APR 23 23:50:29  1220239848.734   0
 5 34 34 2010 APR 24 08:57:12  1223706907.822   0
 5 55 55 2010 APR 24 15:33:31  1226210953.996   0
 5 65 65 2010 APR 24 21:38:32  1228513382.419   0
 5 24 24 2010 APR 25 05:28:00  1231483312.598  77
 5 26 26 2010 APR 26 02:02:52  1239281352.691  77
 5 34 34 2010 APR 26 11:11:17  1242768686.784   0
 5 54 54 2010 APR 26 15:01:44  1244219053.274   0
 5 65 65 2010 APR 26 21:50:31  1246793245.033   0
 5 26 26 2010 APR 27 05:20:03  1249631450.594  77
 5 65 65 2010 APR 27 19:46:55  1255097361.378   0
 5 63 63 2010 APR 27 22:38:36  1256192948.415   0
 5 24 24 2010 APR 28 01:03:12  1257093970.108  77
 5 15 15 2010 APR 28 04:22:06  1258350275.592   0
 5 45 45 2010 APR 28 10:12:00  1260572402.759   0
 5 54 54 2010 APR 28 22:32:05  1265234701.882   0
 5 15 15 2010 APR 29 02:59:15  1266905894.051   0
 5 43 43 2010 APR 29 11:13:50  1270045713.138   0
 5 65 65 2010 APR 29 22:55:34  1274460374.492   0
 5 26 26 2010 APR 30 04:25:11  1276524246.300  77
 5 45 45 2010 APR 30 10:54:48  1278994511.978   0
 5 63 63 2010 APR 30 19:45:33  1282315840.900   0
 5 24 24 2010 MAY 01 04:27:34  1285602915.348  77
 5 34 34 2010 MAY 01 11:17:28  1288199729.735   0
 5 65 65 2010 MAY 01 22:03:22  1292248360.802   0
 5 15 15 2010 MAY 02 05:55:54  1295219792.109   0
 5 45 45 2010 MAY 02 11:58:52  1297514252.299   0
 5 26 26 2010 MAY 03 05:39:49  1304158971.314  77
 5 43 43 2010 MAY 03 10:04:50  1305828206.956   0
 5 24 24 2010 MAY 04 03:29:07  1312359771.784  77
 5 34 34 2010 MAY 04 09:53:44  1314785866.085   0
 5 65 65 2010 MAY 04 21:55:29  1319299617.553   0
 5 25 25 2010 MAY 05 04:28:26  1321753375.948  77
 5 34 34 2010 MAY 05 09:58:03  1323828191.523   0
 5 63 63 2010 MAY 05 21:20:13  1328084512.965   0
 5 26 26 2010 MAY 06 04:05:39  1330614129.390  77
 5 45 45 2010 MAY 06 10:05:17  1332875182.880   0
 5 65 65 2010 MAY 06 21:38:42  1337196347.344   0
 5 15 15 2010 MAY 07 04:12:03  1339645150.383   0
 5 54 54 2010 MAY 07 23:04:13  1346718158.586   0
 5 25 25 2010 MAY 08 02:48:28  1348095772.566  77
 5 24 24 2010 MAY 08 05:33:28  1349135038.817  77
 5 25 25 2010 MAY 09 02:43:25  1357024153.959  77
 5 63 63 2010 MAY 09 19:18:42  1363208416.903   0
 5 24 24 2010 MAY 10 04:12:55  1366526699.567  77
 5 43 43 2010 MAY 10 10:27:58  1368867406.601   0
 5 63 63 2010 MAY 10 19:21:46  1372157823.350   0
 5 25 25 2010 MAY 11 06:26:01  1376288420.389  77
 5 55 55 2010 MAY 11 19:45:15  1381215217.788   0
 5 25 25 2010 MAY 12 06:07:24  1385073566.999  77
 5 63 63 2010 MAY 12 21:59:24  1390944027.448   0
 5 26 26 2010 MAY 13 05:12:08  1393608827.863  77
 5 45 45 2010 MAY 13 10:08:50  1395443814.515   0
 5 63 63 2010 MAY 13 22:08:35  1399869684.954   0
 5 45 45 2010 MAY 14 08:14:47  1403595808.127   0
 5 63 63 2010 MAY 14 22:00:15  1408663390.238   0
 5 45 45 2010 MAY 15 08:12:01  1412414508.232   0
 5 54 54 2010 MAY 15 20:39:02  1416981309.915   0
 5 15 15 2010 MAY 16 03:01:43  1419316977.750   0
 5 43 43 2010 MAY 16 08:50:05  1421459515.042   0
 5 63 63 2010 MAY 16 20:24:54  1425693409.390   0
 5 24 24 2010 MAY 17 02:58:32  1428090050.447  77
 5 65 65 2010 MAY 17 20:19:32  1434434571.045   0
 5 26 26 2010 MAY 18 02:09:05  1436555021.720  77
 5 45 45 2010 MAY 18 11:22:05  1439940387.775   0
 5 65 65 2010 MAY 18 22:35:54  1444023004.470   0
 5 26 26 2010 MAY 19 04:05:30  1446007542.258  77
 5 15 15 2010 MAY 20 01:59:22  1453951258.033   0
 5 63 63 2010 MAY 20 19:44:05  1460379929.589   0
 5 43 43 2010 MAY 21 10:32:55  1465748343.647   0
 5 63 63 2010 MAY 21 19:46:23  1469058546.346   0
 5 43 43 2010 MAY 22 07:58:52  1473463917.696   0
 5 15 15 2010 MAY 23 01:25:14  1479717567.744   0
 5 55 55 2010 MAY 23 20:23:42  1486524979.386   0
 5 15 15 2010 MAY 24 04:35:49  1489461736.552   0
 5 54 54 2010 MAY 24 21:23:00  1495458046.657   0
 5 25 25 2010 MAY 25 21:51:04  1504169842.842  77
 5 45 45 2010 MAY 26 10:25:43  1508640446.229   0
 5 63 63 2010 MAY 26 21:58:42  1512729759.211   0
 5 26 26 2010 MAY 27 05:56:40  1515551711.478  77
 5 25 25 2010 MAY 28 04:42:38  1523579484.188  77
 5 24 24 2010 MAY 29 04:58:11  1532114560.841  77
 5 25 25 2010 MAY 29 22:53:42  1538392986.334  77
 5 43 43 2010 MAY 30 04:37:05  1540411131.764   0
 5 45 45 2010 MAY 30 10:10:02  1542348019.197   0
 5 55 55 2010 MAY 30 20:40:55  1546010589.531   0
 5 26 26 2010 MAY 31 04:10:08  1548620451.141  77
 5 45 45 2010 MAY 31 09:28:05  1550473574.451   0
 5 63 63 2010 MAY 31 20:28:09  1554294072.234   0
 5 25 25 2010 JUN 01 04:04:26  1556935565.150  77
 5 45 45 2010 JUN 01 10:42:24  1559251132.077   0
 5 25 25 2010 JUN 01 22:09:33  1563208142.451  77
 5 25 25 2010 JUN 03 02:22:37  1572944539.551  77
 5 34 34 2010 JUN 03 09:36:50  1575451606.666   0
 5 63 63 2010 JUN 03 21:48:59  1579648609.893   0
 5 24 24 2010 JUN 04 22:38:42  1588148089.502  77
 5 26 26 2010 JUN 05 22:00:55  1596128756.967  77
 5 45 45 2010 JUN 06 10:36:00  1600421632.851   0
 5 26 26 2010 JUN 06 21:42:44  1604185963.299  77
 5 55 55 2010 JUN 07 17:45:45  1610963962.800   0
 5 15 15 2010 JUN 08 01:54:08  1613712248.304   0
 5 65 65 2010 JUN 08 21:25:30  1620304907.661   0
 5 26 26 2010 JUN 09 03:39:16  1622389655.169  77
 5 15 15 2010 JUN 10 05:21:31  1631014633.175   0
 5 26 26 2010 JUN 10 21:53:41  1636524717.054  77
 5 45 45 2010 JUN 11 06:57:53  1639543497.529   0
 5 25 25 2010 JUN 14 04:35:22  1662543120.629  77
 5 34 34 2010 JUN 14 09:31:39  1664162729.753   0
 5 54 54 2010 JUN 14 21:14:12  1667994221.691   0
 5 24 24 2010 JUN 15 00:12:09  1668947175.694  77
 5 34 34 2010 JUN 15 10:56:58  1672476588.027   0
 5 63 63 2010 JUN 15 19:42:25  1675309698.533   0
 5 26 26 2010 JUN 16 05:15:38  1678425665.794  77
 5 54 54 2010 JUN 16 13:25:41  1681070466.130   0
 5 25 25 2010 JUN 17 05:35:21  1686301873.796  77
 5 34 34 2010 JUN 17 10:15:48  1687806505.110   0
 5 26 26 2010 JUN 17 23:00:26  1691893170.019  77
 5 55 55 2010 JUN 18 12:39:16  1696292585.494   0
 5 26 26 2010 JUN 18 20:52:14  1698917391.474  77
 5 43 43 2010 JUN 19 10:44:23  1703354194.909   0
 5 55 55 2010 JUN 19 20:15:16  1706372844.104   0
 5 34 34 2010 JUN 20 03:29:29  1708684742.652   0
 5 25 25 2010 JUN 20 22:06:14  1714570490.688  77
 5 43 43 2010 JUN 21 03:34:11  1716311774.558   0
 5 26 26 2010 JUN 22 02:05:07  1723387492.044  77
 5 43 43 2010 JUN 22 09:31:00  1725734234.216   0
 5 54 54 2010 JUN 22 21:16:54  1729423461.621   0
 5 43 43 2010 JUN 23 09:15:43  1733162024.868   0
 5 65 65 2010 JUN 23 12:37:49  1734220006.343   0
 5 26 26 2010 JUN 23 21:44:31  1737045399.361  77
 5 55 55 2010 JUN 24 12:00:01  1741490737.850   0
 5 63 63 2010 JUN 24 20:37:09  1744148499.988   0
 5 55 55 2010 JUN 25 11:58:04  1748901220.461   0
 5 24 24 2010 JUN 25 21:42:41  1751884635.168  77
 5 43 43 2010 JUN 26 07:59:33  1755043090.076   0
 5 54 54 2010 JUN 26 18:54:53  1758387086.630   0
 5 43 43 2010 JUN 27 07:24:59  1762209756.603   0
 5 43 43 2010 JUN 28 08:48:49  1769940709.036   0
 5 26 26 2010 JUN 29 03:24:45  1775567406.173  77
 5 43 43 2010 JUN 29 09:02:42  1777270207.425   0
 5 63 63 2010 JUN 29 19:03:35  1780280387.374   0
 5 25 25 2010 JUN 30 00:51:31  1782017138.626  77
 5 45 45 2010 JUN 30 10:16:35  1784863273.892   0
 5 26 26 2010 JUN 30 21:08:18  1788105929.656  77
 5 26 26 2010 JUL 01 20:33:50  1795092151.862  77
 5 34 34 2010 JUL 02 10:23:54  1799202296.259   0
 5 65 65 2010 JUL 02 18:12:41  1801496668.759   0
 5 25 25 2010 JUL 03 01:23:33  1803614917.638  77
 5 26 26 2010 JUL 03 22:04:04  1809704595.108  77
 5 45 45 2010 JUL 04 10:06:38  1813247842.580   0
 5 55 55 2010 JUL 04 16:58:20  1815236802.119   0
 5 25 25 2010 JUL 04 22:51:15  1816954338.672  77
 5 43 43 2010 JUL 05 07:28:19  1819469508.289   0
 5 63 63 2010 JUL 05 21:29:43  1823560799.741   0
 5 26 26 2010 JUL 06 00:24:44  1824382793.598  77
 5 45 45 2010 JUL 06 10:01:52  1827185507.626   0
 5 55 55 2010 JUL 06 19:26:29  1829893145.790   0
 5 25 25 2010 JUL 07 03:53:22  1832331289.183  77
 5 34 34 2010 JUL 07 10:10:19  1834142539.888   0
 5 63 63 2010 JUL 07 20:52:02  1837209499.940   0
 5 45 45 2010 JUL 08 10:07:31  1841000183.482   0
 5 55 55 2010 JUL 08 13:37:31  1841990808.075   0
 5 63 63 2010 JUL 08 20:05:53  1843836943.591   0
 5 25 25 2010 JUL 09 03:43:51  1846006884.627  77
 5 43 43 2010 JUL 09 10:01:23  1847797390.310   0
 5 43 43 2010 JUL 10 02:36:02  1852488553.565   0
 5 55 55 2010 JUL 10 17:02:46  1856538996.178   0
 5 26 26 2010 JUL 10 23:54:28  1858463696.982  77
 5 34 34 2010 JUL 11 10:04:31  1861331186.898   0
 5 65 65 2010 JUL 11 18:10:23  1863579306.907   0
 5 63 63 2010 JUL 11 21:14:34  1864454036.471   0
 5 15 15 2010 JUL 11 23:26:40  1865045119.586   0
 5 34 34 2010 JUL 12 07:10:51  1867202966.795   0
 5 24 24 2010 JUL 12 19:58:26  1870766347.562  77
 5 34 34 2010 JUL 13 09:47:39  1874585972.316   0
 5 26 26 2010 JUL 18 03:06:20  1905311047.568  77
 5 25 25 2010 JUL 18 22:59:05  1910582493.807  77
 5 45 45 2010 JUL 19 09:19:33  1913330157.268   0
 5 15 15 2010 JUL 19 20:56:41  1916387987.689   0
 5 45 45 2010 JUL 20 09:47:35  1919768709.673   0
 5 55 55 2010 JUL 20 20:00:57  1922441738.607   0
 5 43 43 2010 JUL 21 08:59:21  1925818723.267   0
 5 63 63 2010 JUL 21 19:55:13  1928661028.723   0
 5 43 43 2010 JUL 22 09:14:52  1932106181.498   0
 5 63 63 2010 JUL 22 20:23:15  1934982458.149   0
 5 25 25 2010 JUL 23 03:32:27  1936816695.609  77
 5 63 63 2010 JUL 23 12:54:59  1939217507.601   0
 5 43 43 2010 JUL 24 06:10:03  1943607584.310   0
 5 26 26 2010 JUL 24 20:55:07  1947359974.740  77
 5 45 45 2010 JUL 25 02:37:39  1948809819.630   0
 5 34 34 2010 JUL 25 08:44:40  1950350886.535   0
 5 54 54 2010 JUL 25 19:35:38  1953088119.125   0
 5 26 26 2010 JUL 26 03:40:15  1955119550.976  77
 5 15 15 2010 JUL 26 20:02:49  1959213529.056   0
 5 45 45 2010 JUL 27 08:22:02  1962274795.390   0
 5 15 15 2010 JUL 28 00:33:14  1966280290.470   0
 5 45 45 2010 JUL 28 09:05:28  1968399137.552   0
 5 15 15 2010 JUL 28 20:41:45  1971252338.177   0
 5 45 45 2010 JUL 29 09:05:34  1974293627.493   0
 5 43 43 2010 JUL 30 07:18:09  1979697793.270   0
 5 65 65 2010 JUL 30 18:49:02  1982496543.001   0
 5 25 25 2010 JUL 31 02:47:39  1984425291.858  77
 5 34 34 2010 JUL 31 10:07:26  1986199932.980   0
 5 55 55 2010 JUL 31 19:46:51  1988517674.027   0
 5 24 24 2010 JUL 31 22:30:49  1989157532.963  77
 5 43 43 2010 AUG 01 05:29:35  1990827571.468   0
 5 43 43 2010 AUG 02 08:00:57  1997148378.222   0
 5 63 63 2010 AUG 02 12:13:53  1998158057.948   0
 5 26 26 2010 AUG 03 03:29:22  2001761316.208  77
 5 45 45 2010 AUG 03 07:46:53  2002758035.206   0
 5 54 54 2010 AUG 03 14:26:04  2004321159.292   0
 5 55 55 2010 AUG 03 19:15:15  2005459909.699   0
 5 43 43 2010 AUG 04 08:10:43  2008472704.554   0
 5 26 26 2010 AUG 05 01:52:52  2012588492.631  77
 5 34 34 2010 AUG 05 08:50:49  2014204022.532   0
 5 26 26 2010 AUG 05 19:53:22  2016755059.654  77
 5 63 63 2010 AUG 06 12:15:05  2020514050.877   0
 5 55 55 2010 AUG 06 14:03:01  2020915901.949   0
 5 25 25 2010 AUG 06 22:18:52  2022799162.709  77
 5 34 34 2010 AUG 07 08:03:54  2025023538.853   0
 5 26 26 2010 AUG 07 22:49:22  2028363914.894  77
 5 34 34 2010 AUG 08 07:26:55  2030313008.470   0
 5 63 63 2010 AUG 08 11:25:41  2031228260.969   0
 5 25 25 2010 AUG 08 19:47:47  2033100674.426  77
 5 45 45 2010 AUG 09 04:17:24  2034989535.468   0
 5 55 55 2010 AUG 09 16:55:48  2037813178.950   0
 5 34 34 2010 AUG 10 08:54:36  2041365510.877   0
 5 63 63 2010 AUG 10 19:19:38  2043670414.935   0
 5 26 26 2010 AUG 11 01:52:10  2045102219.574  77
 5 43 43 2010 AUG 11 04:58:51  2045775816.956   0
 5 55 55 2010 AUG 11 12:18:27  2047398245.415   0
 5 63 63 2010 AUG 11 18:08:28  2048667838.728   0
 5 43 43 2010 AUG 12 02:54:20  2050575002.288   0
 5 55 55 2010 AUG 12 12:21:27  2052637143.777   0
 5 25 25 2010 AUG 12 22:55:39  2054910259.671  77
 5 55 55 2010 AUG 13 12:57:23  2057941222.725   0
 5 25 25 2010 AUG 14 01:09:05  2060547692.494  77
 5 54 54 2010 AUG 14 17:49:59  2064103477.850   0
 5 45 45 2010 AUG 15 02:17:31  2065896016.001   0
 5 54 54 2010 AUG 15 16:59:13  2068992140.354   0
 5 26 26 2010 AUG 16 02:37:46  2071024980.605  77
 5 34 34 2010 AUG 16 08:35:37  2072267228.654   0
 5 45 45 2010 AUG 17 04:24:46  2076381486.165   0
 5 63 63 2010 AUG 17 13:39:48  2078304417.171   0
 5 25 25 2010 AUG 17 23:28:35  2080320650.469  77
 5 34 34 2010 AUG 18 08:27:47  2082172651.009   0
 5 15 15 2010 AUG 19 01:29:55  2085651579.712   0
 5 63 63 2010 AUG 19 13:22:28  2088063126.503   0
 5 24 24 2010 AUG 19 23:20:00  2090068627.602  77
 5 63 63 2010 AUG 20 12:51:46  2092799748.559   0
 5 54 54 2010 AUG 20 16:32:33  2093531215.071   0
 5 24 24 2010 AUG 21 02:13:50  2095475669.108  77
 5 54 54 2010 AUG 21 17:53:53  2098588247.547   0
 5 26 26 2010 AUG 21 22:21:49  2099463997.826  77
 5 34 34 2010 AUG 22 04:06:50  2100596619.108   0
 5 54 54 2010 AUG 22 13:03:17  2102369878.723   0
 5 24 24 2010 AUG 22 19:36:04  2103659114.081  77
 5 45 45 2010 AUG 23 04:39:25  2105414815.515   0
 5 63 63 2010 AUG 23 18:35:18  2108146515.719   0
 5 25 25 2010 AUG 24 02:10:19  2109615995.397  77
 5 63 63 2010 AUG 24 12:12:26  2111556361.867   0
 5 25 25 2010 AUG 24 19:33:18  2112970209.939  77
 5 43 43 2010 AUG 25 03:47:04  2114534041.448   0
 5 63 63 2010 AUG 25 17:49:12  2117227292.095   0
 5 45 45 2010 AUG 26 06:24:40  2119606193.245   0
 5 25 25 2010 AUG 27 01:18:03  2123181176.616  77
 5 34 34 2010 AUG 27 08:41:49  2124570414.090   0
 5 15 15 2010 AUG 27 20:21:51  2126749388.279   0
 5 43 43 2010 AUG 28 03:27:42  2128060734.237   0
 5 15 15 2010 AUG 28 19:15:16  2131002813.354   0
 5 45 45 2010 AUG 29 04:47:23  2132739697.275   0
 5 55 55 2010 AUG 29 17:59:05  2135175496.484   0
 5 24 24 2010 AUG 29 21:36:11  2135827472.136  77
 5 45 45 2010 AUG 30 07:49:57  2137691336.310   0
 5 63 63 2010 AUG 30 13:06:13  2138653224.823   0
 5 34 34 2010 AUG 31 06:25:02  2141768496.923   0
 5 55 55 2010 AUG 31 11:41:43  2142736745.801   0
 5 54 54 2010 AUG 31 18:03:24  2143873042.485   0
 5 15 15 2010 SEP 01 01:08:00  2145133389.223   0
 5 43 43 2010 SEP 01 06:29:16  2146076786.686   0
 5 15 15 2010 SEP 01 22:58:03  2149004284.403   0
 5 43 43 2010 SEP 02 07:07:15  2150440673.882   0
 5 43 43 2010 SEP 03 01:48:33  2153722617.536   0
 5 24 24 2010 SEP 04 01:14:02  2157794657.218  77
 5 34 34 2010 SEP 04 04:05:18  2158272944.486   0
 5 55 55 2010 SEP 04 14:32:25  2160081306.446   0
 5 24 24 2010 SEP 04 23:38:25  2161638207.356  77
 5 34 34 2010 SEP 05 04:38:17  2162482521.716   0
 5 26 26 2010 SEP 05 23:15:00  2165650490.825  77
 5 54 54 2010 SEP 06 17:15:03  2168687195.551   0
 5 24 24 2010 SEP 07 01:46:20  2170115586.135  77
 5 63 63 2010 SEP 07 15:33:52  2172400896.203   0
 5 45 45 2010 SEP 08 09:04:45  2175298885.078   0
 5 55 55 2010 SEP 08 12:53:06  2175920353.354   0
 5 55 55 2010 SEP 09 15:04:25  2180181946.744   0
 5 26 26 2010 SEP 10 00:39:01  2181730507.698  77
 5 34 34 2010 SEP 10 06:26:07  2182649856.786   0
 5 63 63 2010 SEP 10 17:45:19  2184478730.709   0
 5 34 34 2010 SEP 11 05:07:26  2186268450.924   0
 5 55 55 2010 SEP 11 15:40:22  2187950233.914   0
 5 24 24 2010 SEP 11 23:09:33  2189126743.243  77
 5 55 55 2010 SEP 12 16:08:46  2191789499.697   0
 5 25 25 2010 SEP 13 01:07:08  2193188171.438  77
 5 43 43 2010 SEP 13 08:17:59  2194296314.689   0
 5 26 26 2010 SEP 13 19:55:56  2196090410.655  77
 5 55 55 2010 SEP 14 17:13:54  2199345054.770   0
 5 25 25 2010 SEP 15 01:41:26  2200630046.966  77
 5 63 63 2010 SEP 15 17:54:38  2203072126.391   0
 5 24 24 2010 SEP 16 01:39:24  2204230184.286  77
 5 43 43 2010 SEP 16 07:07:45  2205030900.331   0
 5 34 34 2010 SEP 17 05:04:53  2208272089.531   0
 5 26 26 2010 SEP 18 22:17:04  2214276701.550  77
 5 54 54 2010 SEP 19 15:35:51  2216759936.031   0
 5 25 25 2010 SEP 19 22:20:27  2217715811.692  77
 5 34 34 2010 SEP 20 08:11:19  2219114308.097   0
 5 25 25 2010 SEP 20 19:16:21  2220681750.790  77
 5 34 34 2010 SEP 21 06:52:12  2222290871.380   0
 5 25 25 2010 SEP 21 18:50:09  2223972525.075  77
 5 15 15 2010 SEP 22 00:20:59  2224728698.402   0
 5 45 45 2010 SEP 22 07:13:06  2225668233.663   0
 5 15 15 2010 SEP 22 19:48:32  2227405627.127   0
 5 43 43 2010 SEP 23 07:02:19  2228926370.675   0
 5 55 55 2010 SEP 23 11:44:49  2229581365.996   0
 5 63 63 2010 SEP 23 16:46:55  2230259027.821   0
 5 45 45 2010 SEP 24 09:12:22  2232473387.326   0
 5 55 55 2010 SEP 24 11:47:48  2232820267.744   0
 5 34 34 2010 SEP 25 04:25:20  2235011445.453   0
 5 55 55 2010 SEP 25 16:24:56  2236614352.006   0
 5 15 15 2010 SEP 26 00:02:52  2237615186.876   0
 5 54 54 2010 SEP 26 12:08:19  2239200437.131   0
 5 25 25 2010 SEP 26 22:09:35  2240492734.088  77
 5 34 34 2010 SEP 27 06:10:26  2241519786.547   0
 5 26 26 2010 SEP 28 00:40:04  2243907798.342  77
 5 55 55 2010 SEP 28 16:28:26  2245914851.564   0
 5 24 24 2010 SEP 28 20:42:11  2246444223.202  77
 5 54 54 2010 SEP 29 12:14:18  2248401419.253   0
 5 25 25 2010 SEP 29 19:35:09  2249316148.810  77
 5 45 45 2010 SEP 30 05:51:25  2250574042.332   0
 5 26 26 2010 SEP 30 18:48:32  2252191800.630  77
 5 34 34 2010 SEP 30 23:29:48  2252765617.960   0
 5 43 43 2010 OCT 01 02:27:43  2253109086.875   0
 5 55 55 2010 OCT 01 16:31:05  2254836578.640   0
 5 34 34 2010 OCT 02 08:06:57  2256713565.875   0
 5 15 15 2010 OCT 02 19:52:48  2258123883.719   0
 5 63 63 2010 OCT 03 15:23:15  2260434850.840   0
 5 26 26 2010 OCT 04 00:38:41  2261526211.632  77
 5 43 43 2010 OCT 04 05:12:52  2262040374.498   0
 5 63 63 2010 OCT 04 13:10:48  2262985513.162   0
 5 63 63 2010 OCT 05 15:46:41  2266050679.378   0
 5 26 26 2010 OCT 05 23:44:12  2266956293.434  77
 5 43 43 2010 OCT 06 06:59:38  2267770181.150   0
 5 63 63 2010 OCT 06 16:42:34  2268879659.799   0
 5 15 15 2010 OCT 06 23:51:44  2269677527.440   0
 5 34 34 2010 OCT 07 06:58:25  2270461378.727   0
 5 43 43 2010 OCT 08 06:58:28  2273112354.079   0
 5 45 45 2010 OCT 08 09:05:08  2273358837.010   0
 5 55 55 2010 OCT 08 12:20:34  2273712371.663   0
 5 34 34 2010 OCT 09 02:21:50  2275217559.673   0
 5 43 43 2010 OCT 09 07:11:01  2275744312.279   0
 5 54 54 2010 OCT 09 14:30:11  2276538678.217   0
 5 43 43 2010 OCT 10 01:13:32  2277675605.641   0
 5 54 54 2010 OCT 10 15:55:39  2279243791.222   0
 5 26 26 2010 OCT 10 23:05:19  2279992411.911  77
 5 65 65 2010 OCT 11 15:33:11  2281711476.162   0
 5 34 34 2010 OCT 12 04:11:33  2282995916.979   0
 5 54 54 2010 OCT 12 16:27:49  2284273748.212   0
 5 25 25 2010 OCT 12 20:04:04  2284635608.807  77
 5 34 34 2010 OCT 13 05:27:26  2285569942.259   0
 5 25 25 2010 OCT 13 21:41:07  2287210769.665  77
 5 55 55 2010 OCT 14 15:09:59  2288947470.280   0
 5 45 45 2010 OCT 15 05:45:25  2290361122.980   0
 5 63 63 2010 OCT 15 15:22:31  2291312020.751   0
 5 55 55 2010 OCT 16 12:27:33  2293339484.886   0
 5 26 26 2010 OCT 16 21:47:58  2294220746.193  77
 5 65 65 2010 OCT 17 14:15:30  2295773379.918   0
 5 26 26 2010 OCT 17 21:01:46  2296402840.421  77
 5 65 65 2010 OCT 18 11:26:23  2297747952.161   0
 5 63 63 2010 OCT 18 15:52:38  2298151652.848   0
 5 55 55 2010 OCT 19 15:24:45  2300293623.285   0
 5 24 24 2010 OCT 19 19:01:51  2300622580.671  77
 5 45 45 2010 OCT 20 05:54:22  2301578576.727   0
 5 63 63 2010 OCT 20 15:13:57  2302425146.975   0
 5 34 34 2010 OCT 21 06:17:19  2303738896.710   0
 5 65 65 2010 OCT 21 11:39:24  2304228492.543   0
 5 55 55 2010 OCT 21 15:37:19  2304570647.991   0
 5 34 34 2010 OCT 22 02:36:55  2305504574.290   0
 5 34 34 2010 OCT 23 02:21:32  2307539164.870   0
 5 65 65 2010 OCT 23 15:16:58  2308649848.434   0
 5 43 43 2010 OCT 24 06:45:45  2309931494.420   0
 5 15 15 2010 OCT 24 19:05:46  2310966353.814   0
 5 45 45 2010 OCT 25 06:45:47  2311908199.754   0
 5 25 25 2010 OCT 25 22:17:03  2313175913.043  77
 5 45 45 2010 OCT 26 06:53:19  2313859820.363   0
 5 45 45 2010 OCT 27 00:54:10  2315292169.160   0
 5 34 34 2010 OCT 27 07:33:21  2315821711.991   0
 5 55 55 2010 OCT 27 12:04:36  2316186321.363   0
 5 43 43 2010 OCT 28 04:28:47  2317438952.949   0
 5 65 65 2010 OCT 28 15:18:23  2318294118.518   0
 5 26 26 2010 OCT 28 18:46:44  2318562980.818  77
 5 34 34 2010 OCT 29 08:32:10  2319605372.629   0
 5 54 54 2010 OCT 29 15:34:40  2320137435.961   0
 5 43 43 2010 OCT 30 07:16:46  2321299607.497   0
 5 54 54 2010 OCT 30 13:52:12  2321795436.099   0
 5 24 24 2010 OCT 30 22:53:52  2322458222.540  77
 5 43 43 2010 OCT 31 01:52:38  2322660249.510   0
 5 65 65 2010 OCT 31 15:26:49  2323665449.277   0
 5 43 43 2010 NOV 01 05:55:35  2324686978.369   0
 5 26 26 2010 NOV 01 23:22:16  2325939020.480  77
 5 55 55 2010 NOV 02 16:03:07  2327106613.576   0
 5 25 25 2010 NOV 02 20:00:12  2327374322.610  77
 5 14 14 2010 NOV 03 18:39:48  2328928185.782   0
 5 26 26 2010 NOV 03 21:03:59  2329082509.171  77
 5 55 55 2010 NOV 04 12:42:45  2330135082.047   0
 5 25 25 2010 NOV 05 00:29:51  2330919709.043  77
 5 45 45 2010 NOV 05 05:01:06  2331190198.477   0
 5 43 43 2010 NOV 05 07:19:01  2331352094.662   0
 5 15 15 2010 NOV 05 22:26:57  2332339893.188   0
 5 43 43 2010 NOV 06 02:34:03  2332586409.754   0
 5 65 65 2010 NOV 06 16:21:58  2333492225.052   0
 5 25 25 2010 NOV 06 19:54:04  2333708645.592  77
 5 34 34 2010 NOV 07 01:32:58  2334047998.505   0
 5 65 65 2010 NOV 07 16:00:20  2334970158.431   0
 5 25 25 2010 NOV 07 20:39:30  2335250045.556  77
 5 34 34 2010 NOV 08 01:34:55  2335537983.922   0
 5 26 26 2010 NOV 08 19:06:12  2336621737.998  77
 5 55 55 2010 NOV 09 12:10:48  2337641909.697   0
 5 43 43 2010 NOV 09 22:43:43  2338261056.192   0
 5 34 34 2010 NOV 10 05:39:09  2338646731.523   0
 5 34 34 2010 NOV 11 01:58:20  2339814531.362   0
 5 65 65 2010 NOV 11 15:25:51  2340597653.290   0
 5 34 34 2010 NOV 12 05:01:16  2341333114.936   0
 5 54 54 2010 NOV 12 14:00:02  2341848148.583   0
 5 43 43 2010 NOV 12 23:53:47  2342379780.146   0
 5 26 26 2010 NOV 13 18:35:03  2343397787.356  77
 5 63 63 2010 NOV 14 11:25:04  2344287459.374   0
 5 43 43 2010 NOV 15 00:23:25  2344943906.188   0
 5 65 65 2010 NOV 15 11:25:06  2345527215.880   0
 5 43 43 2010 NOV 16 04:53:26  2346384102.671   0
 5 43 43 2010 NOV 16 23:49:42  2347334212.045   0
 5 26 26 2010 NOV 17 23:06:48  2348471284.256  77
 5 65 65 2010 NOV 18 15:23:04  2349244903.099   0
 5 15 15 2010 NOV 18 18:40:59  2349400382.035   0
 5 34 34 2010 NOV 19 01:47:40  2349708838.802   0
 5 34 34 2010 NOV 20 00:19:46  2350749822.709   0
 5 43 43 2010 NOV 21 00:40:12  2351835862.475   0
 5 65 65 2010 NOV 21 11:13:32  2352319282.239   0
 5 26 26 2010 NOV 21 22:32:18  2352801951.454  77
 5 34 34 2010 NOV 22 07:58:08  2353203664.719   0
 5 65 65 2010 NOV 22 12:57:18  2353419203.985   0
 5 43 43 2010 NOV 23 06:40:14  2354148808.314   0
 5 15 15 2010 NOV 23 19:11:35  2354677909.089   0
 5 43 43 2010 NOV 24 05:37:20  2355082943.377   0
 5 14 14 2010 NOV 25 21:58:12  2356690417.460   0
 5 43 43 2010 NOV 26 07:57:47  2357072230.255   0
 5 15 15 2010 NOV 26 22:53:37  2357638454.928   0
 5 34 34 2010 NOV 27 02:59:03  2357767832.353   0
 5 26 26 2010 NOV 27 22:11:33  2358494119.435  77
 5 34 34 2010 NOV 28 02:32:49  2358631264.955   0
 5 55 55 2010 NOV 28 11:19:29  2358973706.470   0
 5 34 34 2010 NOV 29 00:53:45  2359431595.392   0
 5 65 65 2010 NOV 29 11:17:25  2359815319.759   0
 5 34 34 2010 NOV 29 22:47:25  2360201294.013   0
 5 45 45 2010 NOV 30 06:37:25  2360457024.401   0
 5 45 45 2010 NOV 30 22:36:36  2360999841.388   0
 5 54 54 2010 DEC 01 11:58:16  2361439935.603   0
 5 34 34 2010 DEC 01 22:49:23  2361781450.887   0
 5 43 43 2010 DEC 02 08:22:02  2362086571.392   0
 5 63 63 2010 DEC 03 13:37:03  2362983337.236   0
 5 34 34 2010 DEC 03 22:55:48  2363255847.039   0
 5 43 43 2010 DEC 04 07:28:43  2363504915.603   0
 5 65 65 2010 DEC 04 13:06:39  2363675110.246   0
 5 24 24 2010 DEC 04 19:12:54  2363850664.222  77
 5 43 43 2010 DEC 06 02:42:30  2364705590.061   0
 5 26 26 2010 DEC 06 21:50:00  2365237200.477  77
 5 43 43 2010 DEC 07 08:03:45  2365504507.794   0
 5 14 14 2010 DEC 07 22:20:26  2365869321.061   0
 5 65 65 2010 DEC 08 15:01:16  2366287107.946   0
 5 34 34 2010 DEC 09 08:32:05  2366708399.027   0
 5 26 26 2010 DEC 09 19:44:12  2366967429.166  77
 5 55 55 2010 DEC 10 14:47:57  2367405425.578   0
 5 25 25 2010 DEC 10 19:57:41  2367516517.448  77
 5 43 43 2010 DEC 10 23:44:38  2367591270.382   0
 5 65 65 2010 DEC 11 14:22:38  2367920852.161   0
 5 24 24 2010 DEC 11 23:25:03  2368114795.077  77
 5 34 34 2010 DEC 12 03:22:08  2368171229.363   0
 5 65 65 2010 DEC 12 14:39:38  2368429211.584   0
 5 45 45 2011 MAR 22 23:02:24  2348282028.923   0
 5 55 55 2011 MAR 23 08:31:52  2348053179.010   0
 5 25 25 2011 MAR 23 16:14:24  2347855571.295  77
 5 43 43 2011 MAR 24 00:02:57  2347645888.275   0
 5 34 34 2011 MAR 24 04:18:28  2347540462.096   0
 5 63 63 2011 MAR 24 14:19:42  2347289612.260   0
 5 45 45 2011 MAR 24 22:16:20  2347090214.817   0
 5 54 54 2011 MAR 25 15:19:38  2346653792.271   0
 5 43 43 2011 MAR 25 23:40:12  2346427666.219   0
 5 54 54 2011 MAR 26 13:41:50  2346065513.024   0
 5 43 43 2011 MAR 27 01:24:41  2345751740.195   0
 5 63 63 2011 MAR 27 15:18:25  2345401663.175   0
 5 34 34 2011 MAR 28 02:48:18  2345082761.989   0
 5 55 55 2011 MAR 28 09:27:39  2344916164.710   0
 5 45 45 2011 MAR 29 02:59:39  2344437089.909   0
 5 25 25 2011 MAR 29 15:02:59  2344133185.479  77
 5 34 34 2011 MAR 29 22:07:54  2343933132.344   0
 5 63 63 2011 MAR 30 16:19:38  2343444224.537   0
 5 15 15 2011 MAR 30 19:49:10  2343327482.836   0
 5 45 45 2011 MAR 30 22:08:09  2343276892.711   0
 5 55 55 2011 MAR 31 08:06:45  2343005944.615   0
 5 25 25 2011 MAR 31 22:20:00  2342602450.981  77
 5 55 55 2011 APR 01 09:59:43  2342273579.875   0
 5 25 25 2011 APR 01 15:43:51  2342121088.171  77
 5 24 24 2011 APR 01 23:38:01  2341901396.246  77
 5 45 45 2011 APR 02 05:33:49  2341730028.813   0
 5 54 54 2011 APR 02 09:42:31  2341604791.499   0
 5 14 14 2011 APR 02 17:02:50  2341394586.928   0
 5 25 25 2011 APR 02 23:20:46  2341224235.700  77
 5 65 65 2011 APR 03 13:33:46  2340803952.419   0
 5 43 43 2011 APR 03 21:14:36  2340597216.290   0
 5 55 55 2011 APR 04 08:41:52  2340256190.505   0
 5 65 65 2011 APR 04 14:53:20  2340073676.870   0
 5 25 25 2011 APR 04 20:47:52  2339890898.500  77
 5 65 65 2011 APR 05 08:39:16  2339552302.214   0
 5 25 25 2011 APR 05 16:13:04  2339326161.193  77
 5 34 34 2011 APR 05 22:29:12  2339139923.693   0
 5 65 65 2011 APR 06 08:48:20  2338831996.040   0
 5 25 25 2011 APR 06 16:10:25  2338609987.178  77
 5 43 43 2011 APR 07 04:07:40  2338245178.038   0
 5 15 15 2011 APR 07 17:46:00  2337825793.505   0
 5 55 55 2011 APR 08 07:47:40  2337411829.644   0
 5 26 26 2011 APR 08 15:41:50  2337164185.978  77
 5 43 43 2011 APR 08 23:18:41  2336921219.944   0
 5 54 54 2011 APR 09 07:42:02  2336672662.186   0
 5 65 65 2011 APR 09 15:07:08  2336435497.305   0
 5 34 34 2011 APR 09 23:27:26  2336167417.405   0
 5 55 55 2011 APR 10 07:24:31  2335931998.468   0
 5 24 24 2011 APR 10 16:45:34  2335622627.646  77
 5 14 14 2011 APR 10 23:03:15  2335430968.950   0
 5 45 45 2011 APR 11 05:13:40  2335235502.492   0
 5 25 25 2011 APR 11 22:27:05  2334679162.308  77
 5 55 55 2011 APR 12 08:25:41  2334360277.422   0
 5 15 15 2011 APR 12 22:50:44  2333893436.287   0
 5 15 15 2011 APR 13 14:35:43  2333387935.135   0
 5 14 14 2011 APR 13 22:07:09  2333127666.490   0
 5 65 65 2011 APR 14 09:41:02  2332743768.090   0
 5 43 43 2011 APR 14 21:44:02  2332355929.728   0
 5 55 55 2011 APR 15 10:05:42  2331930708.996   0
 5 15 15 2011 APR 15 20:03:18  2331592959.534   0
 5 55 55 2011 APR 16 07:48:52  2331213592.209   0
 5 26 26 2011 APR 16 22:50:37  2330701833.624  77
 5 25 25 2011 APR 17 19:23:05  2329985870.575  77
 5 43 43 2011 APR 18 02:48:04  2329736646.668   0
 5 45 45 2011 APR 19 21:58:48  2328246174.929   0
 5 55 55 2011 APR 20 14:36:57  2327653504.224   0
 5 34 34 2011 APR 20 21:53:11  2327401650.757   0
 5 26 26 2011 APR 20 23:43:00  2327340852.727  77
 5 65 65 2011 APR 21 08:00:39  2327037947.937   0
 5 55 55 2011 APR 21 14:02:10  2326815258.704   0
 5 25 25 2011 APR 21 23:40:19  2326482188.266  77
 5 55 55 2011 APR 22 13:27:22  2325967104.785   0
 5 45 45 2011 APR 22 23:28:53  2325604834.635   0
 5 55 55 2011 APR 23 09:07:10  2325251185.235   0
 5 54 54 2011 APR 23 13:14:45  2325096125.321   0
 5 15 15 2011 APR 23 19:24:20  2324863968.967   0
 5 43 43 2011 APR 23 23:29:08  2324721857.030   0
 5 45 45 2011 APR 24 05:10:18  2324522941.404   0
 5 55 55 2011 APR 24 08:47:00  2324377484.949   0
 5 14 14 2011 APR 24 17:19:08  2324052238.587   0
 5 43 43 2011 APR 24 23:11:53  2323838755.762   0
 5 54 54 2011 APR 25 08:26:49  2323491731.565   0
 5 26 26 2011 APR 25 22:19:38  2322965452.235  77
 5 54 54 2011 APR 26 06:55:08  2322647691.142   0
 5 15 15 2011 APR 26 18:25:39  2322183369.166   0
 5 55 55 2011 APR 27 08:09:47  2321664281.567   0
 5 26 26 2011 APR 27 19:55:18  2321192870.569  77
 5 55 55 2011 APR 28 07:49:17  2320739245.113   0
 5 34 34 2011 APR 29 05:24:38  2319890355.514   0
 5 43 43 2011 APR 29 23:26:20  2319149795.839   0
 5 65 65 2011 APR 30 07:26:21  2318832550.715   0
 5 26 26 2011 APR 30 21:10:29  2318258761.179  77
 5 54 54 2011 MAY 01 07:29:29  2317845151.622   0
 5 55 55 2011 MAY 01 15:21:02  2317519438.315   0
 5 15 15 2011 MAY 01 21:10:43  2317265174.142   0
 5 65 65 2011 MAY 02 07:12:12  2316858933.257   0
 5 26 26 2011 MAY 02 16:32:56  2316452254.660  77
 5 55 55 2011 MAY 03 16:18:38  2315459115.938   0
 5 25 25 2011 MAY 03 20:18:40  2315264574.918  77
 5 54 54 2011 MAY 04 06:26:15  2314849901.020   0
 5 55 55 2011 MAY 04 16:04:20  2314429636.443   0
 5 45 45 2011 MAY 04 22:05:49  2314161324.144   0
 5 65 65 2011 MAY 05 13:48:33  2313460534.674   0
 5 26 26 2011 MAY 05 23:26:45  2313046975.058  77
 5 54 54 2011 MAY 06 07:35:31  2312677525.600   0
 5 25 25 2011 MAY 06 15:21:06  2312327056.253  77
 5 54 54 2011 MAY 07 09:08:04  2311517032.132   0
 5 14 14 2011 MAY 07 17:05:19  2311151283.628   0
 5 34 34 2011 MAY 07 21:17:01  2310979972.218   0
 5 24 24 2011 MAY 07 23:01:11  2310895224.466  77
 5 54 54 2011 MAY 08 10:34:45  2310346858.570   0
 5 15 15 2011 MAY 08 14:55:18  2310159810.351   0
 5 14 14 2011 MAY 08 21:16:35  2309855942.446   0
 5 45 45 2011 MAY 09 03:10:45  2309587918.094   0
 5 54 54 2011 MAY 09 16:19:07  2308984223.650   0
 5 14 14 2011 MAY 09 18:26:25  2308858766.008   0
 5 55 55 2011 MAY 10 12:48:20  2307993128.493   0
 5 55 55 2011 MAY 11 12:22:17  2306861594.319   0
 5 14 14 2011 MAY 11 16:28:13  2306666075.223   0
 5 54 54 2011 MAY 12 07:44:37  2305931270.357   0
 5 63 63 2011 MAY 13 13:22:53  2304463456.155   0
 5 55 55 2011 MAY 14 13:11:23  2303271020.773   0
 5 34 34 2011 MAY 14 21:27:16  2302870873.896   0
 5 55 55 2011 MAY 15 13:20:21  2302046206.182   0
 5 15 15 2011 MAY 15 18:49:49  2301758558.340   0
 5 34 34 2011 MAY 15 22:41:08  2301576656.652   0
 5 65 65 2011 MAY 16 14:23:39  2300762377.986   0
 5 25 25 2011 MAY 16 22:23:48  2300349202.763  77
 5 63 63 2011 MAY 17 12:42:51  2299589589.068   0
 5 14 14 2011 MAY 18 20:16:48  2297915102.527   0
 5 65 65 2011 MAY 19 14:00:57  2296968165.030   0
 5 25 25 2011 MAY 19 23:30:26  2296467265.943  77
 5 55 55 2011 MAY 20 15:24:40  2295593353.619   0
 5 24 24 2011 MAY 20 22:55:37  2295179362.264  77
 5 54 54 2011 MAY 21 13:29:17  2294360131.653   0
 5 43 43 2011 MAY 22 00:43:18  2293736132.176   0
 5 54 54 2011 MAY 22 13:06:08  2293033342.647   0
 5 63 63 2011 MAY 23 14:09:29  2291610854.630   0
 5 25 25 2011 MAY 23 20:28:23  2291240026.191  77
 5 63 63 2011 MAY 24 14:03:51  2290226093.279   0
 5 14 14 2011 MAY 24 22:03:49  2289760543.449   0
 5 25 25 2011 MAY 25 13:58:13  2288829657.667  77
 5 15 15 2011 MAY 25 22:06:56  2288338738.809   0
 5 55 55 2011 MAY 26 11:24:37  2287530390.038   0
 5 55 55 2011 MAY 27 15:07:25  2285865021.732   0
 5 15 15 2011 MAY 27 21:43:50  2285452640.447   0
 5 55 55 2011 MAY 28 13:20:39  2284482699.832   0
 5 15 15 2011 MAY 28 22:58:49  2283895128.839   0
 5 43 43 2011 MAY 29 02:47:15  2283653382.088   0
 5 55 55 2011 MAY 29 14:24:00  2282917556.098   0
 5 24 24 2011 MAY 29 20:37:10  2282515263.996  77
 5 54 54 2011 MAY 30 06:59:09  2281865529.969   0
 5 24 24 2011 MAY 30 14:53:18  2281355563.690  77
 5 54 54 2011 MAY 31 12:11:08  2279966548.406   0
 5 65 65 2011 JUN 01 06:24:28  2278787713.099   0
 5 24 24 2011 JUN 01 15:33:27  2278170096.342  77
 5 54 54 2011 JUN 02 07:33:38  2277104830.136   0
 5 26 26 2011 JUN 02 13:37:55  2276706435.750  77
 5 54 54 2011 JUN 03 07:07:30  2275512741.570   0
 5 24 24 2011 JUN 03 13:26:24  2275089982.940  77
 5 54 54 2011 JUN 04 09:06:13  2273715149.324   0
 5 25 25 2011 JUN 04 20:40:01  2272911590.609  77
 5 55 55 2011 JUN 05 10:53:13  2271908116.160   0
 5 14 14 2011 JUN 05 20:40:07  2271220686.914   0
 5 63 63 2011 JUN 06 08:08:04  2270405780.763   0
 5 24 24 2011 JUN 06 20:46:03  2269497020.838  77
 5 63 63 2011 JUN 07 12:34:28  2268349613.387   0
 5 25 25 2011 JUN 07 22:03:52  2267666876.529  77
 5 65 65 2011 JUN 08 14:09:47  2266479498.120   0
 5 25 25 2011 JUN 08 19:42:01  2266058610.493  77
 5 54 54 2011 JUN 09 05:58:04  2265313783.660   0
 5 63 63 2011 JUN 09 13:52:22  2264710807.233   0
 5 65 65 2011 JUN 10 05:41:39  2263530373.832   0
 5 26 26 2011 JUN 10 13:34:57  2262928284.426  77
 5 65 65 2011 JUN 11 06:43:52  2261610681.679   0
 5 55 55 2011 JUN 11 12:39:35  2261142725.150   0
 5 25 25 2011 JUN 11 21:11:38  2260486562.000  77
 5 15 15 2011 JUN 12 18:26:28  2258817803.905   0
 5 54 54 2011 JUN 13 06:29:27  2257885168.979   0
 5 26 26 2011 JUN 13 16:10:36  2257103030.139  77
 5 54 54 2011 JUN 14 15:50:15  2255227813.400   0
 5 14 14 2011 JUN 14 20:01:50  2254867414.454   0
 5 54 54 2011 JUN 15 12:07:43  2253558321.174   0
 5 63 63 2011 JUN 16 15:23:06  2251332475.948   0
 5 26 26 2011 JUN 16 19:15:23  2250989990.086  77
 5 63 63 2011 JUN 17 05:19:48  2250173600.812   0
 5 15 15 2011 JUN 17 19:24:14  2248966636.178   0
 5 63 63 2011 JUN 18 11:18:22  2247617570.773   0
 5 14 14 2011 JUN 18 19:06:48  2246950060.290   0
 5 65 65 2011 JUN 19 08:30:22  2245802733.329   0
 5 14 14 2011 JUN 19 18:53:37  2244898492.306   0
 5 55 55 2011 JUN 20 06:34:50  2243894783.171   0
 5 26 26 2011 JUN 20 14:31:50  2243194192.895  77
 5 24 24 2011 JUN 20 22:33:22  2242494268.444  77
 5 55 55 2011 JUN 21 06:17:23  2241806973.997   0
 5 25 25 2011 JUN 21 18:17:24  2240719752.666  77
 5 55 55 2011 JUN 22 06:02:52  2239683804.364   0
 5 26 26 2011 JUN 22 21:16:19  2238297435.471  77
 5 63 63 2011 JUN 23 09:42:58  2237151913.950   0
 5 54 54 2011 JUN 24 05:27:00  2235354299.727   0
 5 45 45 2011 JUN 25 03:03:32  2233337999.058   0
 5 14 14 2011 JUN 25 20:50:35  2231639726.579   0
 5 65 65 2011 JUN 26 04:51:56  2230894237.242   0
 5 24 24 2011 JUN 26 20:47:50  2229345167.965  77
 5 43 43 2011 JUN 27 02:28:57  2228809963.660   0
 5 55 55 2011 JUN 27 04:43:59  2228597681.794   0
 5 14 14 2011 JUN 27 20:12:39  2227066324.188   0
 5 26 26 2011 JUN 28 16:01:10  2225113156.787  77
 5 55 55 2011 JUN 29 12:07:07  2223108849.169   0
 5 43 43 2011 JUN 29 23:43:52  2221953188.929   0
 5 55 55 2011 JUN 30 07:29:15  2221158616.529   0
 5 63 63 2011 JUL 01 11:23:16  2218293832.364   0
 5 26 26 2011 JUL 01 23:00:01  2217112995.076  77
 5 63 63 2011 JUL 02 11:05:53  2215826449.727   0
 5 55 55 2011 JUL 02 14:57:14  2215440781.037   0
 5 26 26 2011 JUL 02 22:51:22  2214612377.543  77
 5 63 63 2011 JUL 03 12:40:55  2213129914.061   0
 5 14 14 2011 JUL 03 20:49:42  2212263891.329   0
 5 43 43 2011 JUL 04 02:36:37  2211660129.636   0
 5 26 26 2011 JUL 04 14:19:09  2210387256.057  77
 5 14 14 2011 JUL 04 22:16:15  2209533394.635   0
 5 25 25 2011 JUL 05 14:19:14  2207776350.394  77
 5 54 54 2011 JUL 06 05:53:09  2206070130.658   0
 5 24 24 2011 JUL 06 13:46:54  2205192853.380  77
 5 26 26 2011 JUL 06 19:57:15  2204495505.480  77
 5 54 54 2011 JUL 07 05:35:24  2203434776.354   0
 5 25 25 2011 JUL 07 13:29:32  2202544992.304  77
 5 43 43 2011 JUL 08 01:09:08  2201230790.625   0
 5 26 26 2011 JUL 08 13:12:06  2199861931.986  77
 5 43 43 2011 JUL 08 22:59:05  2198743321.656   0
 5 54 54 2011 JUL 09 06:53:19  2197827364.181   0
 5 15 15 2011 JUL 09 14:47:06  2196913767.063   0
 5 55 55 2011 JUL 10 04:51:33  2195297152.068   0
 5 14 14 2011 JUL 10 18:44:18  2193649466.067   0
 5 34 34 2011 JUL 11 00:42:55  2192964970.536   0
 5 55 55 2011 JUL 11 04:31:18  2192525192.652   0
 5 14 14 2011 JUL 11 18:06:30  2190887989.019   0
 5 26 26 2011 JUL 11 22:03:40  2190436197.748  77
 5 54 54 2011 JUL 12 08:10:59  2189213395.852   0
 5 54 54 2011 JUL 13 07:53:13  2186357533.087   0
 5 43 43 2011 JUL 13 21:31:26  2184716444.288   0
 5 55 55 2011 JUL 14 07:35:47  2183464683.450   0
 5 15 15 2011 JUL 14 13:19:49  2182770210.171   0
 5 54 54 2011 JUL 15 05:08:10  2180819122.138   0
 5 65 65 2011 JUL 15 07:12:34  2180547599.620   0
 5 55 55 2011 JUL 15 09:11:09  2180294237.639   0
 5 65 65 2011 JUL 15 15:06:48  2179576055.883   0
 5 34 34 2011 JUL 16 00:50:31  2178354653.931   0
 5 55 55 2011 JUL 16 07:00:38  2177568895.232   0
 5 34 34 2011 JUL 17 00:44:46  2175333521.578   0
 5 63 63 2011 JUL 17 08:38:54  2174309360.326   0
 5 14 14 2011 JUL 17 14:22:57  2173583384.412   0
 5 43 43 2011 JUL 18 02:11:21  2172080196.254   0
 5 26 26 2011 JUL 18 16:21:16  2170223449.573  77
 5 45 45 2011 JUL 19 02:05:18  2168978486.997   0
 5 65 65 2011 JUL 19 08:00:50  2168183849.477   0
 5 25 25 2011 JUL 19 15:55:09  2167143684.460  77
 5 43 43 2011 JUL 19 23:52:12  2166111734.338   0
 5 55 55 2011 JUL 20 07:43:26  2165058618.707   0
 5 25 25 2011 JUL 20 13:39:10  2164279489.208  77
 5 43 43 2011 JUL 20 21:44:58  2163208038.576   0
 5 65 65 2011 JUL 21 05:27:28  2162171083.243   0
 5 25 25 2011 JUL 21 15:20:14  2160826413.628  77
 5 63 63 2011 JUL 22 05:09:44  2158970077.941   0
 5 14 14 2011 JUL 22 15:11:11  2157587138.458   0
 5 26 26 2011 JUL 22 22:50:44  2156558383.361  77
 5 34 34 2011 JUL 23 01:03:52  2156248501.942   0
 5 14 14 2011 JUL 23 16:31:55  2154093346.850   0
 5 15 15 2011 JUL 23 20:55:12  2153495386.133   0
 5 55 55 2011 JUL 24 04:34:50  2152442900.761   0
 5 26 26 2011 JUL 24 14:42:08  2151009158.782  77
 5 15 15 2011 JUL 24 20:37:47  2150178632.957   0
 5 55 55 2011 JUL 25 04:31:38  2149081004.215   0
 5 25 25 2011 JUL 25 20:05:28  2146853575.242  77
 5 15 15 2011 JUL 26 19:45:04  2143459252.662   0
 5 54 54 2011 JUL 27 05:46:31  2142020020.000   0
 5 26 26 2011 JUL 27 17:26:08  2140306383.242  77
 5 63 63 2011 JUL 28 05:22:52  2138576500.665   0
 5 26 26 2011 JUL 28 19:03:58  2136542358.906  77
 5 55 55 2011 JUL 29 05:14:07  2135051002.149   0
 5 24 24 2011 JUL 29 18:46:27  2133011444.289  77
 5 65 65 2011 JUL 30 04:59:31  2131496442.295   0
 5 14 14 2011 JUL 30 18:31:51  2129429407.318   0
 5 43 43 2011 JUL 31 02:22:45  2128262546.744   0
 5 63 63 2011 JUL 31 06:23:05  2127636694.905   0
 5 25 25 2011 JUL 31 14:16:56  2126426363.610  77
 5 43 43 2011 JUL 31 22:11:10  2125224950.433   0
 5 63 63 2011 AUG 01 04:24:11  2124271115.481   0
 5 26 26 2011 AUG 01 20:00:54  2121833172.301  77
 5 55 55 2011 AUG 02 09:41:57  2119690417.157   0
 5 26 26 2011 AUG 02 12:03:51  2119344442.717  77
 5 45 45 2011 AUG 02 21:50:42  2117804174.486   0
 5 26 26 2011 AUG 03 21:12:24  2114093326.237  77
 5 55 55 2011 AUG 04 05:18:13  2112803891.038   0
 5 15 15 2011 AUG 04 13:21:11  2111509400.806   0
 5 34 34 2011 AUG 04 21:15:17  2110247337.858   0
 5 65 65 2011 AUG 05 05:09:28  2108964855.733   0
 5 14 14 2011 AUG 05 17:03:38  2107012313.354   0
 5 63 63 2011 AUG 06 10:38:48  2104138488.759   0
 5 14 14 2011 AUG 06 16:45:48  2103131287.501   0
 5 65 65 2011 AUG 07 08:13:38  2100578568.239   0
 5 34 34 2011 AUG 08 00:16:36  2097923792.457   0
 5 54 54 2011 AUG 08 04:07:52  2097286009.619   0
 5 24 24 2011 AUG 08 11:59:04  2095966993.238  77
 5 55 55 2011 AUG 09 04:03:23  2093258912.348   0
 5 14 14 2011 AUG 09 13:37:11  2091621765.432   0
 5 25 25 2011 AUG 09 21:31:18  2090281163.333  77
 5 15 15 2011 AUG 10 11:40:23  2087868074.428   0
 5 43 43 2011 AUG 10 23:32:24  2085816614.726   0
 5 14 14 2011 AUG 11 13:01:47  2083477224.515   0
 5 24 24 2011 AUG 11 22:51:34  2081777996.106  77
 5 65 65 2011 AUG 12 06:45:50  2080375798.007   0
 5 25 25 2011 AUG 12 20:41:27  2077932672.984  77
 5 34 34 2011 AUG 12 22:53:08  2077552977.874   0
 5 63 63 2011 AUG 13 06:39:59  2076167139.267   0
 5 26 26 2011 AUG 13 20:23:37  2073730731.003  77
 5 43 43 2011 AUG 14 00:29:20  2073010554.558   0
 5 55 55 2011 AUG 14 06:07:35  2071994464.879   0
 5 15 15 2011 AUG 14 14:24:59  2070503466.284   0
 5 26 26 2011 AUG 14 21:55:53  2069165956.826  77
 5 63 63 2011 AUG 15 06:07:32  2067676618.848   0
 5 24 24 2011 AUG 15 13:58:42  2066251301.902  77
 5 26 26 2011 AUG 15 21:41:19  2064859609.057  77
 5 54 54 2011 AUG 16 05:44:11  2063385197.446   0
 5 26 26 2011 AUG 16 13:29:33  2061963007.323  77
 5 25 25 2011 AUG 16 21:29:38  2060498429.258  77
 5 25 25 2011 AUG 17 13:11:41  2057593047.483  77
 5 26 26 2011 AUG 17 21:03:01  2056134750.691  77
 5 55 55 2011 AUG 18 05:18:10  2054597613.319   0
 5 24 24 2011 AUG 18 18:52:38  2052040636.505  77
 5 15 15 2011 AUG 19 16:36:32  2047933182.085   0
 5 43 43 2011 AUG 19 20:51:10  2047152673.320   0
 5 55 55 2011 AUG 20 06:23:24  2045319833.759   0
 5 14 14 2011 AUG 20 14:20:10  2043797046.031   0
 5 43 43 2011 AUG 20 22:20:10  2042274333.699   0
 5 63 63 2011 AUG 21 04:15:42  2041137321.173   0
 5 14 14 2011 AUG 21 12:21:38  2039568802.620   0
 5 15 15 2011 AUG 21 17:59:38  2038457813.015   0
 5 34 34 2011 AUG 21 21:50:56  2037729742.654   0
 5 14 14 2011 AUG 22 13:50:55  2034597508.437   0
 5 26 26 2011 AUG 22 19:34:46  2033471566.348  77
 5 45 45 2011 AUG 23 01:42:09  2032287060.674   0
 5 26 26 2011 AUG 23 11:46:29  2030299728.789  77
 5 43 43 2011 AUG 24 01:15:50  2027624562.124   0
 5 55 55 2011 AUG 24 11:19:49  2025599203.649   0
 5 26 26 2011 AUG 24 19:23:04  2023989553.479  77
 5 26 26 2011 AUG 25 12:54:56  2020471544.670  77
 5 25 25 2011 AUG 25 20:54:49  2018853452.366  77
 5 26 26 2011 AUG 26 12:48:59  2015619186.539  77
 5 55 55 2011 AUG 28 08:19:16  2006641059.028   0
 5 24 24 2011 AUG 28 16:13:26  2004993112.113  77
 5 45 45 2011 AUG 28 23:55:47  2003401957.994   0
 5 24 24 2011 AUG 29 13:39:44  2000508916.240  77
 5 43 43 2011 AUG 29 19:53:04  1999216380.346   0
 5 24 24 2011 AUG 30 11:38:06  1995875274.312  77
 5 34 34 2011 AUG 30 21:16:14  1993820972.851   0
 5 26 26 2011 AUG 31 13:07:00  1990419893.437  77
 5 45 45 2011 AUG 31 20:58:18  1988740288.794   0
 5 54 54 2011 SEP 01 04:52:24  1987030078.538   0
 5 15 15 2011 SEP 01 14:42:07  1984887486.747   0
 5 34 34 2011 SEP 01 22:53:44  1983121044.900   0
 5 55 55 2011 SEP 02 06:30:24  1981450824.947   0
 5 34 34 2011 SEP 02 22:18:38  1978000091.190   0
 5 43 43 2011 SEP 03 02:15:39  1977141787.603   0
 5 54 54 2011 SEP 03 06:21:31  1976218358.676   0
 5 25 25 2011 SEP 03 20:05:26  1973186035.787  77
 5 63 63 2011 SEP 04 04:08:11  1971412041.643   0
 5 26 26 2011 SEP 04 17:45:58  1968351730.177  77
 5 54 54 2011 SEP 05 05:37:08  1965708642.176   0
 5 15 15 2011 SEP 05 21:25:27  1962158438.451   0
 5 55 55 2011 SEP 06 05:19:28  1960364513.430   0
 5 15 15 2011 SEP 06 13:25:19  1958523387.036   0
 5 43 43 2011 SEP 06 23:15:06  1956293649.287   0
 5 63 63 2011 SEP 07 05:10:35  1954937826.287   0
 5 24 24 2011 SEP 07 12:56:03  1953160246.246  77
 5 14 14 2011 SEP 07 20:58:54  1951317442.682   0
 5 54 54 2011 SEP 08 05:04:38  1949450743.306   0
 5 26 26 2011 SEP 08 12:52:42  1947646918.022  77
 5 55 55 2011 SEP 09 04:35:02  1944009072.518   0
 5 25 25 2011 SEP 09 12:29:15  1942164866.058  77
 5 45 45 2011 SEP 09 20:23:17  1940326835.328   0
 5 63 63 2011 SEP 10 04:26:11  1938436207.488   0
 5 26 26 2011 SEP 10 12:23:16  1936564124.789  77
 5 55 55 2011 SEP 11 03:59:50  1932885404.926   0
 5 26 26 2011 SEP 11 12:05:38  1930961509.658  77
 5 34 34 2011 SEP 11 19:48:00  1929137373.823   0
 5 63 63 2011 SEP 12 03:53:53  1927202643.103   0
 5 15 15 2011 SEP 12 19:41:43  1923405146.243   0
 5 54 54 2011 SEP 13 03:24:42  1921566328.614   0
 5 14 14 2011 SEP 13 13:16:55  1919167321.240   0
 5 25 25 2011 SEP 13 20:59:17  1917310798.727  77
 5 63 63 2011 SEP 14 03:18:46  1915784358.992   0
 5 25 25 2011 SEP 14 12:59:16  1913413344.016  77
 5 55 55 2011 SEP 15 04:35:54  1909602085.124   0
 5 26 26 2011 SEP 15 14:28:32  1907161232.495  77
 5 54 54 2011 SEP 16 04:29:17  1903719018.641   0
 5 26 26 2011 SEP 16 12:34:58  1901709671.274  77
 5 15 15 2011 SEP 17 17:55:31  1894379631.547   0
 5 14 14 2011 SEP 18 15:39:18  1888908864.149   0
 5 55 55 2011 SEP 19 03:44:44  1885871319.098   0
 5 14 14 2011 SEP 19 11:41:42  1883848277.180   0
 5 26 26 2011 SEP 19 21:13:58  1881418871.419  77
 5 63 63 2011 SEP 20 03:18:17  1879871496.307   0
 5 15 15 2011 SEP 20 11:24:02  1877792858.280   0
 5 14 14 2011 SEP 20 19:06:33  1875796749.408   0
 5 54 54 2011 SEP 21 04:59:09  1873257809.520   0
 5 26 26 2011 SEP 21 12:53:12  1871212045.332  77
 5 15 15 2011 SEP 22 12:35:31  1865050388.600   0
 5 34 34 2011 SEP 22 20:26:48  1863004864.607   0
 5 55 55 2011 SEP 23 04:26:39  1860904599.490   0
 5 26 26 2011 SEP 23 18:13:04  1857265586.410  77
 5 34 34 2011 SEP 23 20:11:40  1856762892.788   0
 5 54 54 2011 SEP 24 04:05:41  1854672477.822   0
 5 63 63 2011 SEP 25 03:53:47  1848347999.116   0
 5 43 43 2011 SEP 25 21:26:00  1843650176.348   0
 5 15 15 2011 SEP 26 11:33:10  1839853888.060   0
 5 65 65 2011 SEP 27 03:12:33  1835626063.404   0
 5 15 15 2011 SEP 27 15:15:01  1832328569.112   0
 5 55 55 2011 SEP 28 03:08:09  1829113678.945   0
 5 15 15 2011 SEP 28 14:51:28  1825878552.295   0
 5 63 63 2011 SEP 29 06:27:55  1821590641.255   0
 5 26 26 2011 SEP 29 16:20:32  1818857703.236  77
 5 26 26 2011 SEP 30 16:02:50  1812277719.678  77
 5 63 63 2011 OCT 01 03:54:00  1808990676.214   0
 5 25 25 2011 OCT 01 15:45:07  1805649395.143  77
 5 55 55 2011 OCT 02 05:34:44  1801770593.079   0
 5 26 26 2011 OCT 02 17:22:56  1798430325.327  77
 5 63 63 2011 OCT 03 03:18:11  1795643753.451   0
 5 24 24 2011 OCT 03 13:16:35  1792792998.573  77
 5 45 45 2011 OCT 03 19:06:16  1791152183.449   0
 5 54 54 2011 OCT 04 03:00:26  1788898120.723   0
 5 15 15 2011 OCT 04 14:51:33  1785480309.552   0
 5 43 43 2011 OCT 04 18:48:33  1784374376.309   0
 5 65 65 2011 OCT 05 04:47:03  1781493362.201   0
 5 24 24 2011 OCT 05 10:36:39  1779827810.074  77
 5 14 14 2011 OCT 05 16:38:10  1778062411.958   0
 5 63 63 2011 OCT 06 04:29:17  1774649180.117   0
 5 26 26 2011 OCT 06 12:34:57  1772296338.349  77
 5 65 65 2011 OCT 07 04:11:32  1767758215.882   0
 5 26 26 2011 OCT 07 14:09:56  1764829401.231  77
 5 14 14 2011 OCT 07 19:59:43  1763136031.064   0
 5 63 63 2011 OCT 08 05:52:19  1760227761.759   0
 5 25 25 2011 OCT 08 15:44:35  1757314991.464  77
 5 14 14 2011 OCT 08 19:47:29  1756137030.056   0
 5 63 63 2011 OCT 09 05:34:14  1753240880.497   0
 5 26 26 2011 OCT 09 11:41:25  1751437379.372  77
 5 63 63 2011 OCT 10 03:29:36  1746748598.135   0
 5 26 26 2011 OCT 10 19:00:21  1742109046.215  77
 5 63 63 2011 OCT 11 03:11:52  1739671279.385   0
 5 26 26 2011 OCT 11 12:55:43  1736735683.491  77
 5 14 14 2011 OCT 11 18:48:26  1734969014.073   0
 5 63 63 2011 OCT 12 04:46:49  1731967290.078   0
 5 45 45 2011 OCT 12 18:39:27  1727785832.201   0
 5 63 63 2011 OCT 13 06:24:20  1724199394.315   0
 5 26 26 2011 OCT 13 12:25:59  1722373229.851  77
 5 54 54 2011 OCT 14 04:16:41  1717544966.530   0
 5 26 26 2011 OCT 14 18:06:21  1713300424.878  77
 5 54 54 2011 OCT 15 03:50:12  1710323977.540   0
 5 26 26 2011 OCT 15 11:35:37  1707933358.664  77
 5 14 14 2011 OCT 15 13:45:47  1707251304.765   0
 5 65 65 2011 OCT 16 03:41:13  1702964848.694   0
 5 26 26 2011 OCT 16 19:11:52  1698146248.021  77
 5 34 34 2011 OCT 17 01:16:15  1696270042.174   0
 5 63 63 2011 OCT 17 03:23:30  1695605276.003   0
 5 26 26 2011 OCT 17 11:17:35  1693138100.252  77
 5 43 43 2011 OCT 17 18:59:55  1690734450.952   0
 5 63 63 2011 OCT 18 03:05:45  1688199635.861   0
 5 26 26 2011 OCT 18 10:59:49  1685717184.632  77
 5 65 65 2011 OCT 19 02:49:26  1680740083.382   0
 5 25 25 2011 OCT 19 12:23:05  1677705128.708  77
 5 43 43 2011 OCT 19 18:24:24  1675815178.153   0
 5 26 26 2011 OCT 19 20:22:53  1675186065.919  77
 5 55 55 2011 OCT 20 04:22:53  1672639852.836   0
 5 25 25 2011 OCT 20 12:16:56  1670125389.448  77
 5 65 65 2011 OCT 21 03:58:57  1665125617.614   0
 5 25 25 2011 OCT 21 13:42:46  1661999879.789  77
 5 55 55 2011 OCT 22 03:41:10  1657532466.611   0
 5 26 26 2011 OCT 22 15:29:21  1653714510.697  77
 5 55 55 2011 OCT 23 03:29:12  1649861838.272   0
 5 26 26 2011 OCT 23 15:26:06  1645972896.130  77
 5 55 55 2011 OCT 24 03:11:22  1642178331.169   0
 5 15 15 2011 OCT 24 16:52:14  1637701959.452   0
 5 63 63 2011 OCT 25 02:53:33  1634450204.804   0
 5 26 26 2011 OCT 25 10:47:30  1631861184.361  77
 5 43 43 2011 OCT 25 22:32:45  1627997106.316   0
 5 63 63 2011 OCT 26 02:35:41  1626678452.035   0
 5 24 24 2011 OCT 26 10:32:37  1624058218.844  77
 5 15 15 2011 OCT 26 14:32:33  1622717488.208   0
 5 63 63 2011 OCT 27 04:01:47  1618277165.645   0
 5 26 26 2011 OCT 27 14:14:42  1614879351.716  77
 5 26 26 2011 OCT 28 15:40:47  1606419984.972  77
 5 55 55 2011 OCT 29 03:28:37  1602499771.128   0
 5 26 26 2011 OCT 29 15:31:21  1598448135.407  77
 5 55 55 2011 OCT 30 05:26:48  1593780588.162   0
 5 25 25 2011 OCT 30 15:07:39  1590515727.106  77
 5 45 45 2011 OCT 30 20:57:27  1588563548.644   0
 5 63 63 2011 OCT 31 04:51:25  1585893728.830   0
 5 25 25 2011 OCT 31 14:41:02  1582561012.641  77
 5 54 54 2011 NOV 01 02:35:01  1578552993.690   0
 5 15 15 2011 NOV 01 14:37:45  1574435512.795   0
 5 26 26 2011 NOV 02 12:21:26  1567036850.064  77
 5 45 45 2011 NOV 02 18:05:13  1565094075.105   0
 5 54 54 2011 NOV 03 06:02:07  1560982913.654   0
 5 14 14 2011 NOV 03 11:57:45  1558956610.267   0
 5 26 26 2011 NOV 03 15:51:47  1557607391.744  77
 5 54 54 2011 NOV 04 03:45:46  1553531136.811   0
 5 65 65 2011 NOV 04 07:42:47  1552156493.717   0
 5 15 15 2011 NOV 04 13:38:22  1550114675.006   0
 5 65 65 2011 NOV 05 03:39:35  1545287283.645   0
 5 26 26 2011 NOV 05 15:19:00  1541235979.351  77
 5 45 45 2011 NOV 05 21:14:30  1539193534.003   0
 5 65 65 2011 NOV 06 03:10:06  1537144335.090   0
 5 26 26 2011 NOV 06 13:08:29  1533661968.631  77
 5 63 63 2011 NOV 07 02:52:15  1528897282.892   0
 5 26 26 2011 NOV 07 12:44:48  1525433577.378  77
 5 43 43 2011 NOV 07 18:48:40  1523326208.502   0
 5 54 54 2011 NOV 08 02:36:59  1520599553.982   0
 5 14 14 2011 NOV 08 10:39:41  1517775269.926   0
 5 43 43 2011 NOV 08 18:16:14  1515106430.889   0
 5 55 55 2011 NOV 09 08:05:48  1510225536.032   0
 5 26 26 2011 NOV 09 14:07:16  1508102002.518  77
 5 55 55 2011 NOV 10 02:01:54  1503926900.711   0
 5 26 26 2011 NOV 10 11:50:55  1500439257.062  77
 5 54 54 2011 NOV 11 03:39:05  1494846425.793   0
 5 25 25 2011 NOV 11 17:22:52  1489962700.390  77
 5 63 63 2011 NOV 12 03:21:14  1486423864.111   0
 5 55 55 2011 NOV 12 07:18:16  1485001032.436   0
 5 15 15 2011 NOV 12 15:23:59  1482113100.862   0
 5 65 65 2011 NOV 13 03:03:23  1477968086.891   0
 5 26 26 2011 NOV 13 15:06:09  1473638218.003  77
 5 63 63 2011 NOV 14 06:33:52  1468094350.194   0
 5 26 26 2011 NOV 14 10:51:14  1466567338.730  77
 5 43 43 2011 NOV 14 18:33:42  1463797009.287   0
 5 26 26 2011 NOV 15 14:10:03  1456714566.175  77
 5 65 65 2011 NOV 16 02:09:52  1452405270.246   0
 5 26 26 2011 NOV 16 14:03:51  1448073584.087  77
 5 43 43 2011 NOV 16 17:58:03  1446678826.657   0
 5 65 65 2011 NOV 17 01:55:54  1443796772.316   0
 5 14 14 2011 NOV 17 13:48:57  1439453828.388   0
 5 15 15 2011 NOV 18 13:31:09  1430821082.305   0
 5 63 63 2011 NOV 19 05:13:27  1425088248.086   0
 5 25 25 2011 NOV 19 13:13:22  1422158318.943  77
 5 63 63 2011 NOV 20 05:01:27  1416370584.192   0
 5 26 26 2011 NOV 20 14:48:13  1412773943.245  77
 5 55 55 2011 NOV 21 04:49:09  1407625843.872   0
 5 25 25 2011 NOV 21 14:30:07  1404052356.480  77
 5 54 54 2011 NOV 22 04:16:45  1398978523.924   0
 5 26 26 2011 NOV 22 14:12:18  1395301782.130  77
 5 55 55 2011 NOV 23 03:53:07  1390250384.500   0
 5 15 15 2011 NOV 23 13:54:32  1386524768.626   0
 5 65 65 2011 NOV 24 03:38:14  1381441928.174   0
 5 25 25 2011 NOV 24 13:30:51  1377759606.547  77
 5 63 63 2011 NOV 25 03:26:17  1372590546.428   0
 5 65 65 2011 NOV 25 05:24:44  1371845595.912   0
 5 15 15 2011 NOV 25 13:30:32  1368825053.595   0
 5 14 14 2011 NOV 26 13:00:59  1360050738.096   0
 5 43 43 2011 NOV 26 20:46:13  1357158815.848   0
 5 65 65 2011 NOV 27 06:47:32  1353400896.508   0
 5 25 25 2011 NOV 27 10:44:35  1351933163.164  77
 5 43 43 2011 NOV 27 18:38:38  1348972407.327   0
 5 63 63 2011 NOV 28 02:41:31  1345959541.878   0
 5 25 25 2011 NOV 28 12:19:24  1342331448.158  77
 5 43 43 2011 NOV 29 17:57:08  1331205675.268   0
 5 26 26 2011 NOV 30 11:49:28  1324464809.471  77
 5 63 63 2011 DEC 01 03:49:20  1318435562.171   0
 5 14 14 2011 DEC 01 11:31:37  1315525099.419   0
 5 65 65 2011 DEC 02 03:31:26  1309485969.329   0
 5 26 26 2011 DEC 02 13:15:09  1305797049.407  77
 5 54 54 2011 DEC 03 03:10:37  1300540848.286   0
 5 25 25 2011 DEC 03 11:04:37  1297545969.528  77
 5 43 43 2011 DEC 03 19:01:39  1294534535.288   0
 5 26 26 2011 DEC 04 16:24:46  1286422954.163  77
 5 54 54 2011 DEC 05 02:37:44  1282555930.211   0
 5 14 14 2011 DEC 05 10:31:49  1279552406.100   0
 5 45 45 2011 DEC 05 16:15:38  1277388064.120   0
 5 65 65 2011 DEC 06 04:06:42  1272867733.493   0
 5 14 14 2011 DEC 06 11:57:49  1269879868.701   0
 5 25 25 2011 DEC 06 16:09:24  1268286964.360  77
 5 65 65 2011 DEC 07 03:40:04  1263912079.213   0
 5 14 14 2011 DEC 07 09:56:06  1261534425.982   0
 5 26 26 2011 DEC 07 15:39:51  1259340969.132  77
 5 43 43 2011 DEC 07 17:50:04  1258524854.259   0
 5 15 15 2011 DEC 08 09:38:06  1252512710.445   0
 5 14 14 2011 DEC 09 09:20:14  1243482377.222   0
 5 34 34 2011 DEC 09 17:11:15  1240485270.358   0
 5 14 14 2011 DEC 10 09:02:20  1234445505.490   0
 5 25 25 2011 DEC 10 16:44:39  1231492921.989  77
 5 14 14 2011 DEC 11 10:25:31  1224746556.198   0
 5 26 26 2011 DEC 11 14:40:00  1223116656.411  77
 5 26 26 2011 DEC 12 10:25:08  1215584937.286  77
 5 34 34 2011 DEC 12 16:08:58  1213407385.426   0
 5 55 55 2011 DEC 13 05:58:31  1208105329.515   0
 5 14 14 2011 DEC 14 09:37:46  1197554306.228   0
 5 34 34 2011 DEC 14 17:25:59  1194569264.564   0
 5 54 54 2011 DEC 15 01:28:51  1191502357.584   0
 5 25 25 2011 DEC 15 11:30:24  1187653675.111  77
 5 63 63 2011 DEC 16 01:08:06  1182465562.210   0
 5 15 15 2011 DEC 16 12:59:11  1177912761.721   0
 5 34 34 2011 DEC 16 16:56:12  1176418810.564   0
 5 15 15 2011 DEC 17 08:47:11  1170369985.476   0
 5 25 25 2011 DEC 17 14:39:56  1168103349.623  77
 5 54 54 2011 DEC 18 04:29:32  1162824443.652   0
 5 15 15 2011 DEC 18 12:23:31  1159804905.937   0
 5 65 65 2011 DEC 19 04:11:43  1153775291.850   0
 5 15 15 2011 DEC 19 12:05:42  1150757333.724   0
 5 43 43 2011 DEC 19 18:12:54  1148429118.107   0
 5 14 14 2011 DEC 20 11:44:57  1141735167.188   0
 5 45 45 2011 DEC 20 15:45:00  1140229255.248   0
 5 65 65 2011 DEC 21 03:47:44  1135621932.357   0
 5 43 43 2011 DEC 21 17:37:09  1130360796.450   0
 5 65 65 2011 DEC 22 01:31:05  1127362449.955   0
 5 15 15 2011 DEC 22 11:23:57  1123586782.851   0
 5 65 65 2011 DEC 23 03:12:05  1117582736.803   0
 5 14 14 2011 DEC 23 12:58:47  1113859392.281   0
 5 65 65 2011 DEC 24 02:54:16  1108583058.578   0
 5 15 15 2011 DEC 24 12:35:09  1104901816.210   0
 5 26 26 2011 DEC 25 14:24:34  1095123730.528  77
 5 55 55 2011 DEC 26 05:55:13  1089260399.585   0
 5 15 15 2011 DEC 26 10:09:49  1087664988.853   0
 5 65 65 2011 DEC 27 01:49:06  1081765380.760   0
 5 54 54 2011 DEC 27 03:50:29  1080992092.565   0
 5 24 24 2011 DEC 27 09:51:58  1078728218.917  77
 5 34 34 2011 DEC 27 17:34:17  1075825875.606   0
 5 63 63 2011 DEC 28 01:42:55  1072769635.576   0
 5 26 26 2011 DEC 28 09:37:00  1069796724.835  77
 5 43 43 2011 DEC 28 17:16:23  1066920459.056   0
 5 65 65 2011 DEC 29 05:01:36  1062505450.294   0
 5 26 26 2011 DEC 29 11:06:00  1060232440.033  77
 5 45 45 2011 DEC 29 17:13:06  1057949313.112   0
 5 55 55 2011 DEC 30 02:56:58  1054309679.988   0
 5 25 25 2011 DEC 30 10:45:12  1051393040.335  77
 5 43 43 2011 DEC 30 18:39:09  1048448268.635   0
 5 55 55 2011 DEC 31 04:37:35  1044730059.643   0
 5 26 26 2011 DEC 31 10:21:29  1042602123.980  77
 5 34 34 2011 DEC 31 18:24:12  1039612007.066   0
 5 54 54 2012 JAN 01 04:19:44  1035925579.866   0
 5 26 26 2012 JAN 01 08:28:24  1034405812.033  77
 5 65 65 2012 JAN 02 03:50:13  1027227370.048   0
 5 14 14 2012 JAN 02 10:03:13  1024936559.548   0
 5 43 43 2012 JAN 02 17:54:21  1022040762.854   0
 5 65 65 2012 JAN 03 03:44:03  1018420450.083   0
 5 26 26 2012 JAN 03 11:26:23  1015586343.215  77
 5 34 34 2012 JAN 03 17:33:36  1013346097.065   0
 5 25 25 2012 JAN 04 11:17:16  1006849168.748  77
 5 55 55 2012 JAN 05 03:08:21  1001068205.493   0
 5 25 25 2012 JAN 05 13:08:14   997423915.725  77
 5 63 63 2012 JAN 06 02:51:17   992449972.772   0
 5 65 65 2012 JAN 06 06:47:29   991022390.152   0
 5 25 25 2012 JAN 06 10:32:48   989661341.843  77
 5 43 43 2012 JAN 06 14:35:43   988216214.392   0
 5 55 55 2012 JAN 07 04:38:27   983124276.678   0
 5 65 65 2012 JAN 07 06:29:40   982459059.944   0
 5 26 26 2012 JAN 07 14:20:46   979632723.245  77
 5 55 55 2012 JAN 08 00:27:52   976015217.644   0
 5 25 25 2012 JAN 08 12:14:29   971775634.142  77
 5 14 14 2012 JAN 09 09:50:59   964074554.594   0
 5 43 43 2012 JAN 09 15:46:33   961975312.270   0
 5 65 65 2012 JAN 10 05:37:47   957052858.869   0
 5 25 25 2012 JAN 10 09:36:08   955652949.874  77
 5 43 43 2012 JAN 10 15:40:23   953515296.074   0
 5 15 15 2012 JAN 11 13:00:41   945994940.853   0
 5 14 14 2012 JAN 12 08:52:49   939057596.694   0
 5 15 15 2012 JAN 12 12:52:40   937653699.115   0
 5 55 55 2012 JAN 13 02:53:04   932791048.989   0
 5 14 14 2012 JAN 13 10:47:12   930051554.719   0
 5 43 43 2012 JAN 13 16:20:20   928140900.840   0
 5 14 14 2012 JAN 14 12:20:11   921250801.356   0
 5 54 54 2012 JAN 15 04:02:28   915882053.356   0
 5 26 26 2012 JAN 15 13:54:48   912523519.602  77
 5 55 55 2012 JAN 16 05:45:52   907151888.956   0
 5 14 14 2012 JAN 16 11:35:41   905180327.261   0
 5 43 43 2012 JAN 16 15:35:34   903845998.534   0
 5 14 14 2012 JAN 17 07:32:30   898501417.650   0
 5 45 45 2012 JAN 17 15:23:42   895872458.307   0
 5 65 65 2012 JAN 17 23:25:28   893210942.634   0
 5 26 26 2012 JAN 18 11:14:51   889267066.244  77
 5 63 63 2012 JAN 19 01:09:22   884692923.316   0
 5 26 26 2012 JAN 19 11:00:03   881452876.916  77
 5 45 45 2012 JAN 19 14:51:15   880208305.645   0
 5 65 65 2012 JAN 20 02:45:20   876319087.220   0
 5 15 15 2012 JAN 20 10:42:20   873737945.855   0
 5 54 54 2012 JAN 21 02:36:24   868614141.392   0
 5 15 15 2012 JAN 21 10:24:35   866110006.176   0
 5 34 34 2012 JAN 21 14:18:47   864879601.213   0
 5 55 55 2012 JAN 22 02:09:57   861093294.674   0
 5 14 14 2012 JAN 22 09:52:17   858650201.008   0
 5 24 24 2012 JAN 22 12:03:13   857958070.355  77
 5 34 34 2012 JAN 22 14:04:00   857342646.724   0
 5 63 63 2012 JAN 23 01:40:33   853680293.417   0
 5 54 54 2012 JAN 23 05:48:57   852382574.687   0
 5 24 24 2012 JAN 23 09:49:08   851129581.702  77
 5 34 34 2012 JAN 23 17:28:44   848747155.867   0
 5 54 54 2012 JAN 24 03:27:13   845654490.910   0
 5 14 14 2012 JAN 24 09:37:17   843754402.333   0
 5 45 45 2012 JAN 24 17:19:48   841389295.622   0
 5 55 55 2012 JAN 25 03:09:29   838384729.234   0
 5 25 25 2012 JAN 25 10:51:30   836043233.479  77
 5 34 34 2012 JAN 25 16:50:06   834240914.585   0
 5 55 55 2012 JAN 26 02:45:35   831250931.646   0
 5 25 25 2012 JAN 26 10:45:28   828854687.631  77
 5 65 65 2012 JAN 27 00:46:48   824699349.536   0
 5 25 25 2012 JAN 27 10:21:55   821863988.002  77
 5 34 34 2012 JAN 27 16:17:35   820132117.270   0
 5 63 63 2012 JAN 28 02:30:34   817150180.774   0
 5 25 25 2012 JAN 28 10:21:45   814872699.717  77
 5 45 45 2012 JAN 28 16:14:26   813184585.298   0
 5 54 54 2012 JAN 29 02:04:04   810365809.471   0
 5 24 24 2012 JAN 29 09:58:14   808112883.516  77
 5 45 45 2012 JAN 29 16:03:37   806394166.485   0
 5 65 65 2012 JAN 30 03:51:03   803073099.150   0
 5 55 55 2012 JAN 30 07:36:11   802041219.719   0
 5 24 24 2012 JAN 30 11:35:46   800909766.774  77
 5 34 34 2012 JAN 30 19:33:04   798714686.418   0
 5 54 54 2012 JAN 31 03:23:56   796542274.879   0
 5 26 26 2012 JAN 31 07:32:43   795415755.735  77
 5 43 43 2012 JAN 31 15:20:53   793283541.163   0
 5 65 65 2012 FEB 01 03:09:07   790082244.721   0
 5 25 25 2012 FEB 01 10:45:49   788037806.915  77
 5 45 45 2012 FEB 01 16:38:24   786476084.821   0
 5 65 65 2012 FEB 02 04:50:44   783245537.186   0
 5 15 15 2012 FEB 02 10:40:34   781710736.562   0
 5 34 34 2012 FEB 02 16:24:23   780220946.652   0
 5 65 65 2012 FEB 03 04:33:01   777075533.244   0
 5 24 24 2012 FEB 03 10:35:21   775521916.397  77
 5 43 43 2012 FEB 03 14:37:22   774503687.289   0
 5 63 63 2012 FEB 04 03:54:54   771129218.533   0
 5 14 14 2012 FEB 04 08:15:20   770043593.481   0
 5 15 15 2012 FEB 04 14:05:06   768595398.523   0
 5 45 45 2012 FEB 04 20:06:30   767104843.496   0
 5 45 45 2012 FEB 05 19:51:36   761301717.490   0
 5 65 65 2012 FEB 06 07:30:48   758515191.176   0
 5 14 14 2012 FEB 06 11:42:32   757498277.794   0
 5 15 15 2012 FEB 07 12:56:47   751610445.082   0
 5 45 45 2012 FEB 07 19:15:35   750169676.800   0
 5 25 25 2012 FEB 08 11:09:41   746561070.464  77
 5 63 63 2012 FEB 08 22:43:21   744008838.569   0
 5 55 55 2012 FEB 09 06:28:40   742304699.547   0
 5 26 26 2012 FEB 09 10:51:58   741333275.110  77
 5 55 55 2012 FEB 10 06:13:34   737198617.982   0
 5 25 25 2012 FEB 10 12:00:25   735969907.180  77
 5 45 45 2012 FEB 10 16:22:24   735058823.980   0
 5 55 55 2012 FEB 11 05:53:01   732276308.438   0
 5 26 26 2012 FEB 11 10:19:10   731359042.846  77
 5 63 63 2012 FEB 11 23:51:25   728646258.287   0
 5 14 14 2012 FEB 12 07:56:52   727041651.261   0
 5 43 43 2012 FEB 12 15:41:10   725532128.846   0
 5 63 63 2012 FEB 12 21:47:14   724369593.383   0
 5 26 26 2012 FEB 13 07:45:05   722452272.299  77
 5 34 34 2012 FEB 13 13:23:07   721401801.344   0
 5 55 55 2012 FEB 13 23:27:24   719526877.820   0
 5 25 25 2012 FEB 14 07:27:06   718061010.350  77
 5 43 43 2012 FEB 14 16:53:31   716362729.212   0
 5 55 55 2012 FEB 14 21:10:51   715619182.685   0
 5 24 24 2012 FEB 15 06:49:05   713911048.189  77
 5 43 43 2012 FEB 15 12:56:14   712860554.042   0
 5 55 55 2012 FEB 15 22:39:49   711201716.823   0
 5 24 24 2012 FEB 16 08:15:03   709587874.362  77
 5 43 43 2012 FEB 16 16:29:34   708240714.022   0
 5 54 54 2012 FEB 17 02:27:22   706631707.926   0
 5 26 26 2012 FEB 17 08:05:52   705739063.533  77
 5 34 34 2012 FEB 17 14:24:42   704759231.249   0
 5 54 54 2012 FEB 18 01:58:22   702981105.150   0
 5 43 43 2012 FEB 18 14:07:04   701179218.520   0
 5 54 54 2012 FEB 19 03:41:54   699211820.399   0
 5 25 25 2012 FEB 19 07:47:47   698629984.022  77
 5 45 45 2012 FEB 19 15:27:13   697567554.426   0
 5 55 55 2012 FEB 19 21:37:30   696735341.372   0
 5 24 24 2012 FEB 20 07:32:42   695390758.550  77
 5 34 34 2012 FEB 20 15:36:44   694340071.675   0
 5 54 54 2012 FEB 20 21:19:32   693621388.585   0
 5 25 25 2012 FEB 21 07:03:24   692385545.630  77
 5 34 34 2012 FEB 21 15:05:53   691405586.160   0
 5 65 65 2012 FEB 22 02:48:18   690014015.059   0
 5 14 14 2012 FEB 22 06:30:49   689589589.483   0
 5 34 34 2012 FEB 22 16:20:10   688478985.869   0
 5 55 55 2012 FEB 22 20:46:13   688004451.192   0
 5 15 15 2012 FEB 23 08:08:29   686758503.435   0
 5 45 45 2012 FEB 23 16:16:47   685920832.865   0
 5 26 26 2012 FEB 24 06:18:09   684521714.900  77
 5 34 34 2012 FEB 24 14:26:54   683744022.108   0
 5 26 26 2012 FEB 25 06:03:04   682324405.455  77
 5 34 34 2012 FEB 25 16:04:32   681460998.516   0
 5 55 55 2012 FEB 25 21:24:45   681025070.051   0
 5 15 15 2012 FEB 26 07:20:15   680213766.319   0
 5 43 43 2012 FEB 26 11:34:54   679903288.737   0
 5 34 34 2012 FEB 26 15:37:48   679583136.933   0
 5 54 54 2012 FEB 27 01:30:07   678853223.962   0
 5 25 25 2012 FEB 27 07:05:10   678461781.934  77
 5 34 34 2012 FEB 27 15:22:42   677906504.942   0
 5 54 54 2012 FEB 28 01:26:40   677255204.332   0
 5 24 24 2012 FEB 28 11:10:31   676674845.342  77
 5 34 34 2012 FEB 28 15:16:02   676440276.742   0
 5 65 65 2012 FEB 29 02:38:03   675816464.376   0
 5 25 25 2012 FEB 29 11:01:14   675393909.931  77
 5 45 45 2012 FEB 29 16:33:12   675133309.295   0
 5 54 54 2012 MAR 01 03:42:52   674631772.601   0
 5 14 14 2012 MAR 01 06:19:13   674517352.198   0
 5 24 24 2012 MAR 01 10:32:39   674345464.072  77
 5 34 34 2012 MAR 01 16:05:48   674135588.170   0
 5 55 55 2012 MAR 02 03:42:05   673723359.580   0
 5 25 25 2012 MAR 02 11:27:06   673478232.589  77
 5 54 54 2012 MAR 03 05:04:39   673015960.767   0
 5 25 25 2012 MAR 03 09:36:29   672896285.530  77
 5 55 55 2012 MAR 04 05:00:51   672569505.334   0
 5 43 43 2012 MAR 04 11:13:37   672489638.294   0
 5 55 55 2012 MAR 04 21:40:56   672380223.118   0
 5 26 26 2012 MAR 05 07:33:19   672314615.181  77
 5 65 65 2012 MAR 06 04:09:16   672335789.988   0
 5 25 25 2012 MAR 06 06:31:05   672333968.620  77
 5 43 43 2012 MAR 06 16:49:34   672422338.145   0
 5 26 26 2012 MAR 07 05:55:01   672562901.104  77
 5 43 43 2012 MAR 07 12:01:54   672666751.542   0
 5 63 63 2012 MAR 07 20:13:18   672819284.719   0
 5 65 65 2012 MAR 08 04:27:13   672994864.557   0
 5 26 26 2012 MAR 08 10:37:24   673133291.356  77
 5 55 55 2012 MAR 09 02:24:19   673576254.324   0
 5 26 26 2012 MAR 09 05:49:42   673682500.419  77
 5 43 43 2012 MAR 09 13:43:23   673956499.402   0
 5 15 15 2012 MAR 10 06:51:29   674611757.655   0
 5 26 26 2012 MAR 10 11:37:54   674833217.151  77
 5 43 43 2012 MAR 10 16:09:20   675033378.406   0
 5 26 26 2012 MAR 11 05:35:17   675667121.430  77
 5 45 45 2012 MAR 11 11:30:40   675984217.784   0
 5 63 63 2012 MAR 11 22:46:07   676589601.711   0
 5 55 55 2012 MAR 12 03:04:47   676847332.542   0
 5 26 26 2012 MAR 12 04:52:53   676948907.636  77
 5 45 45 2012 MAR 12 12:37:52   677422847.513   0
 5 54 54 2012 MAR 12 22:00:39   678016140.290   0
 5 55 55 2012 MAR 13 03:13:09   678370752.384   0
 5 43 43 2012 MAR 13 13:53:25   679108846.783   0
 5 65 65 2012 MAR 13 22:19:02   679717955.955   0
 5 45 45 2012 MAR 14 11:52:39   680771318.444   0
 5 63 63 2012 MAR 15 01:14:02   681856717.647   0
 5 34 34 2012 MAR 15 11:46:08   682774069.869   0
 5 15 15 2012 MAR 16 05:24:04   684374004.552   0
 5 45 45 2012 MAR 16 11:49:55   684998208.277   0
 5 24 24 2012 MAR 17 04:06:36   686616466.345  77
 5 34 34 2012 MAR 17 13:17:52   687573973.370   0
 5 55 55 2012 MAR 17 23:10:54   688627496.321   0
 5 65 65 2012 MAR 18 02:33:44   689008719.681   0
 5 43 43 2012 MAR 18 14:21:17   690334087.123   0
 5 25 25 2012 MAR 19 03:16:42   691843113.169  77
 5 26 26 2012 MAR 19 06:41:38   692237442.820  77
 5 45 45 2012 MAR 19 14:30:53   693199178.009   0
 5 55 55 2012 MAR 20 01:16:05   694530973.562   0
 5 45 45 2012 MAR 20 14:12:18   696198859.387   0
 5 63 63 2012 MAR 20 22:32:12   697288407.047   0
 5 24 24 2012 MAR 21 02:43:27   697864126.894  77
 5 34 34 2012 MAR 21 13:01:49   699264241.076   0
 5 55 55 2012 MAR 22 02:44:46   701193850.585   0
 5 34 34 2012 MAR 22 14:03:20   702823631.435   0
 5 63 63 2012 MAR 23 01:51:29   704568809.982   0
 5 24 24 2012 MAR 23 06:44:11   705293755.493  77
 5 45 45 2012 MAR 23 12:47:46   706227732.849   0
 5 63 63 2012 MAR 24 01:29:03   708196305.267   0
 5 15 15 2012 MAR 24 10:00:19   709553147.870   0
 5 63 63 2012 MAR 24 21:17:51   711367854.945   0
 5 26 26 2012 MAR 25 06:17:41   712845203.691  77
 5 65 65 2012 MAR 26 00:02:30   715841499.934   0
 5 24 24 2012 MAR 26 08:16:42   717263384.744  77
 5 54 54 2012 MAR 26 19:45:54   719282745.375   0
 5 65 65 2012 MAR 27 01:08:25   720235926.544   0
 5 43 43 2012 MAR 27 13:22:37   722445339.665   0
 5 55 55 2012 MAR 27 23:47:48   724347923.823   0
 5 25 25 2012 MAR 28 06:35:35   725607955.458  77
 5 63 63 2012 MAR 29 00:23:59   728981937.801   0
 5 24 24 2012 MAR 29 09:39:22   730776123.417  77
 5 63 63 2012 MAR 29 18:18:26   732468845.977   0
 5 15 15 2012 MAR 30 04:09:25   734400991.263   0
 5 34 34 2012 MAR 30 15:22:01   736666149.857   0
 5 54 54 2012 MAR 31 03:18:58   739098985.896   0
 5 15 15 2012 MAR 31 06:49:30   739795690.011   0
 5 34 34 2012 MAR 31 13:43:27   741234095.091   0
 5 65 65 2012 APR 01 00:41:27   743518283.478   0
 5 14 14 2012 APR 01 07:29:29   744949134.223   0
 5 55 55 2012 APR 01 23:02:48   748272807.522   0
 5 25 25 2012 APR 02 09:00:55   750443672.322  77
 5 34 34 2012 APR 02 14:53:07   751735530.480   0
 5 63 63 2012 APR 02 18:26:55   752513090.622   0
 5 54 54 2012 APR 03 02:12:02   754229647.050   0
 5 45 45 2012 APR 03 14:26:10   756962655.792   0
 5 63 63 2012 APR 03 19:43:45   758144122.405   0
 5 43 43 2012 APR 04 11:40:09   761777172.124   0
 5 63 63 2012 APR 04 18:13:35   763291058.749   0
 5 15 15 2012 APR 05 01:58:45   765084952.405   0
 5 45 45 2012 APR 05 12:00:02   767424002.541   0
 5 55 55 2012 APR 05 17:46:31   768790031.189   0
 5 15 15 2012 APR 06 02:03:59   770746777.078   0
 5 43 43 2012 APR 06 12:56:31   773344223.235   0
 5 65 65 2012 APR 06 20:47:16   775222314.165   0
 5 14 14 2012 APR 07 03:29:37   776847140.906   0
 5 34 34 2012 APR 07 11:11:41   778730362.115   0
 5 55 55 2012 APR 07 22:30:23   781498184.782   0
 5 14 14 2012 APR 08 04:59:28   783099211.929   0
 5 43 43 2012 APR 08 09:19:29   784191304.498   0
 5 65 65 2012 APR 08 20:57:38   787083835.643   0
 5 45 45 2012 APR 09 10:52:49   790603867.773   0
 5 63 63 2012 APR 09 18:11:41   792465482.602   0
 5 15 15 2012 APR 10 06:14:13   795536232.223   0
 5 34 34 2012 APR 10 10:34:30   796663303.047   0
 5 65 65 2012 APR 10 20:03:53   799110879.912   0
 5 15 15 2012 APR 11 04:09:20   801213834.483   0
 5 54 54 2012 APR 11 22:13:14   805958700.847   0
 5 15 15 2012 APR 12 07:07:36   808321128.576   0
 5 34 34 2012 APR 12 13:34:53   810051244.871   0
 5 63 63 2012 APR 12 21:41:37   812205211.608   0
 5 25 25 2012 APR 13 01:23:09   813207930.526  77
 5 24 24 2012 APR 13 05:49:26   814389721.635  77
 5 15 15 2012 APR 13 09:17:00   815341911.493   0
 5 63 63 2012 APR 13 21:34:26   818654181.587   0
 5 24 24 2012 APR 14 07:00:32   821231159.319  77
 5 54 54 2012 APR 14 21:04:50   825091142.641   0
 5 15 15 2012 APR 15 04:41:04   827190074.291   0
 5 34 34 2012 APR 15 10:39:39   828858076.804   0
 5 24 24 2012 APR 16 04:40:36   833874751.690  77
 5 45 45 2012 APR 16 10:16:14   835456771.053   0
 5 65 65 2012 APR 16 19:51:02   838149386.935   0
 5 14 14 2012 APR 17 02:39:31   840077465.829   0
 5 25 25 2012 APR 17 06:06:38   841055041.622  77
 5 43 43 2012 APR 17 10:06:41   842201318.646   0
 5 55 55 2012 APR 17 21:54:37   845559341.113   0
 5 34 34 2012 APR 18 10:12:05   849095620.626   0
 5 63 63 2012 APR 18 21:13:42   852267873.024   0
 5 24 24 2012 APR 19 05:59:55   854810555.030  77
 5 45 45 2012 APR 19 11:06:01   856301777.401   0
 5 63 63 2012 APR 19 23:05:58   859798560.120   0
 5 15 15 2012 APR 20 05:34:07   861688426.253   0
 5 54 54 2012 APR 21 00:55:20   867403491.891   0
 5 24 24 2012 APR 21 05:06:53   868626729.600  77
 5 43 43 2012 APR 21 10:59:38   870379456.094   0
 5 55 55 2012 APR 22 00:16:58   874336105.720   0
 5 34 34 2012 APR 22 12:08:11   877878629.547   0
 5 63 63 2012 APR 22 20:43:04   880441551.273   0
 5 45 45 2012 APR 23 10:44:09   884672497.441   0
 5 63 63 2012 APR 23 23:41:27   888592779.402   0
 5 43 43 2012 APR 24 09:54:28   891695873.329   0
 5 63 63 2012 APR 24 23:41:00   895896374.492   0
 5 14 14 2012 APR 25 03:46:51   897138231.727   0
 5 45 45 2012 APR 25 11:38:00   899555152.775   0
 5 54 54 2012 APR 25 23:29:12   903194703.405   0
 5 24 24 2012 APR 26 07:52:46   905785546.791  77
 5 65 65 2012 APR 26 23:40:26   910664395.234   0
 5 15 15 2012 APR 27 05:13:42   912376346.048   0
 5 24 24 2012 APR 27 09:00:59   913575638.649  77
 5 54 54 2012 APR 28 00:43:27   918458013.379   0
 5 26 26 2012 APR 28 06:44:35   920325446.779  77
 5 14 14 2012 APR 28 08:37:13   920925481.278   0
 5 34 34 2012 APR 28 14:12:28   922676900.110   0
 5 55 55 2012 APR 28 22:26:56   925236878.571   0
 5 14 14 2012 APR 29 06:12:26   927670958.128   0
 5 55 55 2012 APR 29 18:24:02   931505233.466   0
 5 25 25 2012 APR 30 06:26:53   935305487.341  77
 5 63 63 2012 APR 30 17:42:45   938867466.521   0
 5 15 15 2012 MAY 01 07:41:12   943303262.001   0
 5 55 55 2012 MAY 01 19:55:44   947178788.864   0
 5 43 43 2012 MAY 02 09:42:30   951575840.160   0
 5 63 63 2012 MAY 02 23:37:42   956024692.030   0
 5 43 43 2012 MAY 03 09:09:58   959073466.469   0
 5 55 55 2012 MAY 03 17:36:09   961775457.081   0
 5 25 25 2012 MAY 04 06:48:01   966014964.404  77
 5 55 55 2012 MAY 04 16:43:30   969209839.409   0
 5 15 15 2012 MAY 05 02:30:17   972348296.457   0
 5 55 55 2012 MAY 05 20:43:24   978230433.777   0
 5 26 26 2012 MAY 06 02:24:17   980067090.599  77
 5 63 63 2012 MAY 06 20:11:11   985827108.672   0
 5 25 25 2012 MAY 07 04:04:53   988387568.349  77
 5 45 45 2012 MAY 07 10:06:25   990353513.848   0
 5 63 63 2012 MAY 07 19:59:01   993557020.232   0
 5 45 45 2012 MAY 08 09:57:33   998115017.122   0
 5 63 63 2012 MAY 08 19:26:48  1001201477.563   0
 5 26 26 2012 MAY 09 03:55:57  1003969798.739  77
 5 34 34 2012 MAY 09 11:23:53  1006421055.536   0
 5 63 63 2012 MAY 09 22:50:48  1010164127.587   0
 5 15 15 2012 MAY 10 03:41:16  1011738070.827   0
 5 45 45 2012 MAY 10 11:06:17  1014178926.934   0
 5 54 54 2012 MAY 10 17:16:23  1016198113.410   0
 5 24 24 2012 MAY 11 04:32:15  1019887094.672  77
 5 45 45 2012 MAY 11 09:19:14  1021464712.645   0
 5 55 55 2012 MAY 11 22:15:41  1025716960.813   0
 5 15 15 2012 MAY 12 03:05:46  1027298831.511   0
 5 45 45 2012 MAY 12 08:14:37  1029003109.765   0
 5 34 34 2012 MAY 12 12:05:57  1030277827.692   0
 5 54 54 2012 MAY 12 16:55:29  1031860716.546   0
 5 65 65 2012 MAY 12 20:23:19  1032994052.491   0
 5 24 24 2012 MAY 13 02:24:51  1034978242.950  77
 5 65 65 2012 MAY 13 20:02:48  1040795536.842   0
 5 45 45 2012 MAY 14 10:01:18  1045417563.986   0
 5 54 54 2012 MAY 14 19:33:32  1048562672.028   0
 5 43 43 2012 MAY 15 09:55:22  1053320615.035   0
 5 55 55 2012 MAY 15 21:36:07  1057184241.983   0
 5 24 24 2012 MAY 16 01:40:47  1058530783.857  77
 5 43 43 2012 MAY 16 09:31:57  1061138186.974   0
 5 63 63 2012 MAY 16 23:12:58  1065681065.896   0
 5 14 14 2012 MAY 17 05:17:24  1067685518.415   0
 5 43 43 2012 MAY 17 09:28:58  1069078422.633   0
 5 25 25 2012 MAY 18 02:58:19  1074873746.920  77
 5 45 45 2012 MAY 18 12:15:58  1077977430.970   0
 5 55 55 2012 MAY 18 22:40:43  1081429940.520   0
 5 24 24 2012 MAY 19 06:20:23  1083974944.199  77
 5 45 45 2012 MAY 19 08:39:18  1084739527.244   0
 5 54 54 2012 MAY 19 22:23:09  1089305109.614   0
 5 25 25 2012 MAY 20 04:12:57  1091233636.589  77
 5 45 45 2012 MAY 20 11:55:23  1093809709.686   0
 5 63 63 2012 MAY 20 21:45:12  1097069335.312   0
 5 25 25 2012 MAY 21 06:16:00  1099904707.517  77
 5 45 45 2012 MAY 21 11:31:39  1101655173.340   0
 5 26 26 2012 MAY 22 05:48:01  1107726969.929  77
 5 34 34 2012 MAY 22 11:11:12  1109520525.572   0
 5 54 54 2012 MAY 22 23:19:55  1113564810.162   0
 5 26 26 2012 MAY 23 03:07:45  1114809138.692  77
 5 24 24 2012 MAY 23 06:51:05  1116064510.086  77
 5 34 34 2012 MAY 23 11:22:49  1117565916.565   0
 5 54 54 2012 MAY 23 23:05:16  1121461417.083   0
 5 15 15 2012 MAY 24 07:01:49  1124104307.948   0
 5 34 34 2012 MAY 24 12:01:51  1125764122.322   0
 5 63 63 2012 MAY 24 16:42:52  1127311508.278   0
 5 34 34 2012 MAY 25 12:25:26  1133872063.575   0
 5 54 54 2012 MAY 25 22:03:39  1137063336.484   0
 5 15 15 2012 MAY 26 02:59:04  1138687631.015   0
 5 34 34 2012 MAY 26 12:08:09  1141744157.821   0
 5 55 55 2012 MAY 26 20:34:33  1144531157.490   0
 5 26 26 2012 MAY 27 01:54:59  1146299520.082  77
 5 55 55 2012 MAY 27 19:18:48  1152071061.611   0
 5 26 26 2012 MAY 28 05:11:26  1155351206.403  77
 5 45 45 2012 MAY 28 11:01:19  1157287787.990   0
 5 65 65 2012 MAY 28 22:09:58  1160979325.081   0
 5 15 15 2012 MAY 29 01:49:32  1162179356.469   0
 5 43 43 2012 MAY 29 08:48:09  1164494805.522   0
 5 63 63 2012 MAY 29 21:20:26  1168644728.606   0
 5 25 25 2012 MAY 30 04:39:45  1171063647.409  77
 5 14 14 2012 MAY 31 03:20:38  1178553154.727   0
 5 54 54 2012 MAY 31 14:46:32  1182344245.125   0
 5 24 24 2012 MAY 31 23:02:49  1185066147.205  77
 5 15 15 2012 JUN 01 03:47:02  1186617961.594   0
 5 55 55 2012 JUN 01 15:47:09  1190582587.609   0
 5 14 14 2012 JUN 02 05:48:31  1195201169.312   0
 5 55 55 2012 JUN 02 21:35:25  1200388891.460   0
 5 25 25 2012 JUN 03 01:39:56  1201718736.416  77
 5 43 43 2012 JUN 03 08:02:44  1203820483.071   0
 5 63 63 2012 JUN 03 23:00:30  1208746822.894   0
 5 26 26 2012 JUN 04 04:10:30  1210426192.580  77
 5 55 55 2012 JUN 04 19:12:04  1215350066.124   0
 5 25 25 2012 JUN 05 05:21:18  1218684336.780  77
 5 43 43 2012 JUN 05 11:27:36  1220686819.767   0
 5 55 55 2012 JUN 05 21:47:02  1224060517.054   0
 5 24 24 2012 JUN 06 03:20:57  1225869371.432  77
 5 34 34 2012 JUN 06 09:27:17  1227869105.241   0
 5 63 63 2012 JUN 06 19:29:38  1231143674.886   0
 5 15 15 2012 JUN 07 05:10:42  1234311061.290   0
 5 45 45 2012 JUN 07 10:22:27  1236004422.999   0
 5 15 15 2012 JUN 08 00:34:36  1240625170.167   0
 5 45 45 2012 JUN 17 08:07:51  1312642043.509   0
 5 65 65 2012 JUN 17 17:57:34  1315766429.023   0
 5 14 14 2012 JUN 18 01:54:13  1318287719.697   0
 5 34 34 2012 JUN 18 09:19:41  1320648867.053   0
 5 55 55 2012 JUN 18 20:47:29  1324286151.568   0
 5 14 14 2012 JUN 19 02:22:45  1326046464.341   0
 5 34 34 2012 JUN 19 09:02:06  1328155615.397   0
 5 55 55 2012 JUN 19 20:53:15  1331905892.334   0
 5 24 24 2012 JUN 20 05:04:55  1334494208.242  77
 5 45 45 2012 JUN 20 09:26:11  1335859274.958   0
 5 54 54 2012 JUN 20 21:14:10  1339581441.569   0
 5 24 24 2012 JUN 21 05:56:15  1342324800.920  77
 5 43 43 2012 JUN 21 08:46:43  1343201010.190   0
 5 24 24 2012 JUN 22 05:59:08  1349868439.710  77
 5 45 45 2012 JUN 22 11:54:50  1351723446.579   0
 5 26 26 2012 JUN 23 04:32:39  1356909246.753  77
 5 43 43 2012 JUN 23 11:45:57  1359170469.445   0
 5 63 63 2012 JUN 23 19:44:31  1361641324.672   0
 5 45 45 2012 JUN 24 07:34:08  1365316455.281   0
 5 54 54 2012 JUN 24 19:53:49  1369147395.089   0
 5 15 15 2012 JUN 25 01:03:26  1370741154.737   0
 5 45 45 2012 JUN 25 05:29:45  1372123577.676   0
 5 54 54 2012 JUN 25 20:47:48  1376858355.768   0
 5 15 15 2012 JUN 26 04:51:27  1379348587.322   0
 5 55 55 2012 JUN 26 22:09:00  1384682126.547   0
 5 26 26 2012 JUN 27 03:18:59  1386254514.237  77
 5 65 65 2012 JUN 28 15:01:14  1397199833.438   0
 5 43 43 2012 JUN 29 10:29:05  1403134532.973   0
 5 65 65 2012 JUN 29 14:19:49  1404309248.762   0
 5 45 45 2012 JUN 30 07:11:36  1409417768.306   0
 5 24 24 2012 JUN 30 22:53:55  1414180281.532  77
 5 65 65 2012 JUL 01 15:46:14  1419276188.410   0
 5 26 26 2012 JUL 02 02:30:21  1422506006.020  77
 5 43 43 2012 JUL 02 07:45:59  1424087549.383   0
 5 54 54 2012 JUL 02 19:02:07  1427476704.149   0
 5 43 43 2012 JUL 03 08:28:40  1431503886.586   0
 5 63 63 2012 JUL 03 20:22:50  1435072702.917   0
 5 54 54 2012 JUL 04 20:08:02  1442154227.192   0
 5 45 45 2012 JUL 05 10:00:31  1446276295.709   0
 5 63 63 2012 JUL 05 17:56:49  1448625703.232   0
 5 45 45 2012 JUL 06 11:12:11  1453745823.892   0
 5 55 55 2012 JUL 06 18:12:01  1455799218.014   0
 5 24 24 2012 JUL 07 05:28:39  1459141810.392  77
 5 43 43 2012 JUL 07 08:04:26  1459885986.074   0
 5 54 54 2012 JUL 07 21:10:25  1463753486.409   0
 5 26 26 2012 JUL 08 02:57:07  1465438024.580  77
 5 45 45 2012 JUL 08 07:39:37  1466814119.457   0
 5 63 63 2012 JUL 08 14:36:41  1468862299.052   0
 5 65 65 2012 JUL 08 21:04:18  1470756528.810   0
 5 24 24 2012 JUL 09 04:32:05  1472935699.413  77
 5 45 45 2012 JUL 09 08:52:29  1474190993.175   0
 5 55 55 2012 JUL 09 17:10:36  1476611906.026   0
 5 26 26 2012 JUL 10 03:34:39  1479644352.152  77
 5 65 65 2012 JUL 10 17:06:08  1483566950.590   0
 5 25 25 2012 JUL 15 03:09:28  1514020100.479  77
 5 45 45 2012 JUL 15 09:51:32  1515923114.505   0
 5 65 65 2012 JUL 15 20:24:00  1518916682.779   0
 5 24 24 2012 JUL 16 02:51:44  1520737501.351  77
 5 43 43 2012 JUL 16 08:26:44  1522310354.148   0
 5 25 25 2012 JUL 16 23:21:51  1526519572.304  77
 5 14 14 2012 JUL 17 05:17:27  1528206446.668   0
 5 43 43 2012 JUL 17 08:47:02  1529167860.811   0
 5 65 65 2012 JUL 17 20:38:15  1532507810.365   0
 5 24 24 2012 JUL 18 00:44:28  1533643078.636  77
 5 24 24 2012 JUL 19 02:14:10  1540766069.417  77
 5 55 55 2012 JUL 19 15:58:48  1544589524.599   0
 5 24 24 2012 JUL 20 04:15:58  1548006577.773  77
 5 43 43 2012 JUL 20 07:54:44  1548999733.277   0
 5 65 65 2012 JUL 20 21:04:56  1552658624.973   0
 5 14 14 2012 JUL 21 04:50:22  1554797543.163   0
 5 65 65 2012 JUL 21 14:11:57  1557365203.907   0
 5 15 15 2012 JUL 22 01:57:20  1560582351.880   0
 5 55 55 2012 JUL 22 20:57:06  1565793056.086   0
 5 15 15 2012 JUL 23 03:36:17  1567599760.098   0
 5 65 65 2012 JUL 23 18:45:46  1571717904.979   0
 5 34 34 2012 JUL 24 02:31:09  1573832182.839   0
 5 54 54 2012 JUL 24 19:57:59  1578546341.296   0
 5 26 26 2012 JUL 25 02:57:45  1580428107.225  77
 5 45 45 2012 JUL 25 06:22:04  1581334657.051   0
 5 55 55 2012 JUL 25 20:33:40  1585168762.451   0
 5 43 43 2012 JUL 26 02:51:37  1586854436.808   0
 5 45 45 2012 JUL 26 09:43:18  1588684263.563   0
 5 63 63 2012 JUL 26 17:20:00  1590715437.083   0
 5 34 34 2012 JUL 27 04:40:29  1593736986.081   0
 5 54 54 2012 JUL 27 15:47:26  1596696128.775   0
 5 14 14 2012 JUL 28 04:08:54  1599983662.959   0
 5 34 34 2012 JUL 28 09:56:51  1601509807.219   0
 5 55 55 2012 JUL 28 16:50:59  1603328670.853   0
 5 25 25 2012 JUL 29 00:36:54  1605373715.007  77
 5 54 54 2012 JUL 29 18:50:20  1610170709.439   0
 5 15 15 2012 JUL 29 21:20:46  1610831828.134   0
 5 26 26 2012 JUL 29 23:32:01  1611395495.850  77
 5 45 45 2012 JUL 30 06:08:18  1613118840.922   0
 5 63 63 2012 JUL 30 18:34:08  1616375968.071   0
 5 14 14 2012 JUL 31 03:50:53  1618800825.659   0
 5 54 54 2012 JUL 31 17:25:28  1622317273.666   0
 5 25 25 2012 AUG 01 01:44:44  1624472608.909  77
 5 43 43 2012 AUG 01 11:02:17  1626888145.449   0
 5 65 65 2012 AUG 01 17:21:03  1628505001.157   0
 5 25 25 2012 AUG 02 02:27:20  1630852723.101  77
 5 54 54 2012 AUG 02 18:22:49  1634942744.013   0
 5 24 24 2012 AUG 03 04:01:12  1637420803.450  77
 5 45 45 2012 AUG 03 10:41:14  1639121723.893   0
 5 55 55 2012 AUG 03 17:10:50  1640768906.442   0
 5 25 25 2012 AUG 04 01:39:12  1642926297.359  77
 5 34 34 2012 AUG 04 08:07:34  1644566499.830   0
 5 54 54 2012 AUG 04 19:58:52  1647590702.781   0
 5 25 25 2012 AUG 05 01:30:08  1648976617.718  77
 5 45 45 2012 AUG 05 06:27:15  1650220413.804   0
 5 55 55 2012 AUG 05 15:23:07  1652485638.660   0
 5 63 63 2012 AUG 09 20:02:42  1677570710.425   0
 5 24 24 2012 AUG 10 00:44:48  1678712376.017  77
 5 34 34 2012 AUG 10 08:12:20  1680539902.782   0
 5 65 65 2012 AUG 10 13:45:42  1681916267.117   0
 5 26 26 2012 AUG 11 00:02:48  1684421629.468  77
 5 34 34 2012 AUG 11 08:50:46  1686568985.610   0
 5 65 65 2012 AUG 11 19:22:54  1689145840.880   0
 5 26 26 2012 AUG 12 00:42:55  1690431158.192  77
 5 65 65 2012 AUG 12 13:50:53  1693624534.918   0
 5 15 15 2012 AUG 13 00:18:25  1696142417.187   0
 5 43 43 2012 AUG 13 10:35:33  1698633375.227   0
 5 55 55 2012 AUG 13 17:50:10  1700368668.911   0
 5 15 15 2012 AUG 14 03:28:07  1702688993.204   0
 5 43 43 2012 AUG 14 10:47:19  1704441782.886   0
 5 65 65 2012 AUG 14 17:10:40  1705959092.989   0
 5 15 15 2012 AUG 15 03:12:48  1708361221.356   0
 5 34 34 2012 AUG 15 10:08:18  1710005608.536   0
 5 15 15 2012 AUG 15 21:12:02  1712632355.926   0
 5 14 14 2012 AUG 16 01:47:53  1713717339.733   0
 5 34 34 2012 AUG 16 10:29:11  1715778960.672   0
 5 63 63 2012 AUG 16 19:44:10  1717964798.442   0
 5 25 25 2012 AUG 17 02:30:54  1719554253.909  77
 5 34 34 2012 AUG 17 09:54:16  1721289210.087   0
 5 55 55 2012 AUG 17 19:26:22  1723530882.708   0
 5 26 26 2012 AUG 18 03:03:05  1725309872.397  77
 5 45 45 2012 AUG 18 09:20:36  1726769844.908   0
 5 63 63 2012 AUG 18 19:45:39  1729208601.601   0
 5 15 15 2012 AUG 19 01:03:35  1730427094.073   0
 5 34 34 2012 AUG 19 09:23:37  1732361092.719   0
 5 63 63 2012 AUG 19 13:26:08  1733305956.404   0
 5 26 26 2012 AUG 20 00:29:55  1735851353.010  77
 5 63 63 2012 AUG 20 15:26:39  1739295340.146   0
 5 45 45 2012 AUG 21 06:32:47  1742744596.561   0
 5 55 55 2012 AUG 21 15:24:14  1744781248.865   0
 5 15 15 2012 AUG 21 23:45:06  1746680169.065   0
 5 45 45 2012 AUG 22 08:18:03  1748619844.780   0
 5 55 55 2012 AUG 22 13:33:05  1749825712.976   0
 5 25 25 2012 AUG 23 02:25:12  1752735684.015  77
 5 55 55 2012 AUG 23 15:19:01  1755639493.605   0
 5 63 63 2012 AUG 23 19:08:36  1756508155.542   0
 5 26 26 2012 AUG 24 01:06:32  1757838659.052  77
 5 43 43 2012 AUG 24 08:21:09  1759456526.672   0
 5 24 24 2012 AUG 24 22:08:17  1762544544.493  77
 5 25 25 2012 AUG 25 02:49:59  1763599172.377  77
 5 65 65 2012 AUG 25 19:03:27  1767205782.360   0
 5 25 25 2012 AUG 25 23:32:57  1768189610.526  77
 5 34 34 2012 AUG 26 08:54:15  1770257539.833   0
 5 63 63 2012 AUG 26 18:04:46  1772289023.714   0
 5 24 24 2012 AUG 26 22:12:13  1773192472.794  77
 5 45 45 2012 AUG 27 07:33:30  1775237761.190   0
 5 63 63 2012 AUG 27 18:12:17  1777585468.027   0
 5 15 15 2012 AUG 28 01:18:09  1779132355.993   0
 5 34 34 2012 AUG 28 04:33:35  1779830998.585   0
 5 14 14 2012 AUG 28 22:42:23  1783788710.678   0
 5 63 63 2012 AUG 29 19:08:43  1788222609.511   0
 5 24 24 2012 AUG 29 23:43:44  1789198314.935  77
 5 55 55 2012 AUG 30 17:46:18  1793082113.090   0
 5 43 43 2012 AUG 31 09:45:31  1796500399.681   0
 5 55 55 2012 AUG 31 15:34:27  1797738926.377   0
 5 65 65 2012 AUG 31 18:24:43  1798349033.833   0
 5 24 24 2012 AUG 31 23:28:29  1799417296.695  77
 5 34 34 2012 SEP 01 04:45:10  1800528161.226   0
 5 54 54 2012 SEP 01 16:35:23  1803050657.299   0
 5 24 24 2012 SEP 01 22:38:59  1804329358.860  77
 5 54 54 2012 SEP 02 18:18:13  1808477357.077   0
 5 26 26 2012 SEP 03 00:03:39  1809677694.342  77
 5 25 25 2012 SEP 04 02:34:49  1815229853.035  77
 5 55 55 2012 SEP 04 18:37:33  1818563051.913   0
 5 24 24 2012 SEP 04 21:40:29  1819187876.910  77
 5 45 45 2012 SEP 05 10:11:47  1821781176.854   0
 5 55 55 2012 SEP 05 17:57:51  1823381868.722   0
 5 25 25 2012 SEP 06 01:35:45  1824949734.952  77
 5 65 65 2012 SEP 06 18:06:53  1828339288.786   0
 5 25 25 2012 SEP 07 02:04:33  1829965656.535  77
 5 54 54 2012 SEP 07 17:40:18  1833140130.688   0
 5 15 15 2012 SEP 08 01:55:27  1834815850.910   0
 5 34 34 2012 SEP 08 06:02:25  1835629741.417   0
 5 63 63 2012 SEP 08 17:57:28  1838059281.387   0
 5 26 26 2012 SEP 08 21:02:03  1838678177.981  77
 5 34 34 2012 SEP 09 02:38:50  1839799514.657   0
 5 63 63 2012 SEP 09 16:13:47  1842535160.277   0
 5 24 24 2012 SEP 10 00:15:34  1844141254.214  77
 5 63 63 2012 SEP 10 17:28:27  1847581783.872   0
 5 14 14 2012 SEP 11 02:26:49  1849370441.890   0
 5 55 55 2012 SEP 11 17:21:27  1852319666.767   0
 5 25 25 2012 SEP 12 02:26:54  1854119679.423  77
 5 55 55 2012 SEP 12 17:54:27  1857158022.714   0
 5 26 26 2012 SEP 13 02:21:59  1858818842.607  77
 5 55 55 2012 SEP 13 15:14:56  1861329313.858   0
 5 45 45 2012 SEP 14 09:12:04  1864818270.238   0
 5 65 65 2012 SEP 14 17:06:41  1866355955.704   0
 5 34 34 2012 SEP 15 06:05:04  1868842853.941   0
 5 63 63 2012 SEP 15 17:44:41  1871107950.565   0
 5 14 14 2012 SEP 15 22:45:32  1872063292.336   0
 5 45 45 2012 SEP 16 10:41:49  1874360440.366   0
 5 63 63 2012 SEP 16 17:16:51  1875611108.433   0
 5 55 55 2012 SEP 17 15:35:40  1879849071.785   0
 5 15 15 2012 SEP 18 00:41:57  1881570489.262   0
 5 55 55 2012 SEP 18 16:34:54  1884563733.559   0
 5 25 25 2012 SEP 19 00:32:26  1886055534.293  77
 5 63 63 2012 SEP 19 17:30:49  1889232998.125   0
 5 26 26 2012 SEP 19 23:49:10  1890401179.365  77
 5 26 26 2012 SEP 21 00:23:25  1894956405.560  77
 5 55 55 2012 SEP 21 17:59:43  1898204770.947   0
 5 26 26 2012 SEP 21 20:43:53  1898703958.385  77
 5 43 43 2012 SEP 22 02:57:15  1899829166.304   0
 5 55 55 2012 SEP 22 13:36:27  1901792391.750   0
 5 25 25 2012 SEP 23 01:52:19  1904027198.941  77
 5 45 45 2012 SEP 23 06:00:40  1904755528.256   0
 5 24 24 2012 SEP 23 21:11:32  1907523593.565  77
 5 43 43 2012 SEP 24 00:56:18  1908199857.998   0
 5 15 15 2012 SEP 25 00:15:22  1912390346.785   0
 5 55 55 2012 SEP 25 16:04:10  1915218155.393   0
 5 15 15 2012 SEP 26 01:27:50  1916893633.662   0
 5 63 63 2012 SEP 26 17:13:07  1919687220.234   0
 5 25 25 2012 SEP 27 01:53:51  1921223368.165  77
 5 65 65 2012 SEP 27 14:33:03  1923446815.467   0
 5 24 24 2012 SEP 28 00:31:53  1925197082.803  77
 5 45 45 2012 SEP 28 08:44:46  1926628645.130   0
 5 63 63 2012 SEP 28 15:53:48  1927884292.705   0
 5 25 25 2012 SEP 28 22:21:03  1929006123.805  77
 5 63 63 2012 SEP 29 17:39:52  1932366829.944   0
 5 15 15 2012 SEP 29 23:44:43  1933411091.573   0
 5 65 65 2012 SEP 30 15:50:19  1936187960.347   0
 5 14 14 2012 SEP 30 19:52:27  1936888157.364   0
 5 34 34 2012 OCT 01 04:04:08  1938268835.310   0
 5 15 15 2012 OCT 01 23:03:21  1941528780.436   0
 5 43 43 2012 OCT 02 03:24:12  1942255691.819   0
 5 65 65 2012 OCT 02 18:00:05  1944758282.789   0
 5 25 25 2012 OCT 02 22:47:35  1945559749.556  77
 5 65 65 2012 OCT 03 15:31:23  1948387308.676   0
 5 14 14 2012 OCT 03 19:44:44  1949105144.470   0
 5 25 25 2012 OCT 04 01:33:05  1950078111.951  77
 5 63 63 2012 OCT 04 17:47:18  1952799645.129   0
 5 15 15 2012 OCT 05 01:33:09  1954094400.172   0
 5 45 45 2012 OCT 05 08:45:15  1955282445.741   0
 5 65 65 2012 OCT 05 17:53:37  1956814746.164   0
 5 34 34 2012 OCT 06 01:24:03  1958046330.495   0
 5 43 43 2012 OCT 06 10:10:44  1959508361.928   0
 5 26 26 2012 OCT 06 22:51:36  1961591999.535  77
 5 34 34 2012 OCT 07 09:07:53  1963278587.913   0
 5 65 65 2012 OCT 07 17:20:25  1964632363.089   0
 5 26 26 2012 OCT 07 23:30:34  1965634344.124  77
 5 43 43 2012 OCT 08 08:56:42  1967170725.696   0
 5 24 24 2012 OCT 08 23:57:59  1969616818.640  77
 5 25 25 2012 OCT 09 23:34:18  1973431765.817  77
 5 63 63 2012 OCT 10 14:57:16  1975906707.480   0
 5 26 26 2012 OCT 10 23:31:02  1977275278.131  77
 5 43 43 2012 OCT 11 08:36:29  1978721703.650   0
 5 26 26 2012 OCT 11 22:45:15  1980978283.099  77
 5 55 55 2012 OCT 12 18:01:41  1984041550.029   0
 5 14 14 2012 OCT 13 00:19:54  1985027826.321   0
 5 63 63 2012 OCT 13 14:24:07  1987241650.000   0
 5 15 15 2012 OCT 13 23:07:53  1988605932.732   0
 5 43 43 2012 OCT 14 10:05:00  1990322895.818   0
 5 63 63 2012 OCT 14 17:31:49  1991485549.116   0
 5 63 63 2012 OCT 15 16:53:33  1995105139.918   0
 5 55 55 2012 OCT 16 17:22:23  1998873953.666   0
 5 25 25 2012 OCT 17 00:38:05  1999981748.335  77
 5 55 55 2012 OCT 17 16:38:16  2002424141.152   0
 5 63 63 2012 OCT 18 17:01:15  2006120867.470   0
 5 25 25 2012 OCT 18 19:48:36  2006543418.774  77
 5 43 43 2012 OCT 19 09:35:43  2008611852.765   0
 5 55 55 2012 OCT 19 16:32:00  2009655690.011   0
 5 43 43 2012 OCT 19 23:59:06  2010769832.564   0
 5 55 55 2012 OCT 20 16:40:11  2013258990.067   0
 5 15 15 2012 OCT 20 20:26:39  2013819348.678   0
 5 63 63 2012 OCT 21 17:16:17  2016905484.355   0
 5 24 24 2012 OCT 21 20:09:37  2017329991.275  77
 5 34 34 2012 OCT 22 03:53:05  2018443019.573   0
 5 25 25 2012 OCT 23 00:16:46  2021454270.989  77
 5 43 43 2012 OCT 23 04:49:42  2022096385.581   0
 5 14 14 2012 OCT 23 21:31:49  2024548384.850   0
 5 34 34 2012 OCT 24 06:29:21  2025829860.132   0
 5 65 65 2012 OCT 24 15:32:00  2027157860.625   0
 5 26 26 2012 OCT 25 01:58:32  2028672005.385  77
 5 15 15 2012 OCT 25 20:19:01  2031299262.593   0
 5 26 26 2012 OCT 26 00:11:07  2031850368.499  77
 5 55 55 2012 OCT 26 16:53:14  2034237528.748   0
 5 14 14 2012 OCT 27 01:22:58  2035447106.365   0
 5 34 34 2012 OCT 27 03:58:41  2035788326.932   0
 5 55 55 2012 OCT 27 14:26:58  2037294358.208   0
 5 26 26 2012 OCT 27 20:51:12  2038198879.719  77
 5 65 65 2012 OCT 28 15:45:01  2040861055.794   0
 5 15 15 2012 OCT 28 21:55:26  2041724042.418   0
 5 65 65 2012 OCT 29 15:30:29  2044186702.337   0
 5 55 55 2012 OCT 29 17:22:09  2044451549.890   0
 5 15 15 2012 OCT 29 19:50:05  2044794003.425   0
 5 34 34 2012 OCT 30 00:55:50  2045491228.245   0
 5 45 45 2012 OCT 30 10:02:12  2046767596.232   0
 5 55 55 2012 OCT 30 17:19:18  2047780714.005   0
 5 43 43 2012 OCT 31 00:32:14  2048768497.685   0
 5 65 65 2012 OCT 31 17:10:11  2051073237.796   0
 5 14 14 2012 OCT 31 20:45:36  2051562367.912   0
 5 34 34 2012 NOV 01 05:40:13  2052763888.883   0
 5 55 55 2012 NOV 01 17:16:54  2054381697.753   0
 5 34 34 2012 NOV 02 01:00:49  2055423395.059   0
 5 25 25 2012 NOV 02 21:52:47  2058269115.807  77
 5 65 65 2012 NOV 03 15:34:30  2060668002.651   0
 5 45 45 2012 NOV 04 02:57:02  2062181663.186   0
 5 65 65 2012 NOV 04 15:34:59  2063900154.113   0
 5 65 65 2012 NOV 09 14:42:44  2079635554.502   0
 5 25 25 2012 NOV 09 23:03:35  2080716560.285  77
 5 34 34 2012 NOV 10 09:42:22  2082098388.445   0
 5 55 55 2012 NOV 10 15:35:43  2082859706.866   0
 5 43 43 2012 NOV 11 09:04:30  2085105910.689   0
 5 55 55 2012 NOV 11 14:05:46  2085755903.931   0
 5 15 15 2012 NOV 11 23:52:51  2087008270.696   0
 5 63 63 2012 NOV 13 13:10:52  2091759939.948   0
 5 15 15 2012 NOV 14 00:44:38  2093221644.519   0
 5 26 26 2012 NOV 14 19:56:31  2095637873.188  77
 5 45 45 2012 NOV 16 07:47:19  2100098240.491   0
 5 25 25 2012 NOV 16 21:58:56  2101868103.979  77
 5 55 55 2012 NOV 17 14:47:19  2103945895.951   0
 5 55 55 2012 NOV 18 12:50:42  2106657438.062   0
 5 25 25 2012 NOV 18 19:49:52  2107510913.966  77
 5 55 55 2012 NOV 19 16:28:15  2110024835.888   0
 5 26 26 2012 NOV 20 00:25:21  2110988293.039  77
 5 55 55 2012 NOV 20 16:39:58  2112954897.243   0
 5 25 25 2012 NOV 21 19:46:16  2116213911.211  77
 5 26 26 2012 NOV 22 00:26:41  2116772095.649  77
 5 55 55 2012 NOV 22 15:50:29  2118610714.336   0
 5 24 24 2012 NOV 22 20:11:44  2119129467.109  77
 5 63 63 2012 NOV 23 14:30:06  2121303327.937   0
 5 25 25 2012 NOV 23 21:33:02  2122135307.299  77
 5 55 55 2012 NOV 24 13:18:04  2124000411.209   0
 5 25 25 2012 NOV 24 20:14:20  2124816414.276  77
 5 55 55 2012 NOV 25 14:18:57  2126938496.873   0
 5 24 24 2012 NOV 25 20:54:23  2127708562.933  77
 5 65 65 2012 NOV 26 12:38:09  2129551251.204   0
 5 15 15 2012 NOV 26 20:26:05  2130455435.090   0
 5 15 15 2012 NOV 27 20:14:28  2133218926.146   0
 5 65 65 2012 NOV 28 17:29:22  2135679163.808   0
 5 55 55 2012 NOV 29 15:47:04  2138234922.787   0
 5 45 45 2012 NOV 30 00:52:54  2139265112.337   0
 5 55 55 2012 NOV 30 16:43:21  2141089140.703   0
 5 65 65 2012 DEC 01 15:43:42  2143703179.612   0
 5 26 26 2012 DEC 01 20:15:29  2144216403.165  77
 5 55 55 2012 DEC 02 16:41:21  2146531374.572   0
 5 25 25 2012 DEC 02 20:15:32  2146930671.400  77
 5 55 55 2012 DEC 03 16:58:54  2149268288.551   0
 5 25 25 2012 DEC 03 23:58:30  2150048174.805  77
 5 15 15 2012 DEC 04 21:38:07  2152469270.727   0
 5 25 25 2012 DEC 05 20:27:44  2155015241.699  77
 5 63 63 2012 DEC 06 16:24:02  2157230538.805   0
 5 25 25 2012 DEC 06 22:56:08  2157947755.497  77
 5 45 45 2012 DEC 07 05:56:59  2158704870.981   0
 5 63 63 2012 DEC 07 16:12:25  2159859013.740   0
 5 55 55 2012 DEC 08 14:01:12  2162254416.797   0
 5 63 63 2012 DEC 09 14:32:05  2164935644.295   0
 5 26 26 2012 DEC 09 20:15:25  2165559878.677  77
 5 55 55 2012 DEC 10 17:13:10  2167845533.816   0
 5 14 14 2012 DEC 10 20:28:48  2168191829.314   0
 5 55 55 2012 DEC 11 17:04:04  2170425194.966   0
 5 55 55 2012 DEC 12 16:31:37  2172947960.147   0
 5 55 55 2012 DEC 13 16:25:25  2175506190.175   0
 5 26 26 2012 DEC 14 00:07:51  2176326269.757  77
 5 63 63 2012 DEC 14 16:28:00  2178066836.774   0
 5 63 63 2012 DEC 15 16:28:36  2180610122.346   0
 5 15 15 2012 DEC 15 20:41:55  2181050848.671   0
 5 55 55 2012 DEC 16 13:25:18  2182815097.419   0
 5 34 34 2012 DEC 17 01:52:24  2184105606.194   0
 5 15 15 2012 DEC 17 20:13:16  2186042114.718   0
 5 45 45 2012 DEC 18 02:35:22  2186687809.731   0
 5 63 63 2012 DEC 18 12:53:43  2187783262.187   0
 5 15 15 2012 DEC 18 19:52:28  2188508317.681   0
 5 55 55 2012 DEC 19 12:38:45  2190250533.512   0
 5 14 14 2012 DEC 19 20:50:26  2191093636.005   0
 5 55 55 2012 DEC 20 15:57:58  2193072094.090   0
 5 34 34 2012 DEC 21 05:50:54  2194479606.986   0
 5 14 14 2012 DEC 21 21:50:40  2196136861.446   0
 5 55 55 2012 DEC 22 13:56:19  2197787081.135   0
 5 26 26 2012 DEC 22 19:35:58  2198367625.126  77
 5 34 34 2012 DEC 23 01:31:49  2198956303.274   0
 5 55 55 2012 DEC 23 16:31:00  2200500272.909   0
 5 26 26 2012 DEC 23 19:31:01  2200804127.768  77
 5 45 45 2012 DEC 24 07:07:17  2201966977.769   0
 5 24 24 2012 DEC 24 22:33:11  2203540037.416  77
 5 55 55 2012 DEC 25 15:38:35  2205271247.735   0
 5 45 45 2012 DEC 25 23:27:21  2206058545.625   0
 5 65 65 2012 DEC 26 16:50:43  2207813669.617   0
 5 15 15 2012 DEC 26 20:21:10  2208159749.142   0
 5 55 55 2012 DEC 27 16:19:55  2210167958.498   0
 5 14 14 2012 DEC 29 00:14:58  2213356140.692   0
 5 45 45 2012 DEC 29 09:14:59  2214254156.503   0
 5 65 65 2012 DEC 29 14:27:55  2214769106.007   0
 5 15 15 2012 DEC 29 23:43:20  2215689951.554   0
 5 34 34 2012 DEC 30 09:10:02  2216631006.768   0
 5 63 63 2012 DEC 30 17:02:07  2217414654.282   0
 5 25 25 2012 DEC 30 20:05:02  2217710034.621  77
 5 55 55 2012 DEC 31 12:36:44  2219348612.277   0
 5 24 24 2012 DEC 31 19:26:45  2220023845.666  77
 5 55 55 2013 JAN 01 16:14:42  2222075709.613   0
 5 15 15 2013 JAN 01 19:50:32  2222427549.410   0
 5 24 24 2013 JAN 01 22:14:43  2222659761.138  77
 5 65 65 2013 JAN 02 16:13:04  2224432904.682   0
 5 34 34 2013 JAN 03 03:55:11  2225557517.241   0
 5 26 26 2013 JAN 03 20:42:17  2227218819.099  77
 5 34 34 2013 JAN 04 05:23:58  2228052673.531   0
 5 14 14 2013 JAN 04 22:16:54  2229714656.758   0
 5 55 55 2013 JAN 05 17:22:14  2231584667.190   0
 5 26 26 2013 JAN 05 21:05:41  2231934645.965  77
 5 55 55 2013 JAN 06 13:43:38  2233551392.508   0
 5 26 26 2013 JAN 07 00:58:32  2234647819.810  77
 5 55 55 2013 JAN 07 17:01:06  2236198152.133   0
 5 15 15 2013 JAN 07 19:51:11  2236465214.256   0
 5 45 45 2013 JAN 08 08:28:46  2237682032.247   0
 5 55 55 2013 JAN 08 16:52:01  2238495217.626   0
 5 26 26 2013 JAN 09 00:43:12  2239249341.965  77
 5 65 65 2013 JAN 09 16:42:56  2240783797.147   0
 5 65 65 2013 JAN 10 16:38:48  2243071907.938   0
 5 15 15 2013 JAN 12 00:28:01  2246099837.022   0
 5 25 25 2013 JAN 12 19:22:13  2247889522.181  77
 5 65 65 2013 JAN 13 15:40:08  2249806411.960   0
 5 25 25 2013 JAN 13 23:40:58  2250560698.641  77
 5 26 26 2013 JAN 14 23:19:15  2252781422.244  77
 5 55 55 2013 JAN 15 11:12:44  2253905087.299   0
 5 26 26 2013 JAN 15 22:50:40  2254982914.847  77
 5 65 65 2013 JAN 16 17:10:42  2256704861.705   0
 5 26 26 2013 JAN 17 00:15:42  2257359862.397  77
 5 25 25 2013 JAN 17 22:04:54  2259380993.040  77
 5 24 24 2013 JAN 18 22:45:45  2261668598.934  77
 5 45 45 2013 JAN 19 06:57:52  2262421663.609   0
 5 63 63 2013 JAN 19 15:58:18  2263263297.798   0
 5 26 26 2013 JAN 20 00:44:34  2264075852.414  77
 5 63 63 2013 JAN 20 16:06:15  2265486594.336   0
 5 25 25 2013 JAN 20 20:07:27  2265851544.390  77
 5 45 45 2013 JAN 20 23:08:46  2266136075.437   0
 5 25 25 2013 JAN 21 20:12:54  2268061955.847  77
 5 55 55 2013 JAN 22 15:47:35  2269857531.907   0
 5 55 55 2013 JAN 23 17:02:12  2272167372.489   0
 5 15 15 2013 JAN 23 20:20:07  2272457815.232   0
 5 45 45 2013 JAN 24 03:38:28  2273108779.391   0
 5 55 55 2013 JAN 24 16:51:24  2274334310.125   0
 5 45 45 2013 JAN 25 07:59:21  2275703154.951   0
 5 26 26 2013 JAN 25 20:02:33  2276793081.220  77
 5 34 34 2013 JAN 26 04:58:27  2277588895.193   0
 5 63 63 2013 JAN 26 11:36:03  2278208326.873   0
 5 24 24 2013 JAN 26 19:44:48  2278939473.375  77
 5 55 55 2013 JAN 27 13:21:55  2280530403.883   0
 5 15 15 2013 JAN 27 20:05:19  2281135812.648   0
 5 25 25 2013 JAN 28 21:31:58  2283424694.002  77
 5 65 65 2013 JAN 29 15:06:46  2285008650.517   0
 5 15 15 2013 JAN 30 01:05:51  2285914280.564   0
 5 15 15 2013 JAN 30 20:24:34  2287632017.758   0
 5 65 65 2013 JAN 31 16:42:04  2289455794.545   0
 5 25 25 2013 JAN 31 21:26:40  2289868696.332  77
 5 34 34 2013 FEB 01 07:55:33  2290811635.214   0
 5 26 26 2013 FEB 01 23:58:13  2292240700.141  77
 5 45 45 2013 FEB 02 03:40:52  2292553380.484   0
 5 63 63 2013 FEB 02 16:09:14  2293681162.979   0
 5 15 15 2013 FEB 02 23:55:29  2294370309.816   0
 5 55 55 2013 FEB 03 14:48:11  2295686894.172   0
 5 15 15 2013 FEB 03 22:39:29  2296380853.169   0
 5 34 34 2013 FEB 04 03:31:47  2296800287.179   0
 5 14 14 2013 FEB 04 18:43:03  2298161140.265   0
 5 55 55 2013 FEB 05 16:10:35  2300054128.599   0
 5 24 24 2013 FEB 05 23:46:32  2300721120.463  77
 5 45 45 2013 FEB 06 05:46:49  2301238366.707   0
 5 14 14 2013 FEB 06 18:33:21  2302373749.772   0
 5 55 55 2013 FEB 07 11:38:59  2303870947.772   0
 5 25 25 2013 FEB 07 21:32:05  2304727594.653  77
 5 45 45 2013 FEB 08 00:05:40  2304955707.777   0
 5 24 24 2013 FEB 08 21:14:22  2306795513.548  77
 5 45 45 2013 FEB 09 05:54:56  2307547678.858   0
 5 55 55 2013 FEB 09 13:39:53  2308226677.774   0
 5 34 34 2013 FEB 10 01:44:48  2309267438.845   0
 5 55 55 2013 FEB 10 13:35:20  2310300335.725   0
 5 14 14 2013 FEB 10 20:38:51  2310908308.058   0
 5 26 26 2013 FEB 11 20:15:14  2312944685.750  77
 5 63 63 2013 FEB 12 12:45:24  2314365661.499   0
 5 15 15 2013 FEB 12 20:06:13  2314993604.324   0
 5 45 45 2013 FEB 13 00:50:25  2315398261.368   0
 5 15 15 2013 FEB 13 20:23:27  2317070646.756   0
 5 34 34 2013 FEB 14 07:48:22  2318055198.720   0
 5 26 26 2013 FEB 14 19:39:27  2319055287.755  77
 5 25 25 2013 FEB 15 20:51:02  2321190897.053  77
 5 34 34 2013 FEB 16 03:55:32  2321782885.183   0
 5 65 65 2013 FEB 16 13:17:16  2322584146.009   0
 5 25 25 2013 FEB 16 22:46:23  2323384842.965  77
 5 65 65 2013 FEB 17 14:34:41  2324717207.276   0
 5 25 25 2013 FEB 18 20:09:25  2327198305.106  77
 5 45 45 2013 FEB 19 02:07:56  2327693173.152   0
 5 24 24 2013 FEB 19 20:35:25  2329240468.757  77
 5 45 45 2013 FEB 20 05:41:26  2329998975.805   0
 5 65 65 2013 FEB 20 17:35:24  2331008377.147   0
 5 14 14 2013 FEB 20 21:29:23  2331314600.721   0
 5 55 55 2013 FEB 21 13:46:39  2332669891.107   0
 5 65 65 2013 FEB 22 11:50:44  2334501054.392   0
 5 63 63 2013 FEB 24 16:29:45  2338844465.064   0
 5 15 15 2013 FEB 24 20:53:06  2339193159.845   0
 5 45 45 2013 FEB 25 02:36:48  2339658787.082   0
 5 14 14 2013 FEB 25 20:26:27  2341122802.858   0
 5 45 45 2013 FEB 26 04:55:02  2341813540.794   0
 5 26 26 2013 FEB 26 18:33:19  2342934774.010  77
 5 45 45 2013 FEB 27 01:40:38  2343506926.517   0
 5 55 55 2013 FEB 27 09:52:18  2344191007.507   0
 5 34 34 2013 FEB 28 07:44:34  2345967977.060   0
 5 25 25 2013 FEB 28 18:06:11  2346799751.978  77
 5 65 65 2013 MAR 01 17:24:56  2348692237.771   0
 5 15 15 2013 MAR 01 23:32:14  2349175108.096   0
 5 34 34 2013 MAR 02 03:31:49  2349486128.358   0
 5 26 26 2013 MAR 02 18:45:06  2350719387.815  77
 5 63 63 2013 MAR 03 11:11:02  2352040007.596   0
 5 15 15 2013 MAR 03 20:31:11  2352779584.679   0
 5 45 45 2013 MAR 04 04:19:44  2353402166.998   0
 5 14 14 2013 MAR 04 18:38:04  2354550756.054   0
 5 34 34 2013 MAR 05 06:29:50  2355498173.008   0
 5 24 24 2013 MAR 05 22:28:49  2356759832.845  77
 5 25 25 2013 MAR 06 19:31:30  2358423044.979  77
 5 14 14 2013 MAR 06 21:50:26  2358604529.565   0
 5 26 26 2013 MAR 07 17:41:22  2360176593.145  77
 5 45 45 2013 MAR 07 23:54:20  2360662919.471   0
 5 55 55 2013 MAR 08 13:20:35  2361707130.543   0
 5 15 15 2013 MAR 08 21:34:55  2362348686.615   0
 5 63 63 2013 MAR 09 10:49:27  2363388571.965   0
 5 24 24 2013 MAR 09 23:18:24  2364355498.998  77
 5 65 65 2013 MAR 10 13:04:42  2365416779.264   0
 5 15 15 2013 MAR 10 20:58:44  2366024163.333   0
 5 65 65 2013 MAR 11 14:01:31  2367338458.333   0
 5 15 15 2013 MAR 11 22:18:50  2367973800.165   0
 5 15 15 2013 MAR 12 22:00:54  2369782712.033   0
 5 65 65 2013 MAR 13 15:32:52  2371120263.194   0
 5 14 14 2013 MAR 13 19:54:16  2371443174.115   0
 5 55 55 2013 MAR 14 15:35:18  2372935944.189   0
 5 24 24 2013 MAR 14 19:43:43  2373240485.362  77
 5 45 45 2013 MAR 15 05:27:14  2373976426.466   0
 5 14 14 2013 MAR 15 20:46:21  2375115674.278   0
 5 63 63 2013 MAR 16 12:57:39  2376323999.907   0
 5 25 25 2013 MAR 16 20:48:48  2376904722.298  77
 5 34 34 2013 MAR 17 06:29:38  2377636116.542   0
 5 63 63 2013 MAR 18 14:17:22  2379966869.421   0
 5 25 25 2013 MAR 18 18:37:42  2380286089.334  77
 5 24 24 2013 MAR 19 19:57:33  2382130080.579  77
 5 55 55 2013 MAR 20 09:55:52  2383156328.921   0
 5 45 45 2013 MAR 20 23:13:21  2384120858.614   0
 5 15 15 2013 MAR 21 19:04:09  2385534847.685   0
 5 55 55 2013 MAR 22 13:14:32  2386834578.170   0
 5 26 26 2013 MAR 22 20:38:55  2387360444.737  77
 5 65 65 2013 MAR 23 14:25:13  2388627064.680   0
 5 15 15 2013 MAR 23 18:39:38  2388927619.246   0
 5 65 65 2013 MAR 24 10:16:04  2390035839.449   0
 5 26 26 2013 MAR 24 18:27:33  2390607020.475  77
 5 45 45 2013 MAR 25 02:23:21  2391161765.967   0
 5 26 26 2013 MAR 25 20:20:27  2392414385.787  77
 5 15 15 2013 MAR 26 19:50:14  2394048575.477   0
 5 65 65 2013 MAR 27 17:27:45  2395563096.246   0
 5 15 15 2013 MAR 27 23:05:41  2395936491.027   0
 5 26 26 2013 MAR 28 17:33:07  2397203563.873  77
 5 45 45 2013 MAR 29 00:49:11  2397698197.010   0
 5 63 63 2013 MAR 29 09:03:35  2398268539.048   0
 5 26 26 2013 MAR 29 20:31:20  2399029022.966  77
 5 65 65 2013 MAR 30 14:29:12  2400247216.590   0
 5 15 15 2013 MAR 30 16:30:40  2400395861.310   0
 5 34 34 2013 APR 01 00:18:21  2402518824.592   0
 5 14 14 2013 APR 01 17:38:45  2403667047.567   0
 5 15 15 2013 APR 02 00:08:59  2404103174.313   0
 5 55 55 2013 APR 02 08:06:55  2404637071.855   0
 5 15 15 2013 APR 02 17:32:06  2405240905.471   0
 5 34 34 2013 MAY 11 01:29:34  2451579168.674   0
 5 45 45 2013 MAY 11 05:32:26  2451721904.983   0
 5 54 54 2013 MAY 11 07:22:14  2451776304.082   0
 5 25 25 2013 MAY 11 19:48:09  2452145404.473  77
 5 34 34 2013 MAY 12 03:01:08  2452384728.101   0
 5 54 54 2013 MAY 12 08:56:45  2452563656.278   0
 5 25 25 2013 MAY 12 19:44:34  2452879227.046  77
 5 54 54 2013 MAY 13 09:01:56  2453285582.351   0
 5 25 25 2013 MAY 13 21:04:31  2453627036.819  77
 5 25 25 2013 MAY 14 18:41:57  2454237035.971  77
 5 65 65 2013 MAY 15 08:40:09  2454631615.073   0
 5 15 15 2013 MAY 15 18:32:32  2454884132.512   0
 5 55 55 2013 MAY 16 11:52:44  2455336453.309   0
 5 45 45 2013 MAY 17 04:24:26  2455773925.490   0
 5 65 65 2013 MAY 17 07:40:24  2455852835.156   0
 5 15 15 2013 MAY 17 19:25:29  2456119322.181   0
 5 65 65 2013 MAY 18 10:01:32  2456470851.485   0
 5 55 55 2013 MAY 18 13:17:47  2456544013.997   0
 5 26 26 2013 MAY 18 22:52:40  2456772229.119  77
 5 55 55 2013 MAY 19 10:43:32  2457028950.005   0
 5 25 25 2013 MAY 19 19:00:44  2457207292.133  77
 5 65 65 2013 MAY 20 07:16:07  2457490846.818   0
 5 25 25 2013 MAY 20 14:53:12  2457648858.680  77
 5 14 14 2013 MAY 20 22:24:57  2457789933.975   0
 5 63 63 2013 MAY 21 14:09:58  2458099766.533   0
 5 14 14 2013 MAY 21 16:33:13  2458149738.870   0
 5 25 25 2013 MAY 21 22:24:12  2458261211.553  77
 5 34 34 2013 MAY 22 01:57:55  2458335523.386   0
 5 55 55 2013 MAY 22 15:56:04  2458594236.136   0
 5 54 54 2013 MAY 23 09:57:00  2458902323.512   0
 5 26 26 2013 MAY 23 15:46:43  2459010683.376  77
 5 55 55 2013 MAY 24 09:30:00  2459295464.285   0
 5 25 25 2013 MAY 24 15:34:17  2459399992.334  77
 5 55 55 2013 MAY 25 12:57:06  2459709972.074   0
 5 15 15 2013 MAY 25 20:45:13  2459821719.409   0
 5 55 55 2013 MAY 26 12:59:15  2460045161.206   0
 5 15 15 2013 MAY 26 17:10:54  2460103842.000   0
 5 45 45 2013 MAY 26 22:54:35  2460197081.242   0
 5 65 65 2013 MAY 27 08:47:05  2460306734.253   0
 5 45 45 2013 MAY 28 02:10:00  2460516999.089   0
 5 54 54 2013 MAY 28 06:45:21  2460576532.274   0
 5 55 55 2013 MAY 28 16:32:26  2460677692.678   0
 5 26 26 2013 MAY 29 15:49:52  2460899319.947  77
 5 14 14 2013 MAY 29 22:11:36  2460951591.920   0
 5 54 54 2013 MAY 30 06:17:51  2461041182.788   0
 5 25 25 2013 MAY 30 16:05:46  2461103331.902  77
 5 43 43 2013 MAY 31 01:18:11  2461178188.057   0
 5 45 45 2013 MAY 31 03:36:11  2461198661.631   0
 5 55 55 2013 MAY 31 13:38:17  2461250354.020   0
 5 34 34 2013 JUN 01 03:04:15  2461347486.268   0
 5 55 55 2013 JUN 01 07:27:33  2461371829.968   0
 5 15 15 2013 JUN 01 16:56:32  2461408034.944   0
 5 55 55 2013 JUN 02 11:23:50  2461482756.258   0
 5 25 25 2013 JUN 02 16:41:15  2461507975.518  77
 5 45 45 2013 JUN 02 22:42:39  2461546177.771   0
 5 54 54 2013 JUN 03 14:12:56  2461566765.497   0
 5 25 25 2013 JUN 04 14:12:14  2461616961.378  77
 5 34 34 2013 JUN 04 22:38:17  2461621401.524   0
 5 26 26 2013 JUN 05 19:20:13  2461582065.283  77
 5 34 34 2013 JUN 05 23:28:57  2461598545.406   0
 5 14 14 2013 JUN 06 17:03:34  2461544452.145   0
 5 55 55 2013 JUN 07 09:03:05  2461496305.422   0
 5 25 25 2013 JUN 07 17:32:02  2461457307.027  77
 5 63 63 2013 JUN 08 11:00:53  2461370887.680   0
 5 25 25 2013 JUN 08 21:01:59  2461315083.121  77
 5 55 55 2013 JUN 09 10:45:33  2461223861.321   0
 5 26 26 2013 JUN 09 22:18:56  2461146513.122  77
 5 63 63 2013 JUN 10 08:25:57  2461066071.578   0
 5 15 15 2013 JUN 10 14:06:55  2461030258.677   0
 5 45 45 2013 JUN 11 00:19:40  2460931676.038   0
 5 54 54 2013 JUN 11 10:31:36  2460814082.090   0
 5 15 15 2013 JUN 11 15:47:13  2460769159.405   0
 5 26 26 2013 JUN 12 15:52:22  2460495143.331  77
 5 54 54 2013 JUN 13 07:28:33  2460303179.300   0
 5 25 25 2013 JUN 13 15:57:28  2460182045.553  77
 5 63 63 2013 JUN 14 06:49:59  2459980618.849   0
 5 15 15 2013 JUN 14 16:36:33  2459817783.579   0
 5 45 45 2013 JUN 15 01:11:12  2459694457.569   0
 5 63 63 2013 JUN 15 14:48:57  2459461768.410   0
 5 26 26 2013 JUN 15 18:16:50  2459392573.025  77
 5 15 15 2013 JUN 16 00:35:31  2459309356.248   0
 5 63 63 2013 JUN 16 06:28:10  2459201385.367   0
 5 26 26 2013 JUN 16 18:24:54  2458957445.029  77
 5 54 54 2013 JUN 17 06:18:42  2458753329.942   0
 5 25 25 2013 JUN 17 16:28:34  2458532033.042  77
 5 45 45 2013 JUN 18 03:47:21  2458315277.436   0
 5 25 25 2013 JUN 18 16:01:37  2458036617.288  77
 5 43 43 2013 JUN 19 01:45:17  2457829270.382   0
 5 54 54 2013 JUN 19 14:02:48  2457534270.356   0
 5 34 34 2013 JUN 19 23:49:06  2457316392.374   0
 5 25 25 2013 JUN 20 20:54:41  2456774966.570  77
 5 63 63 2013 JUN 21 10:38:14  2456415991.512   0
 5 15 15 2013 JUN 21 17:17:18  2456239846.283   0
 5 54 54 2013 JUN 22 12:15:37  2455714571.625   0
 5 43 43 2013 JUN 22 22:34:15  2455445103.232   0
 5 65 65 2013 JUN 23 12:13:02  2455018008.404   0
 5 14 14 2013 JUN 23 20:17:29  2454774592.536   0
 5 26 26 2013 JUN 24 14:03:55  2454243222.349  77
 5 25 25 2013 JUN 24 22:03:37  2453974069.290  77
 5 54 54 2013 JUN 25 05:42:44  2453744060.704   0
 5 65 65 2013 JUN 25 10:12:44  2453569334.345   0
 5 25 25 2013 JUN 25 20:13:04  2453233179.595  77
 5 43 43 2013 JUN 25 23:29:18  2453143037.394   0
 5 26 26 2013 JUN 26 13:37:17  2452657524.298  77
 5 43 43 2013 JUN 26 23:25:38  2452306091.540   0
 5 65 65 2013 JUN 27 06:56:09  2452031310.211   0
 5 25 25 2013 JUN 27 19:27:52  2451550477.648  77
 5 34 34 2013 JUN 28 01:00:03  2451361911.581   0
 5 65 65 2013 JUN 28 09:13:31  2451035242.724   0
 5 26 26 2013 JUN 28 14:52:22  2450828035.685  77
 5 43 43 2013 JUN 29 04:18:21  2450313459.322   0
 5 54 54 2013 JUN 29 11:03:16  2450014799.730   0
 5 34 34 2013 JUN 29 22:55:10  2449555105.550   0
 5 54 54 2013 JUN 30 12:14:20  2448975991.938   0
 5 26 26 2013 JUN 30 18:27:23  2448710424.404  77
 5 25 25 2013 JUL 01 14:12:02  2447872515.764  77
 5 34 34 2013 JUL 02 00:07:19  2447429268.856   0
 5 15 15 2013 JUL 02 15:08:33  2446736925.661   0
 5 24 24 2013 JUL 02 19:35:07  2446517377.301  77
 5 26 26 2013 JUL 03 15:10:39  2445602414.943  77
 5 43 43 2013 JUL 04 02:49:51  2445045157.222   0
 5 14 14 2013 JUL 04 17:11:17  2444312225.734   0
 5 43 43 2013 JUL 06 00:03:04  2442740998.169   0
 5 54 54 2013 JUL 06 06:56:56  2442372367.395   0
 5 25 25 2013 JUL 06 18:21:31  2441740828.206  77
 5 26 26 2013 JUL 07 18:11:55  2440424306.576  77
 5 25 25 2013 JUL 08 17:15:42  2439107957.844  77
 5 26 26 2013 JUL 08 21:18:35  2438876322.942  77
 5 34 34 2013 JUL 08 23:14:08  2438780158.825   0
 5 63 63 2013 JUL 09 07:34:14  2438278983.858   0
 5 25 25 2013 JUL 09 19:22:08  2437560267.761  77
 5 43 43 2013 JUL 09 23:10:25  2437353386.581   0
 5 25 25 2013 JUL 10 13:07:26  2436504753.310  77
 5 14 14 2013 JUL 10 19:30:04  2436081301.929   0
 5 43 43 2013 JUL 10 23:01:11  2435885009.516   0
 5 55 55 2013 JUL 11 06:45:54  2435392414.402   0
 5 65 65 2013 JUL 11 12:26:50  2435015308.651   0
 5 25 25 2013 JUL 11 20:58:36  2434471734.986  77
 5 63 63 2013 JUL 12 12:17:18  2433472097.510   0
 5 26 26 2013 JUL 12 20:40:17  2432920300.706  77
 5 54 54 2013 JUL 13 10:00:30  2432025261.570   0
 5 26 26 2013 JUL 13 16:13:25  2431607988.563  77
 5 43 43 2013 JUL 13 22:33:36  2431194698.877   0
 5 54 54 2013 JUL 14 10:14:16  2430363896.069   0
 5 14 14 2013 JUL 14 15:58:04  2429969778.238   0
 5 43 43 2013 JUL 14 23:19:52  2429466855.914   0
 5 26 26 2013 JUL 15 17:23:38  2428155920.912  77
 5 54 54 2013 JUL 16 05:43:32  2427283774.316   0
 5 43 43 2013 JUL 16 22:54:55  2426011328.127   0
 5 25 25 2013 JUL 17 13:17:39  2424931418.140  77
 5 26 26 2013 JUL 17 18:54:19  2424478515.335  77
 5 43 43 2013 JUL 17 22:36:37  2424220533.214   0
 5 54 54 2013 JUL 18 10:39:16  2423267333.802   0
 5 24 24 2013 JUL 18 16:34:49  2422809105.941  77
 5 45 45 2013 JUL 19 04:02:21  2421934251.105   0
 5 15 15 2013 JUL 19 14:53:01  2421055359.161   0
 5 34 34 2013 JUL 19 22:14:48  2420477413.416   0
 5 54 54 2013 JUL 20 11:58:18  2419337951.964   0
 5 26 26 2013 JUL 20 15:43:42  2419036889.166  77
 5 43 43 2013 JUL 21 01:50:35  2418215116.161   0
 5 55 55 2013 JUL 21 05:33:03  2417912726.319   0
 5 65 65 2013 JUL 21 13:44:22  2417209700.280   0
 5 15 15 2013 JUL 21 17:23:55  2416895576.329   0
 5 34 34 2013 JUL 21 22:02:32  2416530021.005   0
 5 14 14 2013 JUL 22 13:17:22  2415227509.527   0
 5 15 15 2013 JUL 22 19:21:40  2414679590.058   0
 5 45 45 2013 JUL 22 23:18:31  2414359281.951   0
 5 65 65 2013 JUL 23 16:47:24  2412835905.981   0
 5 26 26 2013 JUL 23 21:01:52  2412438678.455  77
 5 45 45 2013 JUL 24 03:10:47  2411911348.483   0
 5 15 15 2013 JUL 24 18:18:56  2410526166.698   0
 5 26 26 2013 JUL 25 14:12:21  2408727275.203  77
 5 15 15 2013 JUL 25 20:16:40  2408151307.182   0
 5 45 45 2013 JUL 25 23:58:59  2407824071.819   0
 5 65 65 2013 JUL 26 06:17:45  2407234716.448   0
 5 26 26 2013 JUL 26 17:54:04  2406122084.639  77
 5 34 34 2013 JUL 27 02:23:10  2405338002.723   0
 5 55 55 2013 JUL 27 08:12:37  2404766250.521   0
 5 24 24 2013 JUL 27 15:48:56  2404033044.258  77
 5 34 34 2013 JUL 28 03:25:17  2402925643.023   0
 5 65 65 2013 JUL 28 08:03:08  2402453932.534   0
 5 15 15 2013 JUL 28 15:16:09  2401744977.982   0
 5 43 43 2013 JUL 28 23:21:51  2400953981.595   0
 5 55 55 2013 JUL 29 05:27:15  2400351096.957   0
 5 54 54 2013 JUL 29 11:06:55  2399757871.328   0
 5 25 25 2013 JUL 29 13:22:14  2399553754.159  77
 5 15 15 2013 JUL 29 21:10:57  2398747832.667   0
 5 15 15 2013 JUL 30 13:04:17  2397141783.612   0
 5 24 24 2013 JUL 30 19:23:21  2396464368.621  77
 5 45 45 2013 JUL 30 23:14:33  2396085448.586   0
 5 55 55 2013 JUL 31 07:08:22  2395254207.539   0
 5 25 25 2013 JUL 31 12:55:29  2394660509.403  77
 5 65 65 2013 AUG 01 06:26:49  2392794545.833   0
 5 15 15 2013 AUG 01 13:54:36  2391995367.504   0
 5 24 24 2013 AUG 01 20:01:36  2391319680.901  77
 5 43 43 2013 AUG 01 22:43:53  2391047403.423   0
 5 55 55 2013 AUG 02 06:23:10  2390210726.963   0
 5 25 25 2013 AUG 02 13:36:21  2389423324.815  77
 5 34 34 2013 AUG 03 00:09:33  2388258019.176   0
 5 26 26 2013 AUG 03 17:35:26  2386293752.741  77
 5 43 43 2013 AUG 03 21:58:41  2385825684.986   0
 5 54 54 2013 AUG 04 09:08:38  2384536894.624   0
 5 25 25 2013 AUG 04 17:14:18  2383609350.063  77
 5 34 34 2013 AUG 04 21:43:38  2383120275.445   0
 5 65 65 2013 AUG 05 11:23:53  2381511218.846   0
 5 26 26 2013 AUG 05 15:35:31  2381028427.799  77
 5 54 54 2013 AUG 06 05:08:09  2379457684.554   0
 5 24 24 2013 AUG 06 16:37:49  2378068732.941  77
 5 43 43 2013 AUG 07 02:33:07  2376901866.010   0
 5 55 55 2013 AUG 07 06:24:14  2376432794.160   0
 5 25 25 2013 AUG 07 14:18:07  2375475055.904  77
 5 55 55 2013 AUG 08 10:29:06  2372992476.258   0
 5 26 26 2013 AUG 08 15:49:36  2372337805.582  77
 5 43 43 2013 AUG 08 22:05:22  2371580015.664   0
 5 55 55 2013 AUG 09 05:53:34  2370602839.841   0
 5 26 26 2013 AUG 09 15:51:43  2369334815.963  77
 5 55 55 2013 AUG 10 07:22:04  2367373801.977   0
 5 26 26 2013 AUG 10 17:49:26  2366023100.803  77
 5 54 54 2013 AUG 11 13:31:13  2363480373.936   0
 5 14 14 2013 AUG 11 18:51:45  2362773545.785   0
 5 43 43 2013 AUG 12 02:54:18  2361741737.245   0
 5 55 55 2013 AUG 12 05:10:46  2361443067.355   0
 5 15 15 2013 AUG 12 13:02:25  2360400436.608   0
 5 24 24 2013 AUG 12 18:50:55  2359603686.384  77
 5 63 63 2013 AUG 13 04:59:53  2358273225.451   0
 5 24 24 2013 AUG 13 14:47:16  2356937626.598  77
 5 63 63 2013 AUG 14 04:51:05  2355044020.566   0
 5 26 26 2013 AUG 14 16:33:15  2353412979.146  77
 5 65 65 2013 AUG 15 06:19:44  2351522576.354   0
 5 34 34 2013 AUG 15 22:12:22  2349309704.429   0
 5 55 55 2013 AUG 16 05:35:08  2348269626.610   0
 5 15 15 2013 AUG 16 16:11:15  2346747974.582   0
 5 34 34 2013 AUG 16 21:57:02  2345947703.887   0
 5 54 54 2013 AUG 17 07:38:41  2344543773.954   0
 5 24 24 2013 AUG 17 19:09:04  2342876203.971  77
 5 63 63 2013 AUG 18 06:56:59  2341173319.189   0
 5 24 24 2013 AUG 18 13:36:13  2340206421.256  77
 5 15 15 2013 AUG 18 19:25:43  2339334052.427   0
 5 55 55 2013 AUG 19 06:24:04  2337728999.068   0
 5 14 14 2013 AUG 19 13:03:42  2336746845.727   0
 5 34 34 2013 AUG 19 22:20:41  2335360664.924   0
 5 63 63 2013 AUG 20 06:37:49  2334109956.037   0
 5 24 24 2013 AUG 20 13:59:45  2333000108.023  77
 5 45 45 2013 AUG 20 21:56:30  2331803951.251   0
 5 63 63 2013 AUG 21 04:42:46  2330778068.359   0
 5 14 14 2013 AUG 21 13:56:02  2329354180.925   0
 5 43 43 2013 AUG 21 22:27:45  2328046998.251   0
 5 63 63 2013 AUG 22 05:55:24  2326891174.824   0
 5 24 24 2013 AUG 22 13:52:18  2325652776.458  77
 5 26 26 2013 AUG 22 21:37:20  2324439308.179  77
 5 55 55 2013 AUG 23 09:35:58  2322545083.034   0
 5 25 25 2013 AUG 23 13:45:40  2321903411.737  77
 5 45 45 2013 AUG 23 21:30:56  2320682418.126   0
 5 65 65 2013 AUG 24 05:21:48  2319430262.875   0
 5 55 55 2013 AUG 24 11:17:08  2318460918.052   0
 5 25 25 2013 AUG 24 13:44:49  2318081630.123  77
 5 45 45 2013 AUG 24 21:12:57  2316889798.426   0
 5 63 63 2013 AUG 25 12:34:00  2314381098.864   0
 5 24 24 2013 AUG 25 16:45:36  2313693128.359  77
 5 34 34 2013 AUG 25 22:29:15  2312776161.193   0
 5 55 55 2013 AUG 26 04:52:02  2311735541.749   0
 5 14 14 2013 AUG 26 12:40:45  2310446135.815   0
 5 26 26 2013 AUG 26 20:50:27  2309078065.716  77
 5 55 55 2013 AUG 27 04:43:13  2307785592.347   0
 5 26 26 2013 AUG 27 13:55:54  2306231683.583  77
 5 24 24 2013 AUG 27 20:32:12  2305113408.000  77
 5 26 26 2013 AUG 28 15:33:12  2301889511.064  77
 5 55 55 2013 AUG 29 06:06:17  2299411309.400   0
 5 25 25 2013 AUG 29 17:57:10  2297350098.058  77
 5 65 65 2013 AUG 30 07:02:47  2295086146.503   0
 5 24 24 2013 AUG 30 15:02:27  2293684964.525  77
 5 34 34 2013 AUG 30 21:30:03  2292566914.042   0
 5 65 65 2013 AUG 31 06:59:06  2290880929.986   0
 5 25 25 2013 AUG 31 13:29:26  2289734507.770  77
 5 65 65 2013 SEP 01 07:01:15  2286598430.357   0
 5 14 14 2013 SEP 01 14:22:59  2285275327.629   0
 5 45 45 2013 SEP 01 20:51:34  2284122125.957   0
 5 55 55 2013 SEP 02 06:54:38  2282283451.665   0
 5 26 26 2013 SEP 02 18:25:07  2280172164.078  77
 5 55 55 2013 SEP 03 06:33:28  2277955386.717   0
 5 25 25 2013 SEP 03 18:15:36  2275777461.317  77
 5 63 63 2013 SEP 04 05:46:04  2273653993.000   0
 5 14 14 2013 SEP 04 13:40:02  2272172552.248   0
 5 26 26 2013 SEP 04 17:25:17  2271451312.122  77
 5 43 43 2013 SEP 04 22:14:51  2270562789.777   0
 5 54 54 2013 SEP 05 07:38:01  2268776677.690   0
 5 26 26 2013 SEP 05 17:18:42  2266930832.418  77
 5 54 54 2013 SEP 06 07:16:51  2264269167.545   0
 5 15 15 2013 SEP 06 15:31:45  2262678222.466   0
 5 55 55 2013 SEP 07 06:58:39  2259693810.142   0
 5 24 24 2013 SEP 07 16:24:49  2257845781.304  77
 5 43 43 2013 SEP 07 22:26:11  2256684481.232   0
 5 55 55 2013 SEP 08 06:43:22  2255050495.750   0
 5 15 15 2013 SEP 08 16:24:10  2253129629.874   0
 5 43 43 2013 SEP 08 22:10:53  2252002542.537   0
 5 63 63 2013 SEP 09 06:36:51  2250318972.237   0
 5 26 26 2013 SEP 09 12:21:49  2249184534.232  77
 5 45 45 2013 SEP 09 20:33:53  2247543334.687   0
 5 55 55 2013 SEP 10 06:22:11  2245557049.366   0
 5 25 25 2013 SEP 10 15:30:22  2243699953.527  77
 5 45 45 2013 SEP 10 20:22:08  2242737168.883   0
 5 63 63 2013 SEP 11 05:28:27  2240874992.745   0
 5 26 26 2013 SEP 11 14:06:53  2239099490.161  77
 5 45 45 2013 SEP 11 21:22:05  2237620228.421   0
 5 63 63 2013 SEP 12 05:19:03  2235980890.051   0
 5 25 25 2013 SEP 12 13:45:45  2234226289.354  77
 5 43 43 2013 SEP 12 21:15:36  2232676865.125   0
 5 55 55 2013 SEP 13 09:12:20  2230162710.988   0
 5 14 14 2013 SEP 13 13:21:45  2229307041.014   0
 5 25 25 2013 SEP 13 15:16:37  2228893333.219  77
 5 26 26 2013 SEP 13 22:50:02  2227326142.098  77
 5 63 63 2013 SEP 14 04:51:28  2226052223.218   0
 5 25 25 2013 SEP 14 15:01:21  2223880863.398  77
 5 55 55 2013 SEP 15 04:44:16  2220978276.140   0
 5 25 25 2013 SEP 15 15:57:55  2218549471.661  77
 5 65 65 2013 SEP 16 06:01:56  2215530820.932   0
 5 25 25 2013 SEP 16 13:55:47  2213816878.210  77
 5 43 43 2013 SEP 16 21:46:50  2212116425.165   0
 5 14 14 2013 SEP 17 13:37:35  2208647661.951   0
 5 25 25 2013 SEP 17 15:47:45  2208159554.747  77
 5 45 45 2013 SEP 17 20:15:17  2207203757.887   0
 5 55 55 2013 SEP 18 05:22:37  2205184755.194   0
 5 25 25 2013 SEP 18 15:38:19  2202894839.692  77
 5 54 54 2013 SEP 19 05:27:45  2199831931.325   0
 5 25 25 2013 SEP 19 13:12:52  2198094973.629  77
 5 43 43 2013 SEP 19 21:06:54  2196324682.894   0
 5 26 26 2013 SEP 20 13:12:13  2192687171.241  77
 5 43 43 2013 SEP 20 20:48:44  2190965521.347   0
 5 63 63 2013 SEP 21 05:11:44  2189053447.891   0
 5 25 25 2013 SEP 21 14:26:13  2186927320.087  77
 5 55 55 2013 SEP 22 06:34:32  2183217494.732   0
 5 45 45 2013 SEP 22 20:15:40  2180062745.773   0
 5 65 65 2013 SEP 23 04:26:53  2178158384.067   0
 5 25 25 2013 SEP 23 13:38:12  2175999177.787  77
 5 43 43 2013 SEP 23 20:04:45  2174502200.627   0
 5 55 55 2013 SEP 24 05:25:59  2172294129.324   0
 5 26 26 2013 SEP 24 13:28:46  2170390096.366  77
 5 34 34 2013 SEP 24 19:55:54  2168874674.087   0
 5 65 65 2013 SEP 25 05:48:37  2166514974.370   0
 5 25 25 2013 SEP 25 13:19:17  2164722351.746  77
 5 45 45 2013 SEP 25 21:32:01  2162758664.511   0
 5 26 26 2013 SEP 26 13:33:11  2158898578.128  77
 5 34 34 2013 SEP 26 21:16:44  2157034745.154   0
 5 55 55 2013 SEP 27 04:51:48  2155197421.513   0
 5 25 25 2013 SEP 27 12:54:32  2153233757.162  77
 5 43 43 2013 SEP 27 21:01:25  2151252252.658   0
 5 65 65 2013 SEP 28 05:02:47  2149285917.785   0
 5 24 24 2013 SEP 28 13:59:49  2147072468.256  77
 5 45 45 2013 SEP 28 20:49:04  2145398435.748   0
 5 55 55 2013 SEP 29 05:59:14  2143119896.467   0
 5 25 25 2013 SEP 29 13:59:04  2141127371.054  77
 5 43 43 2013 SEP 29 21:38:18  2139224106.346   0
 5 63 63 2013 SEP 30 05:43:57  2137197022.404   0
 5 14 14 2013 SEP 30 13:58:20  2135121986.680   0
 5 43 43 2013 SEP 30 21:28:50  2133236663.710   0
 5 55 55 2013 OCT 01 04:04:27  2131581305.042   0
 5 14 14 2013 OCT 01 13:05:05  2129284791.440   0
 5 43 43 2013 OCT 01 21:16:25  2127202514.834   0
 5 63 63 2013 OCT 02 05:13:22  2125174500.480   0
 5 25 25 2013 OCT 02 13:10:09  2123135647.326  77
 5 34 34 2013 OCT 02 21:01:09  2121121715.484   0
 5 63 63 2013 OCT 03 05:00:58  2119062131.720   0
 5 26 26 2013 OCT 03 13:09:23  2116951884.820  77
 5 55 55 2013 OCT 04 04:42:43  2112916993.859   0
 5 26 26 2013 OCT 04 14:08:50  2110439071.558  77
 5 55 55 2013 OCT 05 04:36:07  2106661043.614   0
 5 25 25 2013 OCT 05 12:32:52  2104563447.819  77
 5 34 34 2013 OCT 05 20:12:21  2102541609.652   0
 5 63 63 2013 OCT 06 04:13:30  2100419210.966   0
 5 26 26 2013 OCT 06 13:44:00  2097874374.854  77
 5 34 34 2013 OCT 06 19:54:08  2096241168.273   0
 5 55 55 2013 OCT 07 06:11:34  2093474449.218   0
 5 25 25 2013 OCT 07 13:19:55  2091558732.353  77
 5 34 34 2013 OCT 07 19:53:45  2089801409.043   0
 5 54 54 2013 OCT 08 05:47:31  2087119063.051   0
 5 14 14 2013 OCT 08 13:19:12  2085078328.129   0
 5 45 45 2013 OCT 08 20:58:41  2083001082.054   0
 5 14 14 2013 OCT 09 13:33:06  2078471710.411   0
 5 34 34 2013 OCT 09 19:25:12  2076877908.140   0
 5 54 54 2013 OCT 10 08:48:55  2073169508.931   0
 5 24 24 2013 OCT 10 14:26:47  2071619782.131  77
 5 43 43 2013 OCT 10 20:22:20  2069994511.550   0
 5 54 54 2013 OCT 11 04:50:59  2067644759.193   0
 5 14 14 2013 OCT 11 12:27:41  2065527297.999   0
 5 25 25 2013 OCT 11 18:14:19  2063900645.756  77
 5 43 43 2013 OCT 11 20:21:37  2063325260.954   0
 5 34 34 2013 OCT 12 22:01:56  2056118866.159   0
 5 54 54 2013 OCT 13 06:04:32  2053849157.706   0
 5 26 26 2013 OCT 13 19:42:17  2049988890.389  77
 5 54 54 2013 OCT 14 07:53:36  2046516054.436   0
 5 26 26 2013 OCT 14 13:25:50  2044944773.413  77
 5 43 43 2013 OCT 14 19:27:01  2043237098.508   0
 5 65 65 2013 OCT 15 05:28:13  2040356778.722   0
 5 14 14 2013 OCT 15 13:01:49  2038182981.149   0
 5 45 45 2013 OCT 15 22:48:50  2035359816.384   0
 5 54 54 2013 OCT 16 06:33:30  2033118681.536   0
 5 26 26 2013 OCT 16 12:58:13  2031266643.261  77
 5 45 45 2013 OCT 16 21:12:31  2028873355.023   0
 5 63 63 2013 OCT 17 04:43:11  2026692320.630   0
 5 54 54 2013 OCT 17 06:56:12  2026032079.233   0
 5 26 26 2013 OCT 17 12:48:48  2024324434.123  77
 5 34 34 2013 OCT 17 20:22:15  2022114459.403   0
 5 65 65 2013 OCT 18 04:54:14  2019611379.297   0
 5 24 24 2013 OCT 18 12:18:58  2017430662.073  77
 5 45 45 2013 OCT 18 22:25:58  2014437072.541   0
 5 65 65 2013 OCT 19 06:31:38  2012039179.200   0
 5 26 26 2013 OCT 19 14:08:04  2009780302.346  77
 5 34 34 2013 OCT 19 22:19:28  2007347996.839   0
 5 25 25 2013 OCT 20 12:08:58  2003230240.061  77
 5 43 43 2013 OCT 20 21:23:27  2000453634.543   0
 5 55 55 2013 OCT 21 05:17:30  1998082916.717   0
 5 14 14 2013 OCT 21 11:34:41  1996198846.870   0
 5 24 24 2013 OCT 21 15:09:56  1995094526.965  77
 5 26 26 2013 OCT 21 19:44:49  1993720831.762  77
 5 55 55 2013 OCT 22 05:11:03  1990868328.346   0
 5 14 14 2013 OCT 22 11:34:34  1988936977.317   0
 5 34 34 2013 OCT 22 22:51:32  1985489335.993   0
 5 55 55 2013 OCT 23 05:13:22  1983553194.511   0
 5 26 26 2013 OCT 23 14:59:55  1980549540.052  77
 5 55 55 2013 OCT 24 04:34:49  1976396936.564   0
 5 25 25 2013 OCT 24 14:15:32  1973399708.283  77
 5 43 43 2013 OCT 24 20:02:22  1971625862.348   0
 5 63 63 2013 OCT 25 08:10:47  1967850586.498   0
 5 14 14 2013 OCT 25 12:28:04  1966532861.194   0
 5 43 43 2013 OCT 25 20:04:39  1964165492.867   0
 5 65 65 2013 OCT 26 07:41:02  1960530566.791   0
 5 14 14 2013 OCT 26 16:04:04  1957903366.088   0
 5 55 55 2013 OCT 27 03:51:04  1954228507.079   0
 5 65 65 2013 OCT 27 11:51:58  1951691170.797   0
 5 26 26 2013 OCT 27 19:08:00  1949394801.307  77
 5 55 55 2013 OCT 28 03:42:12  1946699965.667   0
 5 25 25 2013 OCT 28 13:32:18  1943561964.703  77
 5 34 34 2013 OCT 28 19:10:18  1941783066.040   0
 5 65 65 2013 OCT 29 05:28:58  1938487824.001   0
 5 34 34 2013 OCT 29 19:14:29  1934093623.333   0
 5 55 55 2013 OCT 30 04:50:24  1931008890.282   0
 5 26 26 2013 OCT 30 12:56:07  1928398334.115  77
 5 43 43 2013 OCT 30 19:01:52  1926441626.590   0
 5 55 55 2013 OCT 31 04:26:28  1923398044.928   0
 5 26 26 2013 OCT 31 12:46:47  1920688708.651  77
 5 45 45 2013 OCT 31 19:56:56  1918362430.635   0
 5 55 55 2013 NOV 01 05:40:35  1915190965.727   0
 5 26 26 2013 NOV 01 12:11:10  1913072220.293  77
 5 45 45 2013 NOV 01 19:47:34  1910583469.809   0
 5 63 63 2013 NOV 02 05:22:28  1907439477.643   0
 5 14 14 2013 NOV 02 13:42:48  1904692880.399   0
 5 45 45 2013 NOV 02 19:38:10  1902752080.905   0
 5 63 63 2013 NOV 03 05:30:37  1899488867.094   0
 5 24 24 2013 NOV 03 11:25:57  1897540910.133  77
 5 14 14 2013 NOV 03 13:30:06  1896840942.907   0
 5 45 45 2013 NOV 03 19:14:13  1894950628.704   0
 5 65 65 2013 NOV 04 05:21:17  1891583886.441   0
 5 14 14 2013 NOV 04 11:20:50  1889599453.500   0
 5 43 43 2013 NOV 04 19:01:54  1887032937.882   0
 5 55 55 2013 NOV 05 05:03:11  1883677666.083   0
 5 26 26 2013 NOV 05 13:02:59  1880993658.999  77
 5 34 34 2013 NOV 05 18:52:34  1879047748.856   0
 5 65 65 2013 NOV 06 05:02:35  1875621559.722   0
 5 25 25 2013 NOV 06 12:33:10  1873088328.610  77
 5 34 34 2013 NOV 06 18:27:36  1871102653.419   0
 5 54 54 2013 NOV 07 04:35:41  1867666813.788   0
 5 14 14 2013 NOV 07 12:38:18  1864933363.614   0
 5 34 34 2013 NOV 07 19:48:31  1862497487.775   0
 5 54 54 2013 NOV 08 05:55:36  1859046116.937   0
 5 14 14 2013 NOV 08 12:20:08  1856864213.248   0
 5 34 34 2013 NOV 08 18:10:40  1854876910.951   0
 5 55 55 2013 NOV 09 05:57:52  1850823339.957   0
 5 26 26 2013 NOV 09 12:01:58  1848747896.264  77
 5 54 54 2013 NOV 10 06:57:22  1842219499.184   0
 5 26 26 2013 NOV 10 11:44:11  1840582844.044  77
 5 45 45 2013 NOV 10 19:02:51  1838053133.878   0
 5 55 55 2013 NOV 11 05:24:28  1834456840.399   0
 5 24 24 2013 NOV 11 12:34:34  1831968443.762  77
 5 45 45 2013 NOV 11 18:53:28  1829777805.517   0
 5 54 54 2013 NOV 12 06:18:09  1825789428.632   0
 5 14 14 2013 NOV 12 12:36:49  1823590466.517   0
 5 45 45 2013 NOV 12 18:55:44  1821387315.459   0
 5 63 63 2013 NOV 13 06:02:53  1817481109.075   0
 5 45 45 2013 NOV 13 18:17:09  1813194946.102   0
 5 63 63 2013 NOV 14 05:53:28  1809093059.924   0
 5 25 25 2013 NOV 14 12:12:12  1806870579.450  77
 5 45 45 2013 NOV 14 18:01:30  1804821494.912   0
 5 65 65 2013 NOV 15 03:48:26  1801355885.141   0
 5 14 14 2013 NOV 15 11:54:05  1798478604.378   0
 5 55 55 2013 NOV 16 03:59:38  1792757057.846   0
 5 54 54 2013 NOV 16 07:56:30  1791332126.417   0
 5 24 24 2013 NOV 16 11:31:08  1790071996.138  77
 5 45 45 2013 NOV 16 19:12:23  1787320536.192   0
 5 55 55 2013 NOV 17 04:56:01  1783837587.491   0
 5 54 54 2013 NOV 17 09:10:35  1782307045.508   0
 5 34 34 2013 NOV 17 21:27:46  1777896412.606   0
 5 55 55 2013 NOV 18 05:15:47  1775094162.768   0
 5 25 25 2013 NOV 18 10:58:03  1773049941.779  77
 5 55 55 2013 NOV 19 04:43:03  1766627081.808   0
 5 26 26 2013 NOV 19 10:47:04  1764439281.764  77
 5 45 45 2013 NOV 19 18:32:28  1761618115.825   0
 5 63 63 2013 NOV 20 04:19:06  1758063754.897   0
 5 26 26 2013 NOV 20 10:41:05  1755753981.155  77
 5 34 34 2013 NOV 20 18:34:43  1752867312.402   0
 5 63 63 2013 NOV 21 06:14:01  1748598151.076   0
 5 25 25 2013 NOV 21 12:12:23  1746418461.686  77
 5 54 54 2013 NOV 22 05:53:00  1739926606.716   0
 5 26 26 2013 NOV 22 13:23:43  1737161198.358  77
 5 45 45 2013 NOV 22 19:19:03  1734985284.787   0
 5 63 63 2013 NOV 23 05:46:33  1731122242.417   0
 5 26 26 2013 NOV 23 13:05:35  1728416399.958  77
 5 63 63 2013 NOV 24 05:31:24  1722329710.252   0
 5 25 25 2013 NOV 24 13:10:47  1719483204.956  77
 5 63 63 2013 NOV 25 04:44:08  1713698160.641   0
 5 43 43 2013 NOV 25 20:17:24  1707882530.421   0
 5 63 63 2013 NOV 26 04:28:58  1704823824.281   0
 5 14 14 2013 NOV 26 10:41:39  1702504306.911   0
 5 43 43 2013 NOV 26 18:12:34  1699677084.776   0
 5 55 55 2013 NOV 27 04:10:53  1695927243.716   0
 5 14 14 2013 NOV 27 16:01:50  1691448040.719   0
 5 65 65 2013 NOV 28 04:19:03  1686822059.491   0
 5 25 25 2013 NOV 28 11:58:19  1683923872.212  77
 5 63 63 2013 NOV 29 03:49:16  1677920256.334   0
 5 26 26 2013 NOV 29 11:51:55  1674858572.690  77
 5 45 45 2013 NOV 29 17:25:08  1672753960.092   0
 5 65 65 2013 NOV 30 04:48:53  1668401834.830   0
 5 24 24 2013 NOV 30 11:16:22  1665942993.143  77
 5 43 43 2013 NOV 30 18:44:10  1663085596.984   0
 5 63 63 2013 DEC 01 06:35:09  1658542193.043   0
 5 34 34 2013 DEC 01 18:34:52  1653949686.951   0
 5 54 54 2013 DEC 02 04:27:18  1650156376.308   0
 5 26 26 2013 DEC 02 12:18:18  1647131638.086  77
 5 54 54 2013 DEC 03 04:20:53  1640949329.046   0
 5 45 45 2013 DEC 03 18:10:23  1635605580.330   0
 5 54 54 2013 DEC 04 04:29:04  1631610423.184   0
 5 45 45 2013 DEC 04 17:58:08  1626380485.110   0
 5 63 63 2013 DEC 05 05:22:54  1621935960.521   0
 5 43 43 2013 DEC 05 17:45:56  1617121132.308   0
 5 54 54 2013 DEC 06 03:53:00  1613173789.325   0
 5 34 34 2013 DEC 06 17:16:13  1607945401.665   0
 5 63 63 2013 DEC 07 03:35:14  1603905081.355   0
 5 54 54 2013 DEC 07 07:30:36  1602352581.075   0
 5 45 45 2013 DEC 07 17:09:44  1598583736.987   0
 5 55 55 2013 DEC 08 05:03:43  1593897993.050   0
 5 45 45 2013 DEC 10 22:19:48  1568121074.267   0
 5 65 65 2013 DEC 11 04:21:20  1565739694.604   0
 5 14 14 2013 DEC 11 11:40:20  1562834616.231   0
 5 43 43 2013 DEC 11 17:32:52  1560503714.733   0
 5 54 54 2013 DEC 12 05:48:36  1555616187.298   0
 5 45 45 2013 DEC 12 17:51:51  1550821896.189   0
 5 63 63 2013 DEC 13 02:58:35  1547195901.486   0
 5 65 65 2013 DEC 13 07:15:52  1545466006.200   0
 5 26 26 2013 DEC 13 11:07:05  1543939269.553  77
 5 45 45 2013 DEC 13 20:42:01  1540095664.471   0
 5 55 55 2013 DEC 14 03:00:57  1537588482.137   0
 5 26 26 2013 DEC 14 10:54:50  1534422169.987  77
 5 43 43 2013 DEC 14 18:40:04  1531305741.198   0
 5 54 54 2013 DEC 15 02:48:58  1528052235.571   0
 5 25 25 2013 DEC 15 12:35:16  1524112827.851  77
 5 55 55 2013 DEC 16 05:55:32  1517140301.449   0
 5 26 26 2013 DEC 16 12:28:51  1514502476.382  77
 5 43 43 2013 DEC 16 20:20:46  1511328348.483   0
 5 55 55 2013 DEC 17 04:24:09  1508089030.693   0
 5 26 26 2013 DEC 17 12:19:29  1504887355.438  77
 5 45 45 2013 DEC 17 21:51:35  1501030401.292   0
 5 55 55 2013 DEC 18 05:33:57  1497918100.359   0
 5 24 24 2013 DEC 18 11:29:19  1495527374.595  77
 5 34 34 2013 DEC 18 17:24:54  1493129942.700   0
 5 65 65 2013 DEC 19 05:15:22  1488324330.182   0
 5 26 26 2013 DEC 19 13:32:33  1484958236.496  77
 5 63 63 2013 DEC 20 03:35:07  1479268561.470   0
 5 65 65 2013 DEC 20 06:52:50  1477917127.662   0
 5 26 26 2013 DEC 20 16:53:59  1473846513.200  77
 5 65 65 2013 DEC 21 08:50:52  1467351615.439   0
 5 25 25 2013 DEC 21 15:04:57  1464804229.018  77
 5 65 65 2013 DEC 22 04:55:54  1459159507.590   0
 5 14 14 2013 DEC 22 12:00:15  1456271037.256   0
 5 26 26 2013 DEC 22 16:43:54  1454338728.580  77
 5 65 65 2013 DEC 23 04:02:43  1449716910.903   0
 5 34 34 2013 DEC 23 17:49:16  1444074526.908   0
 5 63 63 2013 DEC 24 03:56:15  1439932106.264   0
 5 54 54 2013 DEC 24 07:53:17  1438304510.019   0
 5 25 25 2013 DEC 24 11:41:32  1436748534.872  77
 5 43 43 2013 DEC 24 16:01:35  1434983117.372   0
 5 55 55 2013 DEC 25 05:36:35  1429388611.496   0
 5 25 25 2013 DEC 25 11:20:28  1427039348.766  77
 5 43 43 2013 DEC 25 19:20:14  1423742261.248   0
 5 63 63 2013 DEC 26 03:46:14  1420284022.487   0
 5 25 25 2013 DEC 26 13:28:24  1416278240.682  77
 5 45 45 2013 DEC 26 16:46:00  1414935044.109   0
 5 55 55 2013 DEC 27 05:26:32  1409701031.744   0
 5 26 26 2013 DEC 27 11:04:34  1407384444.729  77
 5 43 43 2013 DEC 27 16:39:32  1405084428.859   0
 5 65 65 2013 DEC 28 04:42:10  1400104596.896   0
 5 25 25 2013 DEC 28 10:40:36  1397643860.916  77
 5 55 55 2013 DEC 29 04:26:57  1390290762.341   0
 5 15 15 2013 DEC 29 10:19:30  1387868266.446   0
 5 54 54 2013 DEC 30 03:48:26  1380625569.950   0
 5 65 65 2013 DEC 30 06:04:22  1379679099.562   0
 5 26 26 2013 DEC 30 10:04:16  1378037499.763  77
 5 55 55 2013 DEC 31 03:39:03  1370743899.829   0
 5 63 63 2013 DEC 31 05:46:15  1369856331.858   0
 5 26 26 2013 DEC 31 13:34:26  1366616411.772  77
